# Blender 4.0.2
# www.blender.org
mtllib glock.mtl
o Cube
v 0.145503 0.195842 -1.014689
v 0.145737 0.200000 -0.993901
v 0.000000 0.195242 0.185330
v 0.145575 0.197127 -1.013672
v 0.145640 0.198286 -1.010719
v 0.014039 0.193859 0.185330
v 0.145692 0.199206 -1.006120
v 0.145725 0.199796 -1.000325
v 0.027538 0.189764 0.185330
v 0.195842 0.145503 -1.014689
v 0.039980 0.183114 0.185330
v 0.200000 0.145737 -0.993901
v 0.197127 0.145575 -1.013672
v 0.050884 0.174165 0.185330
v 0.198286 0.145640 -1.010719
v 0.199206 0.145692 -1.006120
v 0.059834 0.163260 0.185330
v 0.199796 0.145725 -1.000325
v 0.156880 0.194560 -1.014689
v 0.066484 0.150819 0.185330
v 0.157811 0.198639 -0.993901
v 0.157168 0.195821 -1.013672
v 0.070579 0.137320 0.185330
v 0.157428 0.196958 -1.010719
v 0.157634 0.197860 -1.006120
v 0.157766 0.198440 -1.000325
v 0.071961 0.123281 0.185330
v 0.167465 0.190857 -1.014689
v 0.169281 0.194626 -0.993901
v 0.070579 0.109242 0.185330
v 0.168026 0.192021 -1.013672
v 0.168532 0.193072 -1.010719
v 0.066484 0.095742 0.185330
v 0.168934 0.193906 -1.006120
v 0.169192 0.194442 -1.000325
v 0.059834 0.083301 0.185330
v 0.176961 0.184890 -1.014689
v 0.050884 0.072396 0.185330
v 0.179569 0.188161 -0.993901
v 0.177767 0.185901 -1.013672
v 0.178494 0.186813 -1.010719
v 0.039980 0.063447 0.185330
v 0.179071 0.187537 -1.006120
v 0.027538 0.056797 0.185330
v 0.179442 0.188001 -1.000325
v 0.184890 0.176961 -1.014689
v 0.014039 0.052702 0.185330
v 0.188161 0.179569 -0.993901
v 0.185901 0.177767 -1.013672
v 0.000000 0.051319 0.185330
v 0.186813 0.178494 -1.010719
v 0.187537 0.179071 -1.006120
v -0.014039 0.052702 0.185330
v 0.188001 0.179442 -1.000325
v 0.190857 0.167465 -1.014689
v -0.027538 0.056797 0.185330
v 0.194626 0.169281 -0.993901
v 0.192021 0.168026 -1.013672
v -0.039980 0.063447 0.185330
v 0.193072 0.168532 -1.010719
v 0.193906 0.168934 -1.006120
v -0.050884 0.072396 0.185330
v 0.194442 0.169192 -1.000325
v 0.194560 0.156880 -1.014689
v 0.198639 0.157811 -0.993901
v -0.059834 0.083301 0.185330
v 0.195821 0.157168 -1.013672
v 0.196958 0.157428 -1.010719
v -0.066484 0.095742 0.185330
v 0.197860 0.157634 -1.006120
v 0.198440 0.157766 -1.000325
v -0.070579 0.109242 0.185330
v 0.195842 -0.145503 -1.014689
v -0.071961 0.123281 0.185330
v 0.200000 -0.145737 -0.993901
v 0.197127 -0.145575 -1.013672
v -0.070579 0.137320 0.185330
v 0.198286 -0.145640 -1.010719
v 0.199206 -0.145692 -1.006120
v -0.066484 0.150819 0.185330
v 0.199796 -0.145725 -1.000325
v 0.145503 -0.195842 -1.014689
v -0.059834 0.163260 0.185330
v 0.145737 -0.200000 -0.993901
v 0.145575 -0.197127 -1.013672
v 0.145640 -0.198286 -1.010719
v -0.050884 0.174165 0.185330
v 0.145692 -0.199206 -1.006120
v 0.145725 -0.199796 -1.000325
v -0.039980 0.183114 0.185330
v 0.194560 -0.156880 -1.014689
v -0.027538 0.189764 0.185330
v 0.198639 -0.157811 -0.993901
v 0.195821 -0.157168 -1.013672
v 0.196958 -0.157428 -1.010719
v -0.014039 0.193859 0.185330
v 0.197860 -0.157634 -1.006120
v 0.198440 -0.157766 -1.000325
v 0.190857 -0.167465 -1.014689
v 0.194626 -0.169281 -0.993901
v 0.192021 -0.168026 -1.013672
v 0.193072 -0.168532 -1.010719
v 0.193906 -0.168934 -1.006120
v 0.194442 -0.169192 -1.000325
v 0.184890 -0.176961 -1.014689
v 0.188161 -0.179569 -0.993901
v 0.185901 -0.177767 -1.013672
v 0.186813 -0.178494 -1.010719
v 0.187537 -0.179071 -1.006120
v 0.188001 -0.179442 -1.000325
v 0.176961 -0.184890 -1.014689
v 0.179569 -0.188161 -0.993901
v 0.177767 -0.185901 -1.013672
v 0.178494 -0.186813 -1.010719
v 0.179071 -0.187537 -1.006120
v 0.179442 -0.188001 -1.000325
v 0.167465 -0.190857 -1.014689
v 0.169281 -0.194626 -0.993901
v 0.168026 -0.192021 -1.013672
v 0.168532 -0.193072 -1.010719
v 0.168934 -0.193906 -1.006120
v 0.169192 -0.194442 -1.000325
v 0.156880 -0.194560 -1.014689
v 0.157811 -0.198639 -0.993901
v 0.157168 -0.195821 -1.013672
v 0.157428 -0.196958 -1.010719
v 0.157634 -0.197860 -1.006120
v 0.157766 -0.198440 -1.000325
v 0.195842 0.145503 0.985311
v 0.200000 0.145737 0.964522
v 0.197127 0.145575 0.984293
v 0.198286 0.145640 0.981341
v 0.199206 0.145692 0.976741
v 0.199796 0.145725 0.970946
v 0.145503 0.195842 0.985311
v 0.145737 0.200000 0.964522
v 0.145575 0.197127 0.984293
v 0.145640 0.198286 0.981341
v 0.145692 0.199206 0.976741
v 0.145725 0.199796 0.970946
v 0.194560 0.156880 0.985311
v 0.198639 0.157811 0.964522
v 0.195821 0.157168 0.984293
v 0.196958 0.157428 0.981341
v 0.197860 0.157634 0.976741
v 0.198440 0.157766 0.970946
v 0.190857 0.167465 0.985311
v 0.194626 0.169281 0.964522
v 0.192021 0.168026 0.984293
v 0.193072 0.168532 0.981341
v 0.193906 0.168934 0.976741
v 0.194442 0.169192 0.970946
v 0.184890 0.176961 0.985311
v 0.188161 0.179569 0.964522
v 0.185901 0.177767 0.984293
v 0.186813 0.178494 0.981341
v 0.187537 0.179071 0.976741
v 0.188001 0.179442 0.970946
v 0.176961 0.184890 0.985311
v 0.179569 0.188161 0.964522
v 0.177767 0.185901 0.984293
v 0.178494 0.186813 0.981341
v 0.179071 0.187537 0.976741
v 0.179442 0.188001 0.970946
v 0.167465 0.190857 0.985311
v 0.169281 0.194626 0.964522
v 0.168026 0.192021 0.984293
v 0.168532 0.193072 0.981341
v 0.168934 0.193906 0.976741
v 0.169192 0.194442 0.970946
v 0.156880 0.194560 0.985311
v 0.157811 0.198639 0.964522
v 0.157168 0.195821 0.984293
v 0.157428 0.196958 0.981341
v 0.157634 0.197860 0.976741
v 0.157766 0.198440 0.970946
v 0.145503 -0.195842 1.003704
v 0.145737 -0.200000 0.982916
v 0.145575 -0.197127 1.002687
v 0.145640 -0.198286 0.999734
v 0.145692 -0.199206 0.995135
v 0.145725 -0.199796 0.989339
v 0.195842 -0.145503 1.003704
v 0.200000 -0.145737 0.964522
v 0.197127 -0.145575 1.002687
v 0.198286 -0.145640 0.999734
v 0.199206 -0.145692 0.995135
v 0.199796 -0.145725 0.970946
v 0.156880 -0.194560 1.003704
v 0.157811 -0.198639 0.982916
v 0.157168 -0.195821 1.002687
v 0.157428 -0.196958 0.999734
v 0.157634 -0.197860 0.995135
v 0.157766 -0.198440 0.989339
v 0.167465 -0.190857 1.003704
v 0.169281 -0.194626 0.982916
v 0.168026 -0.192021 1.002687
v 0.168532 -0.193072 0.999734
v 0.168934 -0.193906 0.995135
v 0.169192 -0.194442 0.989339
v 0.176961 -0.184890 1.003704
v 0.179569 -0.188161 0.982916
v 0.177767 -0.185901 1.002687
v 0.178494 -0.186813 0.999734
v 0.179071 -0.187537 0.995135
v 0.179442 -0.188001 0.989339
v 0.184890 -0.176961 1.003704
v 0.188161 -0.179569 0.982916
v 0.185901 -0.177767 1.002687
v 0.186813 -0.178494 0.999734
v 0.187537 -0.179071 0.995135
v 0.188001 -0.179442 0.989339
v 0.190857 -0.167465 1.003704
v 0.194626 -0.169281 0.982916
v 0.192021 -0.168026 1.002687
v 0.193072 -0.168532 0.999734
v 0.193906 -0.168934 0.995135
v 0.194442 -0.169192 0.989339
v 0.194560 -0.156880 1.003704
v 0.198639 -0.157811 0.964522
v 0.195821 -0.157168 1.002687
v 0.196958 -0.157428 0.999734
v 0.197860 -0.157634 0.995135
v 0.198440 -0.157766 0.989339
v -0.195842 0.145503 -1.014689
v -0.200000 0.145737 -0.993901
v -0.197127 0.145575 -1.013672
v -0.198286 0.145640 -1.010719
v -0.199206 0.145692 -1.006120
v -0.199796 0.145725 -1.000325
v -0.145503 0.195842 -1.014689
v -0.145737 0.200000 -0.993901
v -0.145575 0.197127 -1.013672
v -0.145640 0.198286 -1.010719
v -0.145692 0.199206 -1.006120
v -0.145725 0.199796 -1.000325
v -0.194560 0.156880 -1.014689
v -0.198639 0.157811 -0.993901
v -0.195821 0.157168 -1.013672
v -0.196958 0.157428 -1.010719
v -0.197860 0.157634 -1.006120
v -0.198440 0.157766 -1.000325
v -0.190857 0.167465 -1.014689
v -0.194626 0.169281 -0.993901
v -0.192021 0.168026 -1.013672
v -0.193072 0.168532 -1.010719
v -0.193906 0.168934 -1.006120
v -0.194442 0.169192 -1.000325
v -0.184890 0.176961 -1.014689
v -0.188161 0.179569 -0.993901
v -0.185901 0.177767 -1.013672
v -0.186813 0.178494 -1.010719
v -0.187537 0.179071 -1.006120
v -0.188001 0.179442 -1.000325
v -0.176961 0.184890 -1.014689
v -0.179569 0.188161 -0.993901
v -0.177767 0.185901 -1.013672
v -0.178494 0.186813 -1.010719
v -0.179071 0.187537 -1.006120
v -0.179442 0.188001 -1.000325
v -0.167465 0.190857 -1.014689
v -0.169281 0.194626 -0.993901
v -0.168026 0.192021 -1.013672
v -0.168532 0.193072 -1.010719
v -0.168934 0.193906 -1.006120
v -0.169192 0.194442 -1.000325
v -0.156880 0.194560 -1.014689
v -0.157811 0.198639 -0.993901
v -0.157168 0.195821 -1.013672
v -0.157428 0.196958 -1.010719
v -0.157634 0.197860 -1.006120
v -0.157766 0.198440 -1.000325
v -0.145503 -0.195842 -1.014689
v -0.145737 -0.200000 -0.993901
v -0.145575 -0.197127 -1.013672
v -0.145640 -0.198286 -1.010719
v -0.145692 -0.199206 -1.006120
v -0.145725 -0.199796 -1.000325
v -0.195842 -0.145503 -1.014689
v -0.200000 -0.145737 -0.993901
v -0.197127 -0.145575 -1.013672
v -0.198286 -0.145640 -1.010719
v -0.199206 -0.145692 -1.006120
v -0.199796 -0.145725 -1.000325
v -0.156880 -0.194560 -1.014689
v -0.157811 -0.198639 -0.993901
v -0.157168 -0.195821 -1.013672
v -0.157428 -0.196958 -1.010719
v -0.157634 -0.197860 -1.006120
v -0.157766 -0.198440 -1.000325
v -0.167465 -0.190857 -1.014689
v -0.169281 -0.194626 -0.993901
v -0.168026 -0.192021 -1.013672
v -0.168532 -0.193072 -1.010719
v -0.168934 -0.193906 -1.006120
v -0.169192 -0.194442 -1.000325
v -0.176961 -0.184890 -1.014689
v -0.179569 -0.188161 -0.993901
v -0.177767 -0.185901 -1.013672
v -0.178494 -0.186813 -1.010719
v -0.179071 -0.187537 -1.006120
v -0.179442 -0.188001 -1.000325
v -0.184890 -0.176961 -1.014689
v -0.188161 -0.179569 -0.993901
v -0.185901 -0.177767 -1.013672
v -0.186813 -0.178494 -1.010719
v -0.187537 -0.179071 -1.006120
v -0.188001 -0.179442 -1.000325
v -0.190857 -0.167465 -1.014689
v -0.194626 -0.169281 -0.993901
v -0.192021 -0.168026 -1.013672
v -0.193072 -0.168532 -1.010719
v -0.193906 -0.168934 -1.006120
v -0.194442 -0.169192 -1.000325
v -0.194560 -0.156880 -1.014689
v -0.198639 -0.157811 -0.993901
v -0.195821 -0.157168 -1.013672
v -0.196958 -0.157428 -1.010719
v -0.197860 -0.157634 -1.006120
v -0.198440 -0.157766 -1.000325
v -0.145503 0.195842 0.985311
v -0.145737 0.200000 0.964522
v -0.145575 0.197127 0.984293
v -0.145640 0.198286 0.981341
v -0.145692 0.199206 0.976741
v -0.145725 0.199796 0.970946
v -0.195842 0.145503 0.985311
v -0.200000 0.145737 0.964522
v -0.197127 0.145575 0.984293
v -0.198286 0.145640 0.981341
v -0.199206 0.145692 0.976741
v -0.199796 0.145725 0.970946
v -0.156880 0.194560 0.985311
v -0.157811 0.198639 0.964522
v -0.157168 0.195821 0.984293
v -0.157428 0.196958 0.981341
v -0.157634 0.197860 0.976741
v -0.157766 0.198440 0.970946
v -0.167465 0.190857 0.985311
v -0.169281 0.194626 0.964522
v -0.168026 0.192021 0.984293
v -0.168532 0.193072 0.981341
v -0.168934 0.193906 0.976741
v -0.169192 0.194442 0.970946
v -0.176961 0.184890 0.985311
v -0.179569 0.188161 0.964522
v -0.177767 0.185901 0.984293
v -0.178494 0.186813 0.981341
v -0.179071 0.187537 0.976741
v -0.179442 0.188001 0.970946
v -0.184890 0.176961 0.985311
v -0.188161 0.179569 0.964522
v -0.185901 0.177767 0.984293
v -0.186813 0.178494 0.981341
v -0.187537 0.179071 0.976741
v -0.188001 0.179442 0.970946
v -0.190857 0.167465 0.985311
v -0.194626 0.169281 0.964522
v -0.192021 0.168026 0.984293
v -0.193072 0.168532 0.981341
v -0.193906 0.168934 0.976741
v -0.194442 0.169192 0.970946
v -0.194560 0.156880 0.985311
v -0.198639 0.157811 0.964522
v -0.195821 0.157168 0.984293
v -0.196958 0.157428 0.981341
v -0.197860 0.157634 0.976741
v -0.198440 0.157766 0.970946
v -0.195842 -0.145503 1.003704
v -0.200000 -0.145737 0.964522
v -0.197127 -0.145575 1.002687
v -0.198286 -0.145640 0.999734
v -0.199206 -0.145692 0.976741
v -0.199796 -0.145725 0.970946
v -0.145503 -0.195842 1.003704
v -0.145737 -0.200000 0.964522
v -0.145575 -0.197127 1.002687
v -0.145640 -0.198286 0.999734
v -0.145692 -0.199206 0.995135
v -0.145725 -0.199796 0.989339
v -0.194560 -0.156880 1.003704
v -0.198639 -0.157811 0.964522
v -0.195821 -0.157168 1.002687
v -0.196958 -0.157428 0.999734
v -0.197860 -0.157634 0.976741
v -0.198440 -0.157766 0.970946
v -0.190857 -0.167465 1.003704
v -0.194626 -0.169281 0.964522
v -0.192021 -0.168026 1.002687
v -0.193072 -0.168532 0.999734
v -0.193906 -0.168934 0.995135
v -0.194442 -0.169192 0.989339
v -0.184890 -0.176961 1.003704
v -0.188161 -0.179569 0.964522
v -0.185901 -0.177767 1.002687
v -0.186813 -0.178494 0.999734
v -0.187537 -0.179071 0.995135
v -0.188001 -0.179442 0.989339
v -0.176961 -0.184890 1.003704
v -0.179569 -0.188161 0.982916
v -0.177767 -0.185901 1.002687
v -0.178494 -0.186813 0.999734
v -0.179071 -0.187537 0.995135
v -0.179442 -0.188001 0.989339
v -0.167465 -0.190857 1.003704
v -0.169281 -0.194626 0.982916
v -0.168026 -0.192021 1.002687
v -0.168532 -0.193072 0.999734
v -0.168934 -0.193906 0.995135
v -0.169192 -0.194442 0.989339
v -0.156880 -0.194560 1.003704
v -0.157811 -0.198639 0.982916
v -0.157168 -0.195821 1.002687
v -0.157428 -0.196958 0.999734
v -0.157634 -0.197860 0.995135
v -0.157766 -0.198440 0.989339
v 0.000000 0.195242 -1.014689
v -0.014039 0.193859 -1.014689
v 0.014039 0.193859 -1.014689
v -0.039980 0.183114 -1.014689
v -0.027538 0.189764 -1.014689
v 0.039980 0.183114 -1.014689
v 0.057686 0.165878 -1.014689
v 0.050884 0.174165 -1.014689
v 0.027538 0.189764 -1.014689
v -0.071961 0.123281 -1.014689
v -0.070579 0.109242 -1.014689
v -0.070579 0.137320 -1.014689
v -0.066484 0.095742 -1.014689
v -0.065711 0.152264 -1.014689
v -0.066484 0.150819 -1.014689
v -0.059834 0.083301 -1.014689
v -0.050884 0.174165 -1.014689
v -0.027538 0.056797 -1.014689
v -0.039980 0.063447 -1.014689
v -0.050884 0.072396 -1.014689
v -0.059834 0.163260 -1.014689
v 0.000000 0.051319 -1.014689
v 0.014039 0.052702 -1.014689
v 0.039980 0.063447 -1.014689
v 0.050884 0.072396 -1.014689
v 0.027538 0.056797 -1.014689
v 0.066484 0.095742 -1.014689
v 0.066484 0.150819 -1.014689
v 0.071961 0.123281 -1.014689
v 0.070579 0.109242 -1.014689
v 0.070579 0.137320 -1.014689
v 0.059834 0.163260 -1.014689
v 0.059834 0.083301 -1.014689
v -0.014039 0.052702 -1.014689
vn 0.9439 -0.3303 -0.0000
vn -0.1120 0.9937 -0.0000
vn -0.9937 0.1120 -0.0000
vn 0.9937 0.1120 -0.0000
vn 0.3303 0.9439 -0.0000
vn -0.9937 -0.1120 -0.0000
vn -0.5320 -0.8467 -0.0000
vn -0.7071 -0.7071 -0.0000
vn -0.8467 -0.5320 -0.0000
vn -0.9439 -0.3303 -0.0000
vn -0.3303 -0.9439 -0.0000
vn -0.0000 1.0000 -0.0000
vn 0.5320 0.8467 -0.0000
vn 0.7071 0.7071 -0.0000
vn 0.8467 0.5320 -0.0000
vn 0.9439 0.3303 -0.0000
vn 0.9937 -0.1120 -0.0000
vn 1.0000 -0.0000 -0.0000
vn -0.9439 0.3303 -0.0000
vn -0.1120 -0.9937 -0.0000
vn -0.3303 0.9439 -0.0000
vn -0.5320 0.8467 -0.0000
vn -0.7071 0.7071 -0.0000
vn -0.8467 0.5320 -0.0000
vn -1.0000 -0.0000 -0.0000
vn -0.0000 -1.0000 -0.0000
vn -0.0011 0.0507 0.9987
vn 0.3303 -0.9439 -0.0000
vn 0.5320 -0.8467 -0.0000
vn 0.7071 -0.7071 -0.0000
vn 0.8467 -0.5320 -0.0000
vn 0.1120 -0.9937 -0.0000
vn 0.1120 0.9937 -0.0000
vn -0.0695 -0.6169 -0.7839
vn -0.1042 -0.9250 -0.3654
vn -0.1098 -0.9744 -0.1961
vn -0.1114 -0.9886 -0.1014
vn -0.1119 -0.9932 -0.0317
vn -0.0695 -0.6169 0.7840
vn -0.1042 -0.9250 0.3654
vn -0.1098 -0.9744 0.1961
vn -0.1114 -0.9886 0.1014
vn -0.0996 -0.9950 0.0082
vn -0.2050 -0.5860 -0.7840
vn -0.3074 -0.8786 -0.3654
vn -0.3239 -0.9256 -0.1961
vn -0.3286 -0.9390 -0.1014
vn -0.3301 -0.9434 -0.0317
vn -0.2050 -0.5860 0.7839
vn -0.3075 -0.8786 0.3654
vn -0.3239 -0.9256 0.1961
vn -0.3286 -0.9390 0.1014
vn -0.3301 -0.9434 0.0317
vn -0.3303 -0.5257 -0.7839
vn -0.4953 -0.7882 -0.3654
vn -0.5217 -0.8303 -0.1961
vn -0.5293 -0.8424 -0.1014
vn -0.5318 -0.8463 -0.0317
vn -0.3303 -0.5256 0.7840
vn -0.4952 -0.7882 0.3654
vn -0.5217 -0.8303 0.1961
vn -0.5293 -0.8424 0.1014
vn -0.5318 -0.8463 0.0317
vn -0.4390 -0.4390 -0.7839
vn -0.6582 -0.6582 -0.3654
vn -0.6934 -0.6934 -0.1961
vn -0.7035 -0.7035 -0.1014
vn -0.7068 -0.7068 -0.0317
vn -0.4390 -0.4389 0.7840
vn -0.6582 -0.6582 0.3654
vn -0.6934 -0.6934 0.1961
vn -0.7035 -0.7035 0.1014
vn -0.7068 -0.7067 0.0317
vn -0.5257 -0.3303 -0.7840
vn -0.7882 -0.4952 -0.3654
vn -0.8303 -0.5217 -0.1961
vn -0.8424 -0.5293 -0.1014
vn -0.8463 -0.5318 -0.0317
vn -0.5257 -0.3302 0.7840
vn -0.7882 -0.4952 0.3654
vn -0.8303 -0.5217 0.1961
vn -0.8424 -0.5293 0.1014
vn -0.8467 -0.5320 0.0082
vn -0.5860 -0.2050 -0.7839
vn -0.8786 -0.3074 -0.3654
vn -0.9256 -0.3239 -0.1961
vn -0.9390 -0.3286 -0.1014
vn -0.9434 -0.3301 -0.0317
vn -0.5860 -0.2050 0.7840
vn -0.8786 -0.3074 0.3654
vn -0.9256 -0.3239 0.1961
vn -0.9783 -0.1820 0.0985
vn -0.9479 -0.3185 0.0082
vn -0.6169 -0.0695 -0.7840
vn -0.9250 -0.1042 -0.3654
vn -0.9744 -0.1098 -0.1961
vn -0.9886 -0.1114 -0.1014
vn -0.9932 -0.1119 -0.0317
vn -0.6169 -0.0695 0.7840
vn -0.9250 -0.1042 0.3654
vn -0.9929 -0.1119 0.0400
vn -0.9886 -0.1114 0.1014
vn -0.9932 -0.1119 0.0317
vn 0.0695 0.6169 -0.7839
vn 0.1042 0.9250 -0.3654
vn 0.1098 0.9744 -0.1961
vn 0.1114 0.9886 -0.1014
vn 0.1119 0.9932 -0.0317
vn 0.0695 0.6169 0.7840
vn 0.1042 0.9250 0.3654
vn 0.1098 0.9744 0.1961
vn 0.1114 0.9886 0.1014
vn 0.1119 0.9932 0.0317
vn 0.2050 0.5860 -0.7840
vn 0.3074 0.8786 -0.3654
vn 0.3239 0.9256 -0.1961
vn 0.3286 0.9390 -0.1014
vn 0.3301 0.9434 -0.0317
vn 0.2050 0.5860 0.7839
vn 0.3074 0.8786 0.3654
vn 0.3239 0.9255 0.1961
vn 0.3286 0.9390 0.1014
vn 0.3301 0.9434 0.0317
vn 0.3303 0.5257 -0.7839
vn 0.4953 0.7882 -0.3654
vn 0.5217 0.8303 -0.1961
vn 0.5293 0.8424 -0.1014
vn 0.5318 0.8463 -0.0317
vn 0.3303 0.5257 0.7839
vn 0.4952 0.7882 0.3654
vn 0.5217 0.8303 0.1961
vn 0.5293 0.8424 0.1014
vn 0.5318 0.8463 0.0317
vn 0.4390 0.4390 -0.7839
vn 0.6582 0.6582 -0.3654
vn 0.6934 0.6934 -0.1961
vn 0.7035 0.7035 -0.1014
vn 0.7068 0.7068 -0.0317
vn 0.4390 0.4389 0.7840
vn 0.6582 0.6582 0.3654
vn 0.6934 0.6934 0.1961
vn 0.7035 0.7035 0.1014
vn 0.7068 0.7068 0.0317
vn 0.5257 0.3303 -0.7840
vn 0.7882 0.4952 -0.3654
vn 0.8303 0.5217 -0.1961
vn 0.8424 0.5293 -0.1014
vn 0.8463 0.5318 -0.0317
vn 0.5257 0.3303 0.7840
vn 0.7882 0.4952 0.3654
vn 0.8303 0.5217 0.1961
vn 0.8424 0.5293 0.1014
vn 0.8463 0.5318 0.0317
vn 0.5860 0.2050 -0.7839
vn 0.8786 0.3074 -0.3654
vn 0.9256 0.3239 -0.1961
vn 0.9390 0.3286 -0.1014
vn 0.9434 0.3301 -0.0317
vn 0.5860 0.2050 0.7840
vn 0.8786 0.3074 0.3654
vn 0.9256 0.3239 0.1961
vn 0.9390 0.3286 0.1014
vn 0.9434 0.3301 0.0317
vn 0.6169 0.0695 -0.7840
vn 0.9250 0.1042 -0.3654
vn 0.9744 0.1098 -0.1961
vn 0.9886 0.1114 -0.1014
vn 0.9932 0.1119 -0.0317
vn 0.6169 0.0695 0.7840
vn 0.9250 0.1042 0.3654
vn 0.9744 0.1098 0.1961
vn 0.9886 0.1114 0.1014
vn 0.9932 0.1119 0.0317
vn -0.0695 0.6169 0.7839
vn -0.1042 0.9250 0.3654
vn -0.1098 0.9744 0.1961
vn -0.1114 0.9886 0.1014
vn -0.1119 0.9932 0.0317
vn -0.0695 0.6169 -0.7840
vn -0.1042 0.9250 -0.3654
vn -0.1098 0.9744 -0.1961
vn -0.1114 0.9886 -0.1014
vn -0.1119 0.9932 -0.0317
vn -0.2050 0.5860 0.7840
vn -0.3074 0.8786 0.3654
vn -0.3239 0.9256 0.1961
vn -0.3286 0.9390 0.1014
vn -0.3301 0.9434 0.0317
vn -0.2050 0.5860 -0.7839
vn -0.3074 0.8786 -0.3654
vn -0.3239 0.9255 -0.1961
vn -0.3286 0.9390 -0.1014
vn -0.3301 0.9434 -0.0317
vn -0.3303 0.5257 0.7839
vn -0.4953 0.7882 0.3654
vn -0.5217 0.8303 0.1961
vn -0.5293 0.8424 0.1014
vn -0.5318 0.8463 0.0317
vn -0.3303 0.5257 -0.7839
vn -0.4952 0.7882 -0.3654
vn -0.5217 0.8303 -0.1961
vn -0.5293 0.8424 -0.1014
vn -0.5318 0.8463 -0.0317
vn -0.4390 0.4390 0.7839
vn -0.6582 0.6582 0.3654
vn -0.6934 0.6934 0.1961
vn -0.7035 0.7035 0.1014
vn -0.7068 0.7068 0.0317
vn -0.4390 0.4389 -0.7840
vn -0.6582 0.6582 -0.3654
vn -0.6934 0.6934 -0.1961
vn -0.7035 0.7035 -0.1014
vn -0.7068 0.7068 -0.0317
vn -0.5257 0.3303 0.7840
vn -0.7882 0.4952 0.3654
vn -0.8303 0.5217 0.1961
vn -0.8424 0.5293 0.1014
vn -0.8463 0.5318 0.0317
vn -0.5257 0.3303 -0.7840
vn -0.7882 0.4952 -0.3654
vn -0.8303 0.5217 -0.1961
vn -0.8424 0.5293 -0.1014
vn -0.8463 0.5318 -0.0317
vn -0.5860 0.2050 0.7839
vn -0.8786 0.3074 0.3654
vn -0.9256 0.3239 0.1961
vn -0.9390 0.3286 0.1014
vn -0.9434 0.3301 0.0317
vn -0.5860 0.2050 -0.7840
vn -0.8786 0.3074 -0.3654
vn -0.9256 0.3239 -0.1961
vn -0.9390 0.3286 -0.1014
vn -0.9434 0.3301 -0.0317
vn -0.6169 0.0695 0.7840
vn -0.9250 0.1042 0.3654
vn -0.9744 0.1098 0.1961
vn -0.9886 0.1114 0.1014
vn -0.9932 0.1119 0.0317
vn -0.6169 0.0695 -0.7840
vn -0.9250 0.1042 -0.3654
vn -0.9744 0.1098 -0.1961
vn -0.9886 0.1114 -0.1014
vn -0.9932 0.1119 -0.0317
vn 0.0695 -0.6170 0.7839
vn 0.1042 -0.9250 0.3654
vn 0.1098 -0.9744 0.1961
vn 0.1114 -0.9886 0.1014
vn 0.1119 -0.9932 0.0317
vn 0.0695 -0.6169 -0.7840
vn 0.1042 -0.9250 -0.3654
vn 0.1098 -0.9744 -0.1961
vn 0.1114 -0.9886 -0.1014
vn 0.1119 -0.9932 -0.0317
vn 0.2050 -0.5860 0.7839
vn 0.3074 -0.8786 0.3654
vn 0.3239 -0.9256 0.1961
vn 0.3286 -0.9390 0.1014
vn 0.3301 -0.9434 0.0317
vn 0.2050 -0.5860 -0.7839
vn 0.3074 -0.8786 -0.3654
vn 0.3239 -0.9255 -0.1961
vn 0.3286 -0.9390 -0.1014
vn 0.3301 -0.9434 -0.0317
vn 0.3303 -0.5257 0.7839
vn 0.4952 -0.7882 0.3654
vn 0.5217 -0.8303 0.1961
vn 0.5293 -0.8424 0.1014
vn 0.5318 -0.8463 0.0317
vn 0.3303 -0.5257 -0.7839
vn 0.4952 -0.7882 -0.3654
vn 0.5217 -0.8303 -0.1961
vn 0.5293 -0.8424 -0.1014
vn 0.5318 -0.8463 -0.0317
vn 0.4390 -0.4390 0.7839
vn 0.6582 -0.6582 0.3654
vn 0.6934 -0.6934 0.1961
vn 0.7035 -0.7035 0.1014
vn 0.7068 -0.7068 0.0317
vn 0.4390 -0.4389 -0.7840
vn 0.6582 -0.6582 -0.3654
vn 0.6934 -0.6934 -0.1961
vn 0.7035 -0.7035 -0.1014
vn 0.7068 -0.7068 -0.0317
vn 0.5257 -0.3303 0.7840
vn 0.7882 -0.4952 0.3654
vn 0.8303 -0.5217 0.1961
vn 0.8424 -0.5293 0.1014
vn 0.8463 -0.5318 0.0317
vn 0.5257 -0.3303 -0.7840
vn 0.7882 -0.4952 -0.3654
vn 0.8303 -0.5217 -0.1961
vn 0.8424 -0.5293 -0.1014
vn 0.8463 -0.5318 -0.0317
vn 0.5860 -0.2051 0.7839
vn 0.8786 -0.3074 0.3654
vn 0.9256 -0.3239 0.1961
vn 0.9390 -0.3286 0.1014
vn 0.9479 -0.3185 0.0082
vn 0.5860 -0.2050 -0.7840
vn 0.8786 -0.3074 -0.3654
vn 0.9256 -0.3239 -0.1961
vn 0.9390 -0.3286 -0.1014
vn 0.9434 -0.3301 -0.0317
vn 0.6169 -0.0695 0.7840
vn 0.9250 -0.1042 0.3654
vn 0.9744 -0.1098 0.1961
vn 0.9969 -0.0750 0.0244
vn 0.9932 -0.1119 0.0317
vn 0.6169 -0.0695 -0.7840
vn 0.9250 -0.1042 -0.3654
vn 0.9744 -0.1098 -0.1961
vn 0.9886 -0.1114 -0.1014
vn 0.9932 -0.1119 -0.0317
vn -0.0000 -0.9995 -0.0317
vn -0.0000 -0.9948 -0.1014
vn -0.0000 -0.9806 -0.1961
vn -0.0000 -0.9309 -0.3654
vn -0.0000 -0.6208 -0.7839
vn -0.9995 -0.0000 -0.0317
vn -0.9948 -0.0000 -0.1014
vn -0.9806 -0.0000 -0.1961
vn -0.9309 -0.0000 -0.3654
vn -0.6208 -0.0000 -0.7840
vn -0.0000 0.9995 -0.0317
vn -0.0000 0.9948 -0.1014
vn -0.0000 0.9806 -0.1961
vn -0.0000 0.9309 -0.3654
vn -0.0000 0.6208 -0.7839
vn 0.9995 -0.0000 -0.0317
vn 0.9948 -0.0000 -0.1014
vn 0.9806 -0.0000 -0.1961
vn 0.9309 -0.0000 -0.3654
vn 0.6208 -0.0000 -0.7840
vn 0.6183 0.0495 0.7843
vn 0.9304 0.0231 0.3657
vn 0.9805 0.0124 0.1962
vn 0.9948 -0.0000 0.1014
vn 0.9995 -0.0000 0.0317
vn -0.0000 0.6208 0.7839
vn -0.0000 0.9309 0.3654
vn -0.0000 0.9806 0.1961
vn -0.0000 0.9948 0.1014
vn -0.0000 0.9995 0.0317
vn -0.0000 -0.6207 0.7840
vn -0.0000 -0.9309 0.3654
vn -0.0000 -0.9806 0.1961
vn -0.0000 -0.9948 0.1014
vn -0.0000 -0.9995 0.0317
vn -0.9995 -0.0000 0.0317
vn -0.9948 -0.0000 0.1014
vn -0.9806 -0.0000 0.1961
vn -0.9304 0.0231 0.3657
vn -0.6183 0.0495 0.7843
vn -0.0000 -0.0000 -1.0000
vn -0.0980 -0.9952 -0.0000
vn -0.2903 -0.9569 -0.0000
vn -0.4714 -0.8819 -0.0000
vn -0.6344 -0.7730 -0.0000
vn -0.7730 -0.6344 -0.0000
vn -0.8819 -0.4714 -0.0000
vn -0.9569 -0.2903 -0.0000
vn -0.9952 -0.0980 -0.0000
vn -0.9952 0.0980 -0.0000
vn -0.9569 0.2903 -0.0000
vn -0.8819 0.4714 -0.0000
vn -0.7730 0.6344 -0.0000
vn -0.6344 0.7730 -0.0000
vn -0.4714 0.8819 -0.0000
vn -0.2903 0.9569 -0.0000
vn -0.0980 0.9952 -0.0000
vn 0.0980 0.9952 -0.0000
vn 0.2903 0.9569 -0.0000
vn 0.4714 0.8819 -0.0000
vn 0.6344 0.7730 -0.0000
vn 0.7730 0.6344 -0.0000
vn 0.8819 0.4714 -0.0000
vn 0.9569 0.2903 -0.0000
vn 0.9952 0.0980 -0.0000
vn 0.9952 -0.0980 -0.0000
vn 0.9569 -0.2903 -0.0000
vn 0.8819 -0.4714 -0.0000
vn 0.7730 -0.6344 -0.0000
vn 0.6344 -0.7730 -0.0000
vn 0.4714 -0.8819 -0.0000
vn 0.2903 -0.9569 -0.0000
vn 0.0980 -0.9952 -0.0000
vn -0.0000 -0.0000 1.0000
vn -0.4885 0.0550 0.8708
vn -0.0000 -0.0001 1.0000
vn -0.0000 0.0001 1.0000
vn -0.1262 0.0608 0.9901
vn 0.1103 0.0529 0.9925
vn -0.0695 -0.6169 -0.7840
vn -0.0695 -0.6170 0.7839
vn -0.1119 -0.9932 0.0317
vn -0.2050 -0.5860 -0.7839
vn -0.3239 -0.9255 -0.1961
vn -0.2051 -0.5860 0.7840
vn -0.3074 -0.8786 0.3654
vn -0.4952 -0.7882 -0.3654
vn -0.3303 -0.5257 0.7839
vn -0.4390 -0.4389 -0.7840
vn -0.4390 -0.4390 0.7839
vn -0.7158 -0.6982 0.0082
vn -0.5257 -0.3303 0.7839
vn -0.5860 -0.2051 -0.7839
vn -0.5860 -0.2051 0.7839
vn -0.9617 -0.2711 0.0402
vn -0.9787 -0.1784 0.1019
vn -0.9434 -0.3301 0.0317
vn 0.0695 0.6169 -0.7840
vn 0.0695 0.6169 0.7839
vn 0.2050 0.5860 -0.7839
vn 0.3239 0.9255 -0.1961
vn 0.2050 0.5860 0.7840
vn 0.3239 0.9256 0.1961
vn 0.4952 0.7882 -0.3654
vn 0.4953 0.7882 0.3654
vn 0.4390 0.4389 -0.7840
vn 0.4390 0.4390 0.7839
vn 0.5860 0.2051 -0.7839
vn 0.5860 0.2051 0.7839
vn -0.0695 0.6169 0.7840
vn -0.0695 0.6169 -0.7839
vn -0.2050 0.5860 0.7839
vn -0.3239 0.9255 0.1961
vn -0.2050 0.5860 -0.7840
vn -0.3239 0.9256 -0.1961
vn -0.4952 0.7882 0.3654
vn -0.4953 0.7882 -0.3654
vn -0.4390 0.4389 0.7840
vn -0.4390 0.4390 -0.7839
vn -0.5860 0.2051 0.7839
vn -0.5860 0.2051 -0.7839
vn 0.0695 -0.6169 0.7840
vn 0.0695 -0.6169 -0.7839
vn 0.2051 -0.5860 0.7840
vn 0.2050 -0.5860 -0.7840
vn 0.3239 -0.9256 -0.1961
vn 0.3303 -0.5256 0.7840
vn 0.4953 -0.7882 -0.3654
vn 0.4390 -0.4389 0.7840
vn 0.4390 -0.4390 -0.7839
vn 0.5257 -0.3303 0.7839
vn 0.5860 -0.2050 0.7840
vn 0.9434 -0.3301 0.0317
vn 0.5860 -0.2051 -0.7839
vn 0.9886 -0.1114 0.1014
vn 0.9950 -0.0996 0.0082
vn -0.0000 -0.6208 -0.7840
vn -0.6208 -0.0000 -0.7839
vn -0.0000 0.6208 -0.7840
vn 0.6208 -0.0000 -0.7839
vn 0.6218 0.0494 0.7816
vn 0.9308 0.0230 0.3648
vn 0.9805 0.0124 0.1960
vn 0.9997 0.0015 0.0244
vn -0.0000 0.6208 0.7840
vn -0.0000 -0.6209 0.7839
vn -0.0005 -1.0000 0.0082
vn -0.9992 0.0025 0.0400
vn -0.9308 0.0230 0.3648
vn -0.6218 0.0494 0.7816
vn -0.0000 0.0001 -1.0000
vn -0.0000 -0.0001 -1.0000
vt 0.394200 0.502599
vt 0.401368 0.747401
vt 0.394200 0.747401
vt 0.841085 0.502599
vt 0.848632 0.747401
vt 0.841085 0.747401
vt 0.598632 0.247401
vt 0.591085 0.002599
vt 0.598632 0.002599
vt 0.598632 0.747401
vt 0.591085 0.502599
vt 0.598632 0.502599
vt 0.651368 0.747401
vt 0.644200 0.502599
vt 0.651368 0.502599
vt 0.401368 0.002599
vt 0.408915 0.247401
vt 0.401368 0.247401
vt 0.144200 0.747401
vt 0.137769 0.502599
vt 0.144200 0.502599
vt 0.125000 0.747401
vt 0.125000 0.502599
vt 0.375000 0.002599
vt 0.394200 0.247401
vt 0.375000 0.247401
vt 0.394200 0.002599
vt 0.151368 0.747401
vt 0.151368 0.502599
vt 0.658915 0.747401
vt 0.658915 0.502599
vt 0.644200 0.747401
vt 0.637769 0.502599
vt 0.637769 0.747401
vt 0.612231 0.502599
vt 0.612231 0.747401
vt 0.605800 0.502599
vt 0.605800 0.747401
vt 0.401368 0.502599
vt 0.408915 0.747401
vt 0.408915 0.502599
vt 0.605800 0.247401
vt 0.605800 0.002599
vt 0.158915 0.747401
vt 0.158915 0.502599
vt 0.848632 0.502599
vt 0.855800 0.747401
vt 0.855800 0.502599
vt 0.875000 0.747401
vt 0.625000 0.247401
vt 0.612231 0.002599
vt 0.625000 0.002599
vt 0.612231 0.247401
vt 0.408915 0.002599
vt 0.341085 0.502599
vt 0.610600 0.990557
vt 0.384444 0.985600
vt 0.389400 0.759443
vt 0.348632 0.502599
vt 0.355800 0.747401
vt 0.348632 0.747401
vt 0.355800 0.502599
vt 0.362231 0.747401
vt 0.362231 0.502599
vt 0.387769 0.747401
vt 0.387769 0.502599
vt 0.341085 0.747401
vt 0.378400 0.276950
vt 0.376796 0.284015
vt 0.377612 0.276770
vt 0.376071 0.283975
vt 0.376901 0.276608
vt 0.375003 0.283887
vt 0.375844 0.276423
vt 0.151423 0.500000
vt 0.158907 0.501796
vt 0.151382 0.501796
vt 0.378400 0.973050
vt 0.376796 0.965985
vt 0.377599 0.965940
vt 0.377612 0.973230
vt 0.376071 0.966025
vt 0.376901 0.973392
vt 0.375003 0.966113
vt 0.151423 0.750000
vt 0.158907 0.748204
vt 0.158887 0.750000
vt 0.379987 0.269984
vt 0.380715 0.270334
vt 0.379330 0.269667
vt 0.378340 0.269252
vt 0.144252 0.500000
vt 0.151354 0.501796
vt 0.144213 0.501796
vt 0.379987 0.980016
vt 0.379330 0.980333
vt 0.378340 0.980748
vt 0.375869 0.973685
vt 0.151315 0.750000
vt 0.144213 0.748204
vt 0.151354 0.748204
vt 0.383812 0.263896
vt 0.384444 0.264400
vt 0.383242 0.263441
vt 0.378388 0.269152
vt 0.382369 0.262817
vt 0.137817 0.500000
vt 0.144187 0.501796
vt 0.137781 0.501796
vt 0.380715 0.979666
vt 0.383242 0.986559
vt 0.378388 0.980848
vt 0.144152 0.750000
vt 0.137781 0.748204
vt 0.144187 0.748204
vt 0.137769 0.747401
vt 0.388896 0.258812
vt 0.389400 0.259444
vt 0.388441 0.258242
vt 0.387730 0.257439
vt 0.137675 0.500000
vt 0.125024 0.501796
vt 0.125094 0.500000
vt 0.137745 0.501796
vt 0.389400 0.990556
vt 0.383812 0.986104
vt 0.388896 0.991188
vt 0.388441 0.991758
vt 0.382439 0.987270
vt 0.125094 0.750000
vt 0.137745 0.748204
vt 0.137675 0.750000
vt 0.125024 0.748204
vt 0.395334 0.255715
vt 0.394983 0.254987
vt 0.394667 0.254330
vt 0.394152 0.253388
vt 0.394058 0.250000
vt 0.375036 0.248204
vt 0.394163 0.248204
vt 0.395334 0.994285
vt 0.394984 0.995013
vt 0.394152 0.996612
vt 0.387817 0.992631
vt 0.394058 0.000000
vt 0.375036 0.001796
vt 0.375141 0.000000
vt 0.394163 0.001796
vt 0.401770 0.252612
vt 0.401950 0.253400
vt 0.401608 0.251901
vt 0.401315 0.250869
vt 0.401315 0.250000
vt 0.394213 0.248204
vt 0.401354 0.248204
vt 0.401950 0.996600
vt 0.401770 0.997388
vt 0.394667 0.995670
vt 0.401608 0.998099
vt 0.394252 0.996660
vt 0.401315 0.000000
vt 0.394213 0.001796
vt 0.394252 0.000000
vt 0.401354 0.001796
vt 0.409015 0.251796
vt 0.409060 0.252599
vt 0.408975 0.251071
vt 0.408915 0.248929
vt 0.401423 0.248929
vt 0.408915 0.248204
vt 0.401382 0.248204
vt 0.409015 0.998205
vt 0.408975 0.998929
vt 0.408887 0.999997
vt 0.401423 0.999156
vt 0.401423 0.000000
vt 0.408908 0.001796
vt 0.401382 0.001796
vt 0.621600 0.473050
vt 0.623205 0.465985
vt 0.622388 0.473230
vt 0.623929 0.466025
vt 0.623099 0.473392
vt 0.624997 0.466113
vt 0.624156 0.473577
vt 0.651423 0.500000
vt 0.658907 0.501796
vt 0.651382 0.501796
vt 0.621600 0.776950
vt 0.623204 0.784015
vt 0.622401 0.784060
vt 0.622388 0.776770
vt 0.623929 0.783975
vt 0.623099 0.776608
vt 0.624997 0.783887
vt 0.651423 0.750000
vt 0.658907 0.748204
vt 0.658887 0.750000
vt 0.651382 0.748204
vt 0.620013 0.480016
vt 0.619285 0.479666
vt 0.620670 0.480333
vt 0.621660 0.480748
vt 0.644252 0.500000
vt 0.651354 0.501796
vt 0.644213 0.501796
vt 0.619285 0.770334
vt 0.620013 0.769984
vt 0.621660 0.769252
vt 0.624131 0.776315
vt 0.644252 0.750000
vt 0.651354 0.748204
vt 0.651315 0.750000
vt 0.644213 0.748204
vt 0.616188 0.486104
vt 0.615556 0.485600
vt 0.616758 0.486559
vt 0.621612 0.480848
vt 0.617631 0.487183
vt 0.637817 0.500000
vt 0.644187 0.501796
vt 0.637781 0.501796
vt 0.616188 0.763896
vt 0.616758 0.763441
vt 0.620670 0.769667
vt 0.621612 0.769152
vt 0.644152 0.750000
vt 0.637781 0.748204
vt 0.644187 0.748204
vt 0.611104 0.491188
vt 0.610600 0.490556
vt 0.611559 0.491758
vt 0.612270 0.492561
vt 0.637581 0.500000
vt 0.612279 0.501796
vt 0.612419 0.500000
vt 0.637721 0.501796
vt 0.615556 0.764400
vt 0.611104 0.758812
vt 0.611559 0.758242
vt 0.612270 0.757439
vt 0.617561 0.762730
vt 0.637581 0.750000
vt 0.612279 0.748204
vt 0.637721 0.748204
vt 0.604666 0.494285
vt 0.605016 0.495013
vt 0.605333 0.495670
vt 0.605848 0.496612
vt 0.605848 0.500000
vt 0.612219 0.501796
vt 0.605813 0.501796
vt 0.604666 0.755715
vt 0.610600 0.759443
vt 0.605016 0.754986
vt 0.605848 0.753388
vt 0.612183 0.757369
vt 0.612183 0.750000
vt 0.605813 0.748204
vt 0.612219 0.748204
vt 0.598230 0.497388
vt 0.598050 0.496600
vt 0.598392 0.498099
vt 0.598685 0.499131
vt 0.598685 0.500000
vt 0.605787 0.501796
vt 0.598646 0.501796
vt 0.598050 0.753399
vt 0.598230 0.752612
vt 0.605333 0.754330
vt 0.598685 0.750869
vt 0.605748 0.753340
vt 0.598685 0.750000
vt 0.605787 0.748204
vt 0.605748 0.750000
vt 0.590985 0.498204
vt 0.590940 0.497401
vt 0.591025 0.498929
vt 0.591085 0.501071
vt 0.598576 0.501071
vt 0.591085 0.501796
vt 0.598618 0.501796
vt 0.590985 0.751795
vt 0.591025 0.751071
vt 0.598392 0.751901
vt 0.591085 0.748929
vt 0.598577 0.748929
vt 0.591085 0.748204
vt 0.598618 0.748204
vt 0.591085 0.747401
vt 0.621600 0.973050
vt 0.623205 0.965985
vt 0.622388 0.973230
vt 0.623929 0.966025
vt 0.623099 0.973392
vt 0.624997 0.966113
vt 0.624156 0.973577
vt 0.848577 0.750000
vt 0.841092 0.748204
vt 0.848618 0.748204
vt 0.621600 0.276950
vt 0.623204 0.284015
vt 0.622401 0.284060
vt 0.622388 0.276770
vt 0.623929 0.283975
vt 0.623099 0.276608
vt 0.624997 0.283887
vt 0.848577 0.500000
vt 0.841092 0.501796
vt 0.841113 0.500000
vt 0.848618 0.501796
vt 0.620013 0.980017
vt 0.619285 0.979666
vt 0.620670 0.980333
vt 0.621660 0.980748
vt 0.855748 0.750000
vt 0.848646 0.748204
vt 0.855787 0.748204
vt 0.619285 0.270334
vt 0.620013 0.269984
vt 0.621660 0.269252
vt 0.624131 0.276315
vt 0.855748 0.500000
vt 0.848646 0.501796
vt 0.848685 0.500000
vt 0.855787 0.501796
vt 0.616188 0.986104
vt 0.615556 0.985600
vt 0.616758 0.986559
vt 0.621612 0.980848
vt 0.617631 0.987183
vt 0.874859 0.750000
vt 0.855837 0.748204
vt 0.874964 0.748204
vt 0.616188 0.263896
vt 0.616758 0.263441
vt 0.620670 0.269667
vt 0.621612 0.269152
vt 0.855942 0.500000
vt 0.874964 0.501796
vt 0.855837 0.501796
vt 0.875000 0.502599
vt 0.611104 0.991188
vt 0.611559 0.991758
vt 0.612270 0.992561
vt 0.624906 0.000000
vt 0.612255 0.001796
vt 0.612325 0.000000
vt 0.624976 0.001796
vt 0.615556 0.264400
vt 0.611104 0.258812
vt 0.611559 0.258242
vt 0.612270 0.257439
vt 0.617561 0.262730
vt 0.624906 0.250000
vt 0.612255 0.248204
vt 0.624976 0.248204
vt 0.604666 0.994285
vt 0.605016 0.995014
vt 0.605333 0.995671
vt 0.605848 0.996612
vt 0.605848 0.000000
vt 0.612219 0.001796
vt 0.605813 0.001796
vt 0.604666 0.255715
vt 0.610600 0.259444
vt 0.605016 0.254987
vt 0.605848 0.253388
vt 0.612183 0.257369
vt 0.612183 0.250000
vt 0.605813 0.248204
vt 0.612219 0.248204
vt 0.598230 0.997388
vt 0.598050 0.996600
vt 0.598392 0.998099
vt 0.598685 0.999131
vt 0.598685 0.000000
vt 0.605787 0.001796
vt 0.598646 0.001796
vt 0.598050 0.253400
vt 0.598230 0.252612
vt 0.605333 0.254330
vt 0.598685 0.250869
vt 0.605748 0.253340
vt 0.598685 0.250000
vt 0.605787 0.248204
vt 0.605748 0.250000
vt 0.590985 0.998204
vt 0.590940 0.997401
vt 0.591025 0.998929
vt 0.591113 0.999997
vt 0.598577 0.000000
vt 0.591093 0.001796
vt 0.591113 0.000000
vt 0.598618 0.001796
vt 0.590985 0.251796
vt 0.591025 0.251071
vt 0.598392 0.251901
vt 0.591085 0.248929
vt 0.598577 0.248929
vt 0.591085 0.248204
vt 0.598618 0.248204
vt 0.591085 0.247401
vt 0.378400 0.776950
vt 0.376796 0.784016
vt 0.377612 0.776770
vt 0.376071 0.783975
vt 0.376901 0.776608
vt 0.375003 0.783887
vt 0.375844 0.776424
vt 0.348577 0.750000
vt 0.341093 0.748204
vt 0.348618 0.748204
vt 0.378400 0.473050
vt 0.376796 0.465985
vt 0.377599 0.465939
vt 0.377612 0.473230
vt 0.376071 0.466025
vt 0.376901 0.473392
vt 0.375003 0.466113
vt 0.348577 0.500000
vt 0.341093 0.501796
vt 0.341113 0.500000
vt 0.348618 0.501796
vt 0.380715 0.770334
vt 0.379987 0.769984
vt 0.379330 0.769667
vt 0.378340 0.769252
vt 0.348685 0.750000
vt 0.355787 0.748204
vt 0.355748 0.750000
vt 0.380715 0.479666
vt 0.379987 0.480016
vt 0.378340 0.480748
vt 0.375869 0.473685
vt 0.355748 0.500000
vt 0.348646 0.501796
vt 0.348685 0.500000
vt 0.355787 0.501796
vt 0.384444 0.764400
vt 0.383812 0.763896
vt 0.383242 0.763441
vt 0.378388 0.769152
vt 0.382369 0.762817
vt 0.355848 0.750000
vt 0.362219 0.748204
vt 0.362183 0.750000
vt 0.355813 0.748204
vt 0.383812 0.486104
vt 0.383242 0.486559
vt 0.379330 0.480333
vt 0.378388 0.480848
vt 0.355848 0.500000
vt 0.362219 0.501796
vt 0.355813 0.501796
vt 0.388896 0.758812
vt 0.388441 0.758242
vt 0.382439 0.762730
vt 0.387730 0.757439
vt 0.362419 0.750000
vt 0.387721 0.748204
vt 0.387581 0.750000
vt 0.362279 0.748204
vt 0.384444 0.485600
vt 0.388896 0.491188
vt 0.388441 0.491758
vt 0.387730 0.492561
vt 0.382439 0.487270
vt 0.362419 0.500000
vt 0.387721 0.501796
vt 0.362279 0.501796
vt 0.394983 0.754986
vt 0.395334 0.755715
vt 0.394667 0.754330
vt 0.394152 0.753388
vt 0.394152 0.750000
vt 0.387781 0.748204
vt 0.394187 0.748204
vt 0.395334 0.494285
vt 0.389400 0.490556
vt 0.394984 0.495013
vt 0.394152 0.496612
vt 0.387817 0.492631
vt 0.387816 0.500000
vt 0.394187 0.501796
vt 0.387781 0.501796
vt 0.401950 0.753400
vt 0.401770 0.752612
vt 0.401608 0.751901
vt 0.394252 0.753340
vt 0.401315 0.750869
vt 0.401315 0.750000
vt 0.394213 0.748204
vt 0.401354 0.748204
vt 0.401950 0.496600
vt 0.401770 0.497388
vt 0.394667 0.495670
vt 0.401315 0.499131
vt 0.394252 0.496660
vt 0.401315 0.500000
vt 0.394213 0.501796
vt 0.394252 0.500000
vt 0.409015 0.751795
vt 0.409060 0.752598
vt 0.408975 0.751071
vt 0.408915 0.748929
vt 0.401382 0.748204
vt 0.408915 0.748204
vt 0.409015 0.498204
vt 0.408975 0.498929
vt 0.401608 0.498099
vt 0.408915 0.501071
vt 0.401423 0.501071
vt 0.408915 0.501796
vt 0.401382 0.501796
vt 0.341078 0.501796
vt 0.158922 0.501796
vt 0.341058 0.500000
vt 0.375000 0.283942
vt 0.375000 0.466058
vt 0.841078 0.501796
vt 0.658922 0.501796
vt 0.841058 0.500000
vt 0.625000 0.466058
vt 0.625000 0.283942
vt 0.590940 0.752599
vt 0.622401 0.965940
vt 0.625000 0.966058
vt 0.658942 0.750000
vt 0.841078 0.748204
vt 0.841058 0.750000
vt 0.658922 0.748204
vt 0.377599 0.784060
vt 0.375000 0.783942
vt 0.158942 0.750000
vt 0.341078 0.748204
vt 0.341058 0.750000
vt 0.158922 0.748204
vt 0.591078 0.001796
vt 0.408922 0.001796
vt 0.591058 0.000000
vt 0.408942 1.000000
vt 0.591058 1.000000
vt 0.532939 0.366226
vt 0.532075 0.375000
vt 0.622401 0.465939
vt 0.622026 0.375000
vt 1.000000 1.000000
vt 0.968750 0.558059
vt 0.968750 1.000000
vt 0.937500 0.558059
vt 0.937500 1.000000
vt 0.906250 0.558059
vt 0.906250 1.000000
vt 0.875000 0.558059
vt 0.875000 1.000000
vt 0.851250 0.558059
vt 0.843750 0.558059
vt 0.843750 1.000000
vt 0.812500 0.558059
vt 0.812500 1.000000
vt 0.781250 0.558059
vt 0.781250 1.000000
vt 0.750000 0.558059
vt 0.750000 1.000000
vt 0.718750 0.558059
vt 0.718750 1.000000
vt 0.687500 0.558059
vt 0.687500 1.000000
vt 0.656250 0.558059
vt 0.656250 1.000000
vt 0.625000 0.558059
vt 0.625000 1.000000
vt 0.593750 1.000000
vt 0.625000 0.558059
vt 0.593750 0.558059
vt 0.562500 1.000000
vt 0.593750 0.558059
vt 0.562500 0.558059
vt 0.531250 1.000000
vt 0.531250 0.558059
vt 0.500000 1.000000
vt 0.531250 0.558059
vt 0.500000 0.558059
vt 0.468750 1.000000
vt 0.500000 0.558059
vt 0.468750 0.558059
vt 0.437500 1.000000
vt 0.468750 0.558059
vt 0.437500 0.558059
vt 0.406250 1.000000
vt 0.437500 0.558059
vt 0.406250 0.558059
vt 0.375000 1.000000
vt 0.375000 0.558059
vt 0.343750 0.558059
vt 0.343750 1.000000
vt 0.312500 0.558059
vt 0.312500 1.000000
vt 0.281250 0.558059
vt 0.281250 1.000000
vt 0.250000 0.558059
vt 0.250000 1.000000
vt 0.218750 0.558059
vt 0.218750 1.000000
vt 0.187500 0.558059
vt 0.187500 1.000000
vt 0.183871 0.558059
vt 0.156250 0.558059
vt 0.156250 1.000000
vt 0.125000 0.558059
vt 0.125000 1.000000
vt 0.093750 0.558059
vt 0.093750 1.000000
vt 0.062500 0.558059
vt 0.062500 1.000000
vt 0.296822 0.485388
vt 0.014612 0.296822
vt 0.203178 0.485388
vt 0.031250 0.558059
vt 0.031250 1.000000
vt 0.000000 0.558059
vt 0.000000 1.000000
vt 0.409060 0.997401
vt 0.377599 0.284060
vt 0.158887 0.500000
vt 0.375844 0.973577
vt 0.151382 0.748204
vt 0.375869 0.276315
vt 0.151315 0.500000
vt 0.144252 0.750000
vt 0.144152 0.500000
vt 0.382369 0.987184
vt 0.137817 0.750000
vt 0.382439 0.262730
vt 0.387730 0.992561
vt 0.387817 0.257369
vt 0.375141 0.250000
vt 0.394252 0.253340
vt 0.394252 0.250000
vt 0.401315 0.999131
vt 0.408887 0.000000
vt 0.658887 0.500000
vt 0.624156 0.776423
vt 0.624131 0.473685
vt 0.651315 0.500000
vt 0.644152 0.500000
vt 0.617631 0.762817
vt 0.637816 0.750000
vt 0.617561 0.487270
vt 0.612419 0.750000
vt 0.612183 0.492631
vt 0.612184 0.500000
vt 0.605848 0.750000
vt 0.605748 0.496660
vt 0.605748 0.500000
vt 0.598646 0.748204
vt 0.841113 0.750000
vt 0.624156 0.276423
vt 0.624131 0.973685
vt 0.848685 0.750000
vt 0.855942 0.750000
vt 0.617631 0.262817
vt 0.874859 0.500000
vt 0.617561 0.987270
vt 0.612325 0.250000
vt 0.612183 0.992631
vt 0.612184 0.000000
vt 0.605848 0.250000
vt 0.605748 0.996660
vt 0.605748 0.000000
vt 0.598646 0.248204
vt 0.598577 0.999156
vt 0.590940 0.252599
vt 0.341113 0.750000
vt 0.375844 0.473577
vt 0.375869 0.776315
vt 0.348646 0.748204
vt 0.382369 0.487183
vt 0.362183 0.500000
vt 0.387581 0.500000
vt 0.387817 0.757369
vt 0.387817 0.750000
vt 0.394152 0.500000
vt 0.394252 0.750000
vt 0.401354 0.501796
vt 0.401423 0.748929
vt 0.409060 0.497401
vt 0.158942 0.500000
vt 0.658942 0.500000
vt 0.625000 0.783942
vt 0.375000 0.966058
vt 0.408942 0.000000
vt 0.595165 0.333930
vt 0.594262 0.333448
vt 0.602038 0.412396
vt 0.603673 0.411054
vt 0.594262 0.416552
vt 0.585825 0.330888
vt 0.585825 0.419112
vt 0.577050 0.419976
vt 0.577050 0.330024
vt 0.568276 0.330888
vt 0.568276 0.419112
vt 0.559839 0.333448
vt 0.552063 0.337604
vt 0.559839 0.416552
vt 0.552063 0.412396
vt 0.545248 0.343197
vt 0.539654 0.350013
vt 0.545248 0.406803
vt 0.539654 0.399987
vt 0.535498 0.357788
vt 0.535498 0.392212
vt 0.532939 0.383774
vt 0.608853 0.406803
vt 0.602038 0.337604
vt 0.608853 0.343197
vt 0.614446 0.399987
vt 0.614446 0.350013
vt 0.618603 0.357788
vt 0.618603 0.392211
vt 0.621162 0.383774
vt 0.621162 0.366226
vt 1.000000 0.558059
vt 0.968750 0.558059
vt 0.906250 0.558059
vt 0.875000 0.558059
vt 0.843750 0.558059
vt 0.812500 0.558059
vt 0.781250 0.558059
vt 0.718750 0.558059
vt 0.656250 0.558059
vt 0.375000 0.558059
vt 0.343750 0.558059
vt 0.187500 0.558059
vt 0.156250 0.558059
vt 0.125000 0.558059
vt 0.250000 0.490000
vt 0.341844 0.471731
vt 0.383337 0.050447
vt 0.419706 0.080294
vt 0.449553 0.116663
vt 0.471731 0.158156
vt 0.485388 0.203178
vt 0.490000 0.250000
vt 0.158156 0.471731
vt 0.116663 0.449553
vt 0.080294 0.419706
vt 0.050447 0.383337
vt 0.028269 0.341844
vt 0.010000 0.250000
vt 0.062500 0.558059
s 0
usemtl Material.001
f 100/1/1 220/2/1 214/3/1
f 232/4/2 334/5/2 322/6/2
f 238/7/3 328/8/3 364/9/3
f 142/10/4 12/11/4 65/12/4
f 172/13/5 29/14/5 21/15/5
f 382/16/6 280/17/6 316/18/6
f 406/19/7 298/20/7 292/21/7
f 298/20/8 394/22/8 304/23/8
f 394/24/9 310/25/9 304/26/9
f 388/27/10 316/18/10 310/25/10
f 412/28/11 292/21/11 286/29/11
f 232/4/12 136/30/12 2/31/12
f 166/32/13 39/33/13 29/14/13
f 160/34/14 48/35/14 39/33/14
f 154/36/15 57/37/15 48/35/15
f 148/38/16 65/12/16 57/37/16
f 93/39/17 184/40/17 220/2/17
f 12/11/18 184/40/18 75/41/18
f 244/42/19 364/9/19 358/43/19
f 376/44/20 286/29/20 274/45/20
f 268/46/21 340/47/21 334/5/21
f 262/48/22 346/49/22 340/47/22
f 256/50/23 352/51/23 346/52/23
f 250/53/24 358/43/24 352/51/24
f 328/8/25 280/17/25 370/54/25
f 84/55/26 376/44/26 274/45/26
f 351/56/27 399/57/27 207/58/27
f 124/59/28 196/60/28 190/61/28
f 118/62/29 202/63/29 196/60/29
f 112/64/30 208/65/30 202/63/30
f 106/66/31 214/3/31 208/65/31
f 84/55/32 190/61/32 178/67/32
f 136/30/33 21/15/33 2/31/33
f 285/68/34 275/69/34 287/70/34
f 287/70/35 276/71/35 288/72/35
f 288/72/36 277/73/36 289/74/36
f 289/75/37 278/76/37 290/77/37
f 290/77/38 274/45/38 286/29/38
f 411/78/39 377/79/39 375/80/39
f 413/81/40 378/82/40 377/79/40
f 414/83/41 379/84/41 378/82/41
f 415/85/42 380/86/42 379/87/42
f 380/86/43 412/28/43 376/44/43
f 285/68/44 293/88/44 291/89/44
f 293/88/45 288/72/45 294/90/45
f 288/72/46 295/91/46 294/90/46
f 295/92/47 290/93/47 296/94/47
f 296/94/48 286/29/48 292/21/48
f 411/78/49 407/95/49 413/81/49
f 413/81/50 408/96/50 414/83/50
f 414/83/51 409/97/51 415/98/51
f 415/99/52 410/100/52 416/101/52
f 410/100/53 412/28/53 416/101/53
f 291/89/54 299/102/54 297/103/54
f 293/88/55 300/104/55 299/102/55
f 300/104/56 295/105/56 301/106/56
f 301/107/57 296/108/57 302/109/57
f 296/108/58 298/20/58 302/109/58
f 399/57/59 407/95/59 405/110/59
f 407/95/60 402/111/60 408/96/60
f 402/111/61 409/112/61 408/96/61
f 409/113/62 404/114/62 410/115/62
f 410/115/63 400/116/63 406/19/63
f 297/103/64 305/117/64 303/118/64
f 305/117/65 300/104/65 306/119/65
f 300/104/66 307/120/66 306/119/66
f 301/121/67 308/122/67 307/123/67
f 302/124/68 304/23/68 308/122/68
f 393/125/69 401/126/69 399/57/69
f 395/127/70 402/111/70 401/126/70
f 396/128/71 403/129/71 402/111/71
f 397/130/72 404/131/72 403/132/72
f 398/133/73 400/116/73 404/131/73
f 309/134/74 305/117/74 311/135/74
f 311/135/75 306/119/75 312/136/75
f 306/119/76 313/137/76 312/136/76
f 313/138/77 308/139/77 314/140/77
f 314/140/78 304/26/78 310/25/78
f 387/141/79 395/127/79 393/125/79
f 389/142/80 396/128/80 395/127/80
f 396/128/81 391/143/81 397/144/81
f 391/145/82 398/146/82 397/147/82
f 392/148/83 394/24/83 398/146/83
f 309/134/84 317/149/84 315/150/84
f 311/135/85 318/151/85 317/149/85
f 312/136/86 319/152/86 318/151/86
f 319/153/87 314/154/87 320/155/87
f 314/154/88 316/18/88 320/155/88
f 381/156/89 389/142/89 387/141/89
f 383/157/90 390/158/90 389/142/90
f 384/159/91 391/160/91 390/158/91
f 385/161/92 392/162/92 391/163/92
f 386/164/93 388/27/93 392/162/93
f 315/150/94 281/165/94 279/166/94
f 317/149/95 282/167/95 281/165/95
f 318/151/96 283/168/96 282/167/96
f 319/169/97 284/170/97 283/168/97
f 320/171/98 280/17/98 284/170/98
f 381/156/99 371/172/99 383/157/99
f 383/157/100 372/173/100 384/159/100
f 384/159/101 373/174/101 385/175/101
f 385/176/102 374/177/102 386/178/102
f 386/178/103 370/54/103 382/16/103
f 19/179/104 4/180/104 22/181/104
f 22/181/105 5/182/105 24/183/105
f 24/183/106 7/184/106 25/185/106
f 25/186/107 8/187/107 26/188/107
f 26/188/108 2/31/108 21/15/108
f 171/189/109 137/190/109 135/191/109
f 173/192/110 138/193/110 137/190/110
f 174/194/111 139/195/111 138/193/111
f 175/196/112 140/197/112 139/198/112
f 176/199/113 136/30/113 140/197/113
f 19/179/114 31/200/114 28/201/114
f 31/200/115 24/183/115 32/202/115
f 24/183/116 34/203/116 32/202/116
f 34/204/117 26/205/117 35/206/117
f 35/206/118 21/15/118 29/14/118
f 165/207/119 173/192/119 171/189/119
f 167/208/120 174/194/120 173/192/120
f 174/194/121 169/209/121 175/210/121
f 169/211/122 176/212/122 175/213/122
f 170/214/123 172/13/123 176/212/123
f 28/201/124 40/215/124 37/216/124
f 31/200/125 41/217/125 40/215/125
f 41/217/126 34/218/126 43/219/126
f 43/220/127 35/221/127 45/222/127
f 35/221/128 39/33/128 45/222/128
f 165/207/129 161/223/129 167/208/129
f 167/208/130 162/224/130 168/225/130
f 162/224/131 169/226/131 168/225/131
f 169/227/132 164/228/132 170/229/132
f 170/229/133 160/34/133 166/32/133
f 37/216/134 49/230/134 46/231/134
f 49/230/135 41/217/135 51/232/135
f 41/217/136 52/233/136 51/232/136
f 43/234/137 54/235/137 52/236/137
f 45/237/138 48/35/138 54/235/138
f 159/238/139 155/239/139 161/223/139
f 161/223/140 156/240/140 162/224/140
f 162/224/141 157/241/141 163/242/141
f 163/243/142 158/244/142 164/245/142
f 164/245/143 154/36/143 160/34/143
f 55/246/144 49/230/144 58/247/144
f 58/247/145 51/232/145 60/248/145
f 51/232/146 61/249/146 60/248/146
f 61/250/147 54/251/147 63/252/147
f 63/252/148 48/35/148 57/37/148
f 147/253/149 155/239/149 153/254/149
f 149/255/150 156/240/150 155/239/150
f 156/240/151 151/256/151 157/257/151
f 157/258/152 152/259/152 158/260/152
f 152/259/153 154/36/153 158/260/153
f 55/246/154 67/261/154 64/262/154
f 58/247/155 68/263/155 67/261/155
f 60/248/156 70/264/156 68/263/156
f 70/265/157 63/266/157 71/267/157
f 63/266/158 65/12/158 71/267/158
f 141/268/159 149/255/159 147/253/159
f 143/269/160 150/270/160 149/255/160
f 150/270/161 145/271/161 151/272/161
f 145/273/162 152/274/162 151/275/162
f 152/274/163 142/10/163 148/38/163
f 64/262/164 13/276/164 10/277/164
f 67/261/165 15/278/165 13/276/165
f 68/263/166 16/279/166 15/278/166
f 70/280/167 18/281/167 16/279/167
f 71/282/168 12/11/168 18/281/168
f 141/268/169 131/283/169 143/269/169
f 143/269/170 132/284/170 144/285/170
f 144/285/171 133/286/171 145/287/171
f 145/287/172 134/288/172 146/289/172
f 146/289/173 130/290/173 142/10/173
f 333/291/174 323/292/174 335/293/174
f 335/293/175 324/294/175 336/295/175
f 336/295/176 325/296/176 337/297/176
f 337/298/177 326/299/177 338/300/177
f 338/300/178 322/6/178 334/5/178
f 267/301/179 233/302/179 231/303/179
f 269/304/180 234/305/180 233/302/180
f 270/306/181 235/307/181 234/305/181
f 271/308/182 236/309/182 235/310/182
f 272/311/183 232/4/183 236/309/183
f 333/291/184 341/312/184 339/313/184
f 341/312/185 336/295/185 342/314/185
f 336/295/186 343/315/186 342/314/186
f 343/316/187 338/317/187 344/318/187
f 344/318/188 334/5/188 340/47/188
f 261/319/189 269/304/189 267/301/189
f 263/320/190 270/306/190 269/304/190
f 270/306/191 265/321/191 271/322/191
f 265/323/192 272/324/192 271/325/192
f 266/326/193 268/46/193 272/324/193
f 339/313/194 347/327/194 345/328/194
f 341/312/195 348/329/195 347/327/195
f 348/329/196 343/330/196 349/331/196
f 349/332/197 344/333/197 350/334/197
f 344/333/198 346/49/198 350/334/198
f 261/319/199 257/335/199 263/320/199
f 263/320/200 258/336/200 264/337/200
f 258/336/201 265/338/201 264/337/201
f 265/339/202 260/340/202 266/341/202
f 266/341/203 256/342/203 262/48/203
f 345/328/204 353/343/204 351/56/204
f 353/343/205 348/329/205 354/344/205
f 348/329/206 355/345/206 354/344/206
f 349/346/207 356/347/207 355/348/207
f 350/349/208 352/51/208 356/347/208
f 255/350/209 251/351/209 257/335/209
f 257/335/210 252/352/210 258/336/210
f 258/336/211 253/353/211 259/354/211
f 259/355/212 254/356/212 260/357/212
f 260/357/213 250/53/213 256/50/213
f 357/358/214 353/343/214 359/359/214
f 359/359/215 354/344/215 360/360/215
f 354/344/216 361/361/216 360/360/216
f 361/362/217 356/363/217 362/364/217
f 362/364/218 352/51/218 358/43/218
f 243/365/219 251/351/219 249/366/219
f 245/367/220 252/352/220 251/351/220
f 252/352/221 247/368/221 253/369/221
f 253/370/222 248/371/222 254/372/222
f 248/371/223 250/53/223 254/372/223
f 357/358/224 365/373/224 363/374/224
f 359/359/225 366/375/225 365/373/225
f 360/360/226 367/376/226 366/375/226
f 367/377/227 362/378/227 368/379/227
f 362/378/228 364/9/228 368/379/228
f 237/380/229 245/367/229 243/365/229
f 239/381/230 246/382/230 245/367/230
f 246/382/231 241/383/231 247/384/231
f 241/385/232 248/386/232 247/387/232
f 248/386/233 238/7/233 244/42/233
f 363/374/234 329/388/234 327/389/234
f 365/373/235 330/390/235 329/388/235
f 366/375/236 331/391/236 330/390/236
f 367/392/237 332/393/237 331/394/237
f 368/395/238 328/8/238 332/393/238
f 237/380/239 227/396/239 239/381/239
f 239/381/240 228/397/240 240/398/240
f 240/398/241 229/399/241 241/400/241
f 241/400/242 230/401/242 242/402/242
f 242/402/243 226/403/243 238/7/243
f 189/404/244 179/405/244 191/406/244
f 191/406/245 180/407/245 192/408/245
f 192/408/246 181/409/246 193/410/246
f 193/411/247 182/412/247 194/413/247
f 194/413/248 178/67/248 190/61/248
f 123/414/249 85/415/249 82/416/249
f 125/417/250 86/418/250 85/415/250
f 126/419/251 88/420/251 86/418/251
f 127/421/252 89/422/252 88/423/252
f 128/424/253 84/55/253 89/422/253
f 195/425/254 191/406/254 197/426/254
f 197/426/255 192/408/255 198/427/255
f 192/408/256 199/428/256 198/427/256
f 193/429/257 200/430/257 199/431/257
f 200/430/258 190/61/258 196/60/258
f 117/432/259 125/417/259 123/414/259
f 119/433/260 126/419/260 125/417/260
f 126/419/261 121/434/261 127/435/261
f 121/436/262 128/437/262 127/438/262
f 122/439/263 124/59/263 128/437/263
f 201/440/264 197/426/264 203/441/264
f 197/426/265 204/442/265 203/441/265
f 204/442/266 199/443/266 205/444/266
f 199/445/267 206/446/267 205/447/267
f 200/448/268 202/63/268 206/446/268
f 117/432/269 113/449/269 119/433/269
f 119/433/270 114/450/270 120/451/270
f 114/450/271 121/452/271 120/451/271
f 121/453/272 116/454/272 122/455/272
f 122/455/273 112/64/273 118/62/273
f 207/58/274 203/441/274 209/456/274
f 209/456/275 204/442/275 210/457/275
f 210/457/276 205/458/276 211/459/276
f 205/460/277 212/461/277 211/462/277
f 206/463/278 208/65/278 212/461/278
f 111/464/279 107/465/279 113/449/279
f 113/449/280 108/466/280 114/450/280
f 114/450/281 109/467/281 115/468/281
f 115/469/282 110/470/282 116/471/282
f 116/471/283 106/66/283 112/64/283
f 207/58/284 215/472/284 213/473/284
f 215/472/285 210/457/285 216/474/285
f 210/457/286 217/475/286 216/474/286
f 217/476/287 212/477/287 218/478/287
f 218/478/288 208/65/288 214/3/288
f 99/479/289 107/465/289 105/480/289
f 101/481/290 108/466/290 107/465/290
f 108/466/291 103/482/291 109/483/291
f 109/484/292 104/485/292 110/486/292
f 104/485/293 106/66/293 110/486/293
f 219/487/294 215/472/294 221/488/294
f 221/488/295 216/474/295 222/489/295
f 222/489/296 217/490/296 223/491/296
f 223/492/297 218/493/297 224/494/297
f 224/494/298 214/3/298 220/2/298
f 91/495/299 101/481/299 99/479/299
f 94/496/300 102/497/300 101/481/300
f 102/497/301 97/498/301 103/499/301
f 97/500/302 104/501/302 103/502/302
f 104/501/303 93/39/303 100/1/303
f 219/487/304 185/503/304 183/504/304
f 221/488/305 186/505/305 185/503/305
f 222/489/306 187/506/306 186/505/306
f 187/506/307 224/507/307 188/508/307
f 188/508/308 220/2/308 184/40/308
f 91/495/309 76/509/309 94/496/309
f 94/496/310 78/510/310 95/511/310
f 95/511/311 79/512/311 97/513/311
f 97/513/312 81/514/312 98/515/312
f 98/515/313 75/41/313 93/39/313
f 274/45/314 89/516/314 84/55/314
f 278/517/315 88/518/315 89/516/315
f 277/519/316 86/418/316 88/520/316
f 276/71/317 85/415/317 86/418/317
f 275/69/318 82/416/318 85/415/318
f 226/403/319 284/170/319 280/17/319
f 230/401/320 283/168/320 284/170/320
f 229/399/321 282/167/321 283/168/321
f 228/397/322 281/165/322 282/167/322
f 227/396/323 279/166/323 281/165/323
f 2/31/324 236/521/324 232/4/324
f 8/522/325 235/523/325 236/521/325
f 7/524/326 234/305/326 235/525/326
f 5/182/327 233/302/327 234/305/327
f 4/180/328 231/303/328 233/302/328
f 75/41/329 18/281/329 12/11/329
f 81/514/330 16/279/330 18/281/330
f 79/512/331 15/278/331 16/279/331
f 78/510/332 13/276/332 15/278/332
f 76/509/333 10/277/333 13/276/333
f 129/526/334 185/503/334 131/283/334
f 131/283/335 186/505/335 132/284/335
f 132/284/336 187/506/336 133/286/336
f 133/286/337 188/508/337 134/288/337
f 188/508/338 130/290/338 134/288/338
f 135/191/339 323/292/339 321/527/339
f 137/190/340 324/294/340 323/292/340
f 138/193/341 325/528/341 324/294/341
f 139/529/342 326/530/342 325/531/342
f 140/532/343 322/6/343 326/530/343
f 375/80/344 179/405/344 177/533/344
f 377/79/345 180/407/345 179/405/345
f 378/82/346 181/534/346 180/407/346
f 379/535/347 182/536/347 181/537/347
f 380/538/348 178/67/348 182/536/348
f 370/54/349 332/539/349 328/8/349
f 374/540/350 331/541/350 332/539/350
f 373/542/351 330/390/351 331/543/351
f 372/173/352 329/388/352 330/390/352
f 371/172/353 327/389/353 329/388/353
f 450/544/354 438/545/354 105/480/354
f 231/303/354 1/546/354 417/547/354
f 100/1/1 93/39/1 220/2/1
f 232/4/2 268/46/2 334/5/2
f 238/7/3 226/403/3 328/8/3
f 142/10/4 130/290/4 12/11/4
f 172/13/5 166/32/5 29/14/5
f 382/16/6 370/54/6 280/17/6
f 406/19/7 400/116/7 298/20/7
f 298/20/8 400/116/8 394/22/8
f 394/24/9 388/27/9 310/25/9
f 388/27/10 382/16/10 316/18/10
f 412/28/11 406/19/11 292/21/11
f 232/4/12 322/6/12 136/30/12
f 166/32/13 160/34/13 39/33/13
f 160/34/14 154/36/14 48/35/14
f 154/36/15 148/38/15 57/37/15
f 148/38/16 142/10/16 65/12/16
f 93/39/17 75/41/17 184/40/17
f 12/11/18 130/290/18 184/40/18
f 244/42/19 238/7/19 364/9/19
f 376/44/20 412/28/20 286/29/20
f 268/46/21 262/48/21 340/47/21
f 262/48/22 256/342/22 346/49/22
f 256/50/23 250/53/23 352/51/23
f 250/53/24 244/42/24 358/43/24
f 328/8/25 226/403/25 280/17/25
f 84/55/26 178/67/26 376/44/26
f 207/58/387 213/473/387 219/487/387
f 219/487/388 183/504/388 129/526/388
f 129/526/387 141/268/387 147/253/387
f 147/253/387 153/254/387 159/238/387
f 159/238/387 165/207/387 171/189/387
f 171/189/389 135/191/389 321/527/389
f 321/527/387 333/291/387 339/313/387
f 339/313/387 345/328/387 351/56/387
f 351/56/387 357/358/387 363/374/387
f 363/374/388 327/389/388 369/624/388
f 369/624/387 381/156/387 387/141/387
f 387/141/387 393/125/387 399/57/387
f 399/57/387 405/110/387 411/78/387
f 411/78/390 375/80/390 177/533/390
f 177/533/387 189/404/387 195/425/387
f 195/425/387 201/440/387 207/58/387
f 207/58/391 219/487/391 129/526/391
f 129/526/387 147/253/387 159/238/387
f 159/238/387 171/189/387 321/527/387
f 321/527/387 339/313/387 351/56/387
f 351/56/391 363/374/391 369/624/391
f 369/624/387 387/141/387 399/57/387
f 399/57/387 411/78/387 177/533/387
f 177/533/387 195/425/387 207/58/387
f 207/58/392 129/526/392 159/238/392
f 159/238/387 321/527/387 351/56/387
f 351/56/392 369/624/392 399/57/392
f 399/57/387 177/533/387 207/58/387
f 207/58/27 159/238/27 351/56/27
f 124/59/28 118/62/28 196/60/28
f 118/62/29 112/64/29 202/63/29
f 112/64/30 106/66/30 208/65/30
f 106/66/31 100/1/31 214/3/31
f 84/55/32 124/59/32 190/61/32
f 136/30/33 172/13/33 21/15/33
f 285/68/393 273/625/393 275/69/393
f 287/70/35 275/69/35 276/71/35
f 288/72/36 276/71/36 277/73/36
f 289/75/37 277/626/37 278/76/37
f 290/77/38 278/76/38 274/45/38
f 411/78/394 413/81/394 377/79/394
f 413/81/40 414/83/40 378/82/40
f 414/83/41 415/627/41 379/84/41
f 415/85/42 416/628/42 380/86/42
f 380/86/395 416/628/395 412/28/395
f 285/68/396 287/70/396 293/88/396
f 293/88/45 287/70/45 288/72/45
f 288/72/397 289/629/397 295/91/397
f 295/92/47 289/630/47 290/93/47
f 296/94/48 290/93/48 286/29/48
f 411/78/398 405/110/398 407/95/398
f 413/81/399 407/95/399 408/96/399
f 414/83/51 408/96/51 409/97/51
f 415/99/52 409/631/52 410/100/52
f 410/100/53 406/19/53 412/28/53
f 291/89/54 293/88/54 299/102/54
f 293/88/400 294/90/400 300/104/400
f 300/104/56 294/90/56 295/105/56
f 301/107/57 295/632/57 296/108/57
f 296/108/58 292/21/58 298/20/58
f 399/57/401 401/126/401 407/95/401
f 407/95/60 401/126/60 402/111/60
f 402/111/61 403/633/61 409/112/61
f 409/113/62 403/634/62 404/114/62
f 410/115/63 404/114/63 400/116/63
f 297/103/402 299/102/402 305/117/402
f 305/117/65 299/102/65 300/104/65
f 300/104/66 301/635/66 307/120/66
f 301/121/67 302/124/67 308/122/67
f 302/124/68 298/20/68 304/23/68
f 393/125/403 395/127/403 401/126/403
f 395/127/70 396/128/70 402/111/70
f 396/128/71 397/636/71 403/129/71
f 397/130/72 398/133/72 404/131/72
f 398/133/404 394/22/404 400/116/404
f 309/134/74 303/118/74 305/117/74
f 311/135/75 305/117/75 306/119/75
f 306/119/76 307/637/76 313/137/76
f 313/138/77 307/638/77 308/139/77
f 314/140/78 308/139/78 304/26/78
f 387/141/405 389/142/405 395/127/405
f 389/142/80 390/158/80 396/128/80
f 396/128/81 390/158/81 391/143/81
f 391/145/82 392/148/82 398/146/82
f 392/148/83 388/27/83 394/24/83
f 309/134/406 311/135/406 317/149/406
f 311/135/85 312/136/85 318/151/85
f 312/136/86 313/639/86 319/152/86
f 319/153/87 313/640/87 314/154/87
f 314/154/88 310/25/88 316/18/88
f 381/156/407 383/157/407 389/142/407
f 383/157/90 384/159/90 390/158/90
f 384/159/408 385/641/408 391/160/408
f 385/161/409 386/164/409 392/162/409
f 386/164/410 382/16/410 388/27/410
f 315/150/94 317/149/94 281/165/94
f 317/149/95 318/151/95 282/167/95
f 318/151/96 319/169/96 283/168/96
f 319/169/97 320/171/97 284/170/97
f 320/171/98 316/18/98 280/17/98
f 381/156/99 369/624/99 371/172/99
f 383/157/100 371/172/100 372/173/100
f 384/159/101 372/173/101 373/174/101
f 385/176/102 373/642/102 374/177/102
f 386/178/103 374/177/103 370/54/103
f 19/179/411 1/546/411 4/180/411
f 22/181/105 4/180/105 5/182/105
f 24/183/106 5/182/106 7/184/106
f 25/186/107 7/643/107 8/187/107
f 26/188/108 8/187/108 2/31/108
f 171/189/412 173/192/412 137/190/412
f 173/192/110 174/194/110 138/193/110
f 174/194/111 175/644/111 139/195/111
f 175/196/112 176/199/112 140/197/112
f 176/199/113 172/13/113 136/30/113
f 19/179/413 22/181/413 31/200/413
f 31/200/115 22/181/115 24/183/115
f 24/183/414 25/645/414 34/203/414
f 34/204/117 25/646/117 26/205/117
f 35/206/118 26/205/118 21/15/118
f 165/207/415 167/208/415 173/192/415
f 167/208/120 168/225/120 174/194/120
f 174/194/416 168/225/416 169/209/416
f 169/211/122 170/214/122 176/212/122
f 170/214/123 166/32/123 172/13/123
f 28/201/124 31/200/124 40/215/124
f 31/200/417 32/202/417 41/217/417
f 41/217/126 32/202/126 34/218/126
f 43/220/127 34/647/127 35/221/127
f 35/221/128 29/14/128 39/33/128
f 165/207/129 159/238/129 161/223/129
f 167/208/418 161/223/418 162/224/418
f 162/224/131 163/648/131 169/226/131
f 169/227/132 163/649/132 164/228/132
f 170/229/133 164/228/133 160/34/133
f 37/216/419 40/215/419 49/230/419
f 49/230/135 40/215/135 41/217/135
f 41/217/136 43/650/136 52/233/136
f 43/234/137 45/237/137 54/235/137
f 45/237/138 39/33/138 48/35/138
f 159/238/420 153/254/420 155/239/420
f 161/223/140 155/239/140 156/240/140
f 162/224/141 156/240/141 157/241/141
f 163/243/142 157/651/142 158/244/142
f 164/245/143 158/244/143 154/36/143
f 55/246/144 46/231/144 49/230/144
f 58/247/145 49/230/145 51/232/145
f 51/232/146 52/652/146 61/249/146
f 61/250/147 52/653/147 54/251/147
f 63/252/148 54/251/148 48/35/148
f 147/253/149 149/255/149 155/239/149
f 149/255/150 150/270/150 156/240/150
f 156/240/151 150/270/151 151/256/151
f 157/258/152 151/654/152 152/259/152
f 152/259/153 148/38/153 154/36/153
f 55/246/421 58/247/421 67/261/421
f 58/247/155 60/248/155 68/263/155
f 60/248/156 61/655/156 70/264/156
f 70/265/157 61/656/157 63/266/157
f 63/266/158 57/37/158 65/12/158
f 141/268/422 143/269/422 149/255/422
f 143/269/160 144/285/160 150/270/160
f 150/270/161 144/285/161 145/271/161
f 145/273/162 146/657/162 152/274/162
f 152/274/163 146/657/163 142/10/163
f 64/262/164 67/261/164 13/276/164
f 67/261/165 68/263/165 15/278/165
f 68/263/166 70/280/166 16/279/166
f 70/280/167 71/282/167 18/281/167
f 71/282/168 65/12/168 12/11/168
f 141/268/169 129/526/169 131/283/169
f 143/269/170 131/283/170 132/284/170
f 144/285/171 132/284/171 133/286/171
f 145/287/172 133/286/172 134/288/172
f 146/289/173 134/288/173 130/290/173
f 333/291/423 321/527/423 323/292/423
f 335/293/175 323/292/175 324/294/175
f 336/295/176 324/294/176 325/296/176
f 337/298/177 325/658/177 326/299/177
f 338/300/178 326/299/178 322/6/178
f 267/301/424 269/304/424 233/302/424
f 269/304/180 270/306/180 234/305/180
f 270/306/181 271/659/181 235/307/181
f 271/308/182 272/311/182 236/309/182
f 272/311/183 268/46/183 232/4/183
f 333/291/425 335/293/425 341/312/425
f 341/312/185 335/293/185 336/295/185
f 336/295/426 337/660/426 343/315/426
f 343/316/187 337/661/187 338/317/187
f 344/318/188 338/317/188 334/5/188
f 261/319/427 263/320/427 269/304/427
f 263/320/190 264/337/190 270/306/190
f 270/306/428 264/337/428 265/321/428
f 265/323/192 266/326/192 272/324/192
f 266/326/193 262/48/193 268/46/193
f 339/313/194 341/312/194 347/327/194
f 341/312/429 342/314/429 348/329/429
f 348/329/196 342/314/196 343/330/196
f 349/332/197 343/662/197 344/333/197
f 344/333/198 340/47/198 346/49/198
f 261/319/199 255/350/199 257/335/199
f 263/320/430 257/335/430 258/336/430
f 258/336/201 259/663/201 265/338/201
f 265/339/202 259/664/202 260/340/202
f 266/341/203 260/340/203 256/342/203
f 345/328/431 347/327/431 353/343/431
f 353/343/205 347/327/205 348/329/205
f 348/329/206 349/665/206 355/345/206
f 349/346/207 350/349/207 356/347/207
f 350/349/208 346/52/208 352/51/208
f 255/350/432 249/366/432 251/351/432
f 257/335/210 251/351/210 252/352/210
f 258/336/211 252/352/211 253/353/211
f 259/355/212 253/666/212 254/356/212
f 260/357/213 254/356/213 250/53/213
f 357/358/214 351/56/214 353/343/214
f 359/359/215 353/343/215 354/344/215
f 354/344/216 355/667/216 361/361/216
f 361/362/217 355/668/217 356/363/217
f 362/364/218 356/363/218 352/51/218
f 243/365/219 245/367/219 251/351/219
f 245/367/220 246/382/220 252/352/220
f 252/352/221 246/382/221 247/368/221
f 253/370/222 247/669/222 248/371/222
f 248/371/223 244/42/223 250/53/223
f 357/358/433 359/359/433 365/373/433
f 359/359/225 360/360/225 366/375/225
f 360/360/226 361/670/226 367/376/226
f 367/377/227 361/671/227 362/378/227
f 362/378/228 358/43/228 364/9/228
f 237/380/434 239/381/434 245/367/434
f 239/381/230 240/398/230 246/382/230
f 246/382/231 240/398/231 241/383/231
f 241/385/232 242/672/232 248/386/232
f 248/386/233 242/672/233 238/7/233
f 363/374/234 365/373/234 329/388/234
f 365/373/235 366/375/235 330/390/235
f 366/375/236 367/673/236 331/391/236
f 367/392/237 368/395/237 332/393/237
f 368/395/238 364/9/238 328/8/238
f 237/380/239 225/674/239 227/396/239
f 239/381/240 227/396/240 228/397/240
f 240/398/241 228/397/241 229/399/241
f 241/400/242 229/399/242 230/401/242
f 242/402/243 230/401/243 226/403/243
f 189/404/435 177/533/435 179/405/435
f 191/406/245 179/405/245 180/407/245
f 192/408/246 180/407/246 181/409/246
f 193/411/247 181/675/247 182/412/247
f 194/413/248 182/412/248 178/67/248
f 123/414/436 125/417/436 85/415/436
f 125/417/250 126/419/250 86/418/250
f 126/419/251 127/676/251 88/420/251
f 127/421/252 128/424/252 89/422/252
f 128/424/253 124/59/253 84/55/253
f 195/425/437 189/404/437 191/406/437
f 197/426/255 191/406/255 192/408/255
f 192/408/256 193/677/256 199/428/256
f 193/429/257 194/678/257 200/430/257
f 200/430/258 194/678/258 190/61/258
f 117/432/438 119/433/438 125/417/438
f 119/433/260 120/451/260 126/419/260
f 126/419/439 120/451/439 121/434/439
f 121/436/262 122/439/262 128/437/262
f 122/439/263 118/62/263 124/59/263
f 201/440/440 195/425/440 197/426/440
f 197/426/265 198/427/265 204/442/265
f 204/442/266 198/427/266 199/443/266
f 199/445/267 200/448/267 206/446/267
f 200/448/268 196/60/268 202/63/268
f 117/432/269 111/464/269 113/449/269
f 119/433/441 113/449/441 114/450/441
f 114/450/271 115/679/271 121/452/271
f 121/453/272 115/680/272 116/454/272
f 122/455/273 116/454/273 112/64/273
f 207/58/442 201/440/442 203/441/442
f 209/456/275 203/441/275 204/442/275
f 210/457/276 204/442/276 205/458/276
f 205/460/277 206/463/277 212/461/277
f 206/463/278 202/63/278 208/65/278
f 111/464/443 105/480/443 107/465/443
f 113/449/280 107/465/280 108/466/280
f 114/450/281 108/466/281 109/467/281
f 115/469/282 109/681/282 110/470/282
f 116/471/283 110/470/283 106/66/283
f 207/58/444 209/456/444 215/472/444
f 215/472/285 209/456/285 210/457/285
f 210/457/286 211/682/286 217/475/286
f 217/476/287 211/683/287 212/477/287
f 218/478/288 212/477/288 208/65/288
f 99/479/289 101/481/289 107/465/289
f 101/481/290 102/497/290 108/466/290
f 108/466/291 102/497/291 103/482/291
f 109/484/292 103/684/292 104/485/292
f 104/485/293 100/1/293 106/66/293
f 219/487/445 213/473/445 215/472/445
f 221/488/295 215/472/295 216/474/295
f 222/489/296 216/474/296 217/490/296
f 223/492/297 217/685/297 218/493/297
f 224/494/446 218/493/446 214/3/446
f 91/495/447 94/496/447 101/481/447
f 94/496/300 95/511/300 102/497/300
f 102/497/301 95/511/301 97/498/301
f 97/500/302 98/686/302 104/501/302
f 104/501/303 98/686/303 93/39/303
f 219/487/304 221/488/304 185/503/304
f 221/488/305 222/489/305 186/505/305
f 222/489/306 223/687/306 187/506/306
f 187/506/448 223/687/448 224/507/448
f 188/508/449 224/507/449 220/2/449
f 91/495/309 73/688/309 76/509/309
f 94/496/310 76/509/310 78/510/310
f 95/511/311 78/510/311 79/512/311
f 97/513/312 79/512/312 81/514/312
f 98/515/313 81/514/313 75/41/313
f 274/45/314 278/517/314 89/516/314
f 278/517/315 277/689/315 88/518/315
f 277/519/316 276/71/316 86/418/316
f 276/71/317 275/69/317 85/415/317
f 275/69/450 273/625/450 82/416/450
f 226/403/319 230/401/319 284/170/319
f 230/401/320 229/399/320 283/168/320
f 229/399/321 228/397/321 282/167/321
f 228/397/322 227/396/322 281/165/322
f 227/396/451 225/674/451 279/166/451
f 2/31/324 8/522/324 236/521/324
f 8/522/325 7/690/325 235/523/325
f 7/524/326 5/182/326 234/305/326
f 5/182/327 4/180/327 233/302/327
f 4/180/452 1/546/452 231/303/452
f 75/41/329 81/514/329 18/281/329
f 81/514/330 79/512/330 16/279/330
f 79/512/331 78/510/331 15/278/331
f 78/510/332 76/509/332 13/276/332
f 76/509/453 73/688/453 10/277/453
f 129/526/454 183/504/454 185/503/454
f 131/283/455 185/503/455 186/505/455
f 132/284/456 186/505/456 187/506/456
f 133/286/457 187/506/457 188/508/457
f 188/508/338 184/40/338 130/290/338
f 135/191/458 137/190/458 323/292/458
f 137/190/340 138/193/340 324/294/340
f 138/193/341 139/691/341 325/528/341
f 139/529/342 140/532/342 326/530/342
f 140/532/343 136/30/343 322/6/343
f 375/80/459 377/79/459 179/405/459
f 377/79/345 378/82/345 180/407/345
f 378/82/346 379/692/346 181/534/346
f 379/535/347 380/538/347 182/536/347
f 380/538/460 376/44/460 178/67/460
f 370/54/349 374/540/349 332/539/349
f 374/540/350 373/693/350 331/541/350
f 373/542/461 372/173/461 330/390/461
f 372/173/462 371/172/462 329/388/462
f 371/172/463 369/624/463 327/389/463
f 111/464/354 117/432/354 123/414/354
f 123/414/464 82/416/464 273/625/464
f 273/625/354 285/68/354 291/89/354
f 291/89/354 297/103/354 303/118/354
f 303/118/354 309/134/354 315/150/354
f 315/150/354 279/166/354 225/674/354
f 225/674/354 237/380/354 243/365/354
f 243/365/354 249/366/354 255/350/354
f 255/350/354 261/319/354 267/301/354
f 267/301/354 231/303/354 430/694/354
f 267/301/354 430/694/354 431/695/354
f 243/365/354 255/350/354 267/301/354
f 315/150/354 225/674/354 243/365/354
f 291/89/354 303/118/354 315/150/354
f 123/414/354 273/625/354 291/89/354
f 105/480/354 111/464/354 123/414/354
f 91/495/354 99/479/354 105/480/354
f 10/277/354 73/688/354 91/495/354
f 55/246/354 64/262/354 10/277/354
f 37/216/354 46/231/354 55/246/354
f 448/696/465 423/697/465 37/216/465
f 444/698/354 448/696/354 37/216/354
f 37/216/354 55/246/354 10/277/354
f 10/277/354 91/495/354 105/480/354
f 105/480/354 123/414/354 291/89/354
f 291/89/354 315/150/354 243/365/354
f 243/365/354 267/301/354 431/695/354
f 243/365/354 431/695/354 428/699/354
f 105/480/354 291/89/354 243/365/354
f 37/216/354 10/277/354 105/480/354
f 447/700/354 444/698/354 37/216/354
f 445/701/354 447/700/354 37/216/354
f 243/365/354 428/699/354 426/702/354
f 243/365/354 426/702/354 427/703/354
f 445/701/354 37/216/354 105/480/354
f 446/704/354 445/701/354 105/480/354
f 243/365/354 427/703/354 429/705/354
f 243/365/354 429/705/354 432/706/354
f 443/707/354 446/704/354 105/480/354
f 449/708/354 443/707/354 105/480/354
f 243/365/354 432/706/354 436/709/354
f 243/365/464 436/709/464 435/710/464
f 441/711/354 449/708/354 105/480/354
f 440/712/354 441/711/354 105/480/354
f 105/480/354 243/365/354 435/710/354
f 105/480/354 435/710/354 434/713/354
f 442/714/354 440/712/354 105/480/354
f 439/715/354 442/714/354 105/480/354
f 105/480/354 434/713/354 450/544/354
f 438/545/354 439/715/354 105/480/354
f 1/546/354 19/179/354 28/201/354
f 28/201/354 37/216/354 423/697/354
f 28/201/354 423/697/354 424/716/354
f 437/717/354 430/694/354 231/303/354
f 433/718/354 437/717/354 231/303/354
f 1/546/354 28/201/354 424/716/354
f 1/546/354 424/716/354 422/719/354
f 420/720/354 433/718/354 231/303/354
f 421/721/354 420/720/354 231/303/354
f 1/546/354 422/719/354 425/722/354
f 1/546/354 425/722/354 419/723/354
f 418/724/354 421/721/354 231/303/354
f 1/546/354 419/723/354 417/547/354
f 417/547/354 418/724/354 231/303/354
usemtl 
f 3/548/355 419/549/355 6/550/355
f 6/550/356 425/551/356 9/552/356
f 9/552/357 422/553/357 11/554/357
f 11/554/358 424/555/358 14/556/358
f 14/556/359 423/557/359 448/558/359
f 17/559/360 444/560/360 20/561/360
f 20/561/361 447/562/361 23/563/361
f 23/563/362 445/564/362 27/565/362
f 27/565/363 446/566/363 30/567/363
f 30/567/364 443/568/364 33/569/364
f 33/569/365 449/570/365 36/571/365
f 36/571/366 441/572/366 38/573/366
f 42/574/367 441/575/367 440/576/367
f 44/577/368 440/578/368 442/579/368
f 47/580/369 442/579/369 439/581/369
f 50/582/370 439/583/370 438/584/370
f 53/585/371 438/586/371 450/587/371
f 56/588/372 450/589/372 434/590/372
f 59/591/373 434/592/373 435/593/373
f 62/594/374 435/593/374 436/595/374
f 62/594/375 432/596/375 66/597/375
f 66/597/376 429/598/376 69/599/376
f 69/599/377 427/600/377 72/601/377
f 72/601/378 426/602/378 74/603/378
f 74/603/379 428/604/379 77/605/379
f 77/605/380 431/606/380 80/607/380
f 80/607/381 430/608/381 437/609/381
f 83/610/382 433/611/382 87/612/382
f 87/612/383 420/613/383 90/614/383
f 90/614/384 421/615/384 92/616/384
f 47/617/354 72/618/354 96/619/354
f 92/616/385 418/620/385 96/621/385
f 96/621/386 417/622/386 3/623/386
f 3/548/355 417/725/355 419/549/355
f 6/550/356 419/726/356 425/551/356
f 9/552/357 425/551/357 422/553/357
f 11/554/358 422/727/358 424/555/358
f 448/558/359 17/559/359 14/556/359
f 14/556/359 424/728/359 423/557/359
f 17/559/360 448/729/360 444/560/360
f 20/561/361 444/730/361 447/562/361
f 23/563/362 447/731/362 445/564/362
f 27/565/363 445/564/363 446/566/363
f 30/567/364 446/732/364 443/568/364
f 33/569/365 443/568/365 449/570/365
f 36/571/366 449/733/366 441/572/366
f 42/574/367 38/573/367 441/575/367
f 44/577/368 42/574/368 440/578/368
f 47/580/369 44/577/369 442/579/369
f 50/582/370 47/580/370 439/583/370
f 53/585/371 50/582/371 438/586/371
f 56/588/372 53/585/372 450/589/372
f 59/591/373 56/588/373 434/592/373
f 62/594/374 59/591/374 435/593/374
f 62/594/375 436/734/375 432/596/375
f 66/597/376 432/735/376 429/598/376
f 69/599/377 429/598/377 427/600/377
f 72/601/378 427/600/378 426/602/378
f 74/603/379 426/602/379 428/604/379
f 77/605/380 428/604/380 431/606/380
f 437/609/381 83/610/381 80/607/381
f 80/607/381 431/736/381 430/608/381
f 83/610/382 437/737/382 433/611/382
f 87/612/383 433/738/383 420/613/383
f 90/614/384 420/613/384 421/615/384
f 96/619/354 3/739/354 6/617/354
f 6/617/354 9/740/354 11/741/354
f 11/741/354 14/742/354 17/743/354
f 17/743/354 20/744/354 23/745/354
f 23/745/354 27/746/354 30/745/354
f 30/745/354 33/744/354 36/743/354
f 36/743/354 38/742/354 42/741/354
f 42/741/354 44/740/354 47/617/354
f 47/617/354 50/739/354 53/619/354
f 53/619/354 56/747/354 59/748/354
f 59/748/354 62/749/354 66/750/354
f 66/750/354 69/751/354 72/618/354
f 72/618/354 74/752/354 77/618/354
f 77/618/354 80/751/354 83/750/354
f 83/750/354 87/749/354 90/748/354
f 90/748/354 92/747/354 96/619/354
f 96/619/354 6/617/354 11/741/354
f 11/741/354 17/743/354 23/745/354
f 23/745/354 30/745/354 36/743/354
f 36/743/354 42/741/354 47/617/354
f 47/617/354 53/619/354 59/748/354
f 59/748/354 66/750/354 72/618/354
f 72/618/354 77/618/354 83/750/354
f 83/750/354 90/748/354 96/619/354
f 96/619/354 11/741/354 23/745/354
f 23/745/354 36/743/354 47/617/354
f 47/617/354 59/748/354 72/618/354
f 72/618/354 83/750/354 96/619/354
f 96/619/354 23/745/354 47/617/354
f 92/616/385 421/753/385 418/620/385
f 96/621/386 418/620/386 417/622/386
o Cube.001
v 0.151439 0.313992 -1.081261
v 0.151682 0.318319 -1.059625
v 0.000000 0.195242 0.185330
v 0.151514 0.315329 -1.080202
v 0.151582 0.316535 -1.077129
v 0.014039 0.193859 0.185330
v 0.151636 0.317493 -1.072343
v 0.151670 0.318107 -1.066311
v 0.027538 0.189764 0.185330
v 0.203832 0.261599 -1.081261
v 0.039980 0.183114 0.185330
v 0.208159 0.261842 -1.059625
v 0.205169 0.261674 -1.080202
v 0.050884 0.174165 0.185330
v 0.206375 0.261742 -1.077129
v 0.207332 0.261796 -1.072343
v 0.059834 0.163260 0.185330
v 0.207947 0.261830 -1.066311
v 0.163280 0.312658 -1.081261
v 0.066484 0.150819 0.185330
v 0.164249 0.316903 -1.059625
v 0.163580 0.313970 -1.080202
v 0.070579 0.137320 0.185330
v 0.163850 0.315153 -1.077129
v 0.164064 0.316092 -1.072343
v 0.164202 0.316695 -1.066311
v 0.071961 0.123281 0.185330
v 0.174297 0.308803 -1.081261
v 0.176186 0.312726 -1.059625
v 0.070579 0.109242 0.185330
v 0.174881 0.310015 -1.080202
v 0.175408 0.311109 -1.077129
v 0.066484 0.095742 0.185330
v 0.175826 0.311977 -1.072343
v 0.176094 0.312534 -1.066311
v 0.059834 0.083301 0.185330
v 0.184180 0.302593 -1.081261
v 0.050884 0.072396 0.185330
v 0.186895 0.305998 -1.059625
v 0.185019 0.303645 -1.080202
v 0.185776 0.304594 -1.077129
v 0.039980 0.063447 0.185330
v 0.186376 0.305347 -1.072343
v 0.027538 0.056797 0.185330
v 0.186762 0.305831 -1.066311
v 0.192433 0.294340 -1.081261
v 0.014039 0.052702 0.185330
v 0.195837 0.297055 -1.059625
v 0.193485 0.295179 -1.080202
v 0.000000 0.051319 0.185330
v 0.194434 0.295936 -1.077129
v 0.195187 0.296536 -1.072343
v -0.014039 0.052702 0.185330
v 0.195671 0.296922 -1.066311
v 0.198642 0.284457 -1.081261
v -0.027538 0.056797 0.185330
v 0.202566 0.286347 -1.059625
v 0.199855 0.285041 -1.080202
v -0.039980 0.063447 0.185330
v 0.200949 0.285568 -1.077129
v 0.201817 0.285986 -1.072343
v -0.050884 0.072396 0.185330
v 0.202374 0.286254 -1.066311
v 0.202497 0.273440 -1.081261
v 0.206743 0.274409 -1.059625
v -0.059834 0.083301 0.185330
v 0.203809 0.273740 -1.080202
v 0.204993 0.274010 -1.077129
v -0.066484 0.095742 0.185330
v 0.205932 0.274224 -1.072343
v 0.206535 0.274362 -1.066311
v -0.070579 0.109242 0.185330
v 0.203832 -0.041279 -1.081261
v -0.071961 0.123281 0.185330
v 0.208159 -0.041522 -1.059625
v 0.205169 -0.041354 -1.080202
v -0.070579 0.137320 0.185330
v 0.206375 -0.041422 -1.077129
v 0.207332 -0.041475 -1.072343
v -0.066484 0.150819 0.185330
v 0.207947 -0.041510 -1.066311
v 0.151439 -0.093671 -1.081261
v -0.059834 0.163260 0.185330
v 0.151682 -0.097999 -1.059625
v 0.151514 -0.095009 -1.080202
v 0.151582 -0.096215 -1.077129
v -0.050884 0.174165 0.185330
v 0.151636 -0.097172 -1.072343
v 0.151670 -0.097787 -1.066311
v -0.039980 0.183114 0.185330
v 0.202497 -0.053120 -1.081261
v -0.027538 0.189764 0.185330
v 0.206743 -0.054089 -1.059625
v 0.203809 -0.053419 -1.080202
v 0.204993 -0.053690 -1.077129
v -0.014039 0.193859 0.185330
v 0.205932 -0.053904 -1.072343
v 0.206535 -0.054042 -1.066311
v 0.198642 -0.064137 -1.081261
v 0.202566 -0.066026 -1.059625
v 0.199855 -0.064721 -1.080202
v 0.200949 -0.065247 -1.077129
v 0.201817 -0.065665 -1.072343
v 0.202374 -0.065934 -1.066311
v 0.192433 -0.074019 -1.081261
v 0.195837 -0.076734 -1.059625
v 0.193485 -0.074858 -1.080202
v 0.194434 -0.075615 -1.077129
v 0.195187 -0.076216 -1.072343
v 0.195671 -0.076602 -1.066311
v 0.184180 -0.082273 -1.081261
v 0.186895 -0.085677 -1.059625
v 0.185019 -0.083325 -1.080202
v 0.185776 -0.084274 -1.077129
v 0.186376 -0.085027 -1.072343
v 0.186762 -0.085511 -1.066311
v 0.174297 -0.088482 -1.081261
v 0.176186 -0.092406 -1.059625
v 0.174881 -0.089695 -1.080202
v 0.175408 -0.090788 -1.077129
v 0.175826 -0.091656 -1.072343
v 0.176094 -0.092214 -1.066311
v 0.163280 -0.092337 -1.081261
v 0.164249 -0.096583 -1.059625
v 0.163580 -0.093649 -1.080202
v 0.163850 -0.094833 -1.077129
v 0.164064 -0.095772 -1.072343
v 0.164202 -0.096375 -1.066311
v 0.203832 0.261599 1.000327
v 0.208159 0.261842 0.978691
v 0.205169 0.261674 0.999268
v 0.206375 0.261742 0.996195
v 0.207332 0.261796 0.991408
v 0.207947 0.261830 0.985377
v 0.151439 0.313992 1.000327
v 0.151682 0.318319 0.978691
v 0.151514 0.315329 0.999268
v 0.151582 0.316535 0.996195
v 0.151636 0.317493 0.991408
v 0.151670 0.318107 0.985377
v 0.202497 0.273440 1.000327
v 0.206743 0.274409 0.978691
v 0.203809 0.273740 0.999268
v 0.204993 0.274010 0.996195
v 0.205932 0.274224 0.991408
v 0.206535 0.274362 0.985377
v 0.198642 0.284457 1.000327
v 0.202566 0.286347 0.978691
v 0.199855 0.285041 0.999268
v 0.200949 0.285568 0.996195
v 0.201817 0.285986 0.991408
v 0.202374 0.286254 0.985377
v 0.192433 0.294340 1.000327
v 0.195837 0.297055 0.978691
v 0.193485 0.295179 0.999268
v 0.194434 0.295936 0.996195
v 0.195187 0.296536 0.991408
v 0.195671 0.296922 0.985377
v 0.184180 0.302593 1.000327
v 0.186895 0.305998 0.978691
v 0.185019 0.303645 0.999268
v 0.185776 0.304594 0.996195
v 0.186376 0.305347 0.991408
v 0.186762 0.305831 0.985377
v 0.174297 0.308803 1.000327
v 0.176186 0.312726 0.978691
v 0.174881 0.310015 0.999268
v 0.175408 0.311109 0.996195
v 0.175826 0.311977 0.991408
v 0.176094 0.312534 0.985377
v 0.163280 0.312658 1.000327
v 0.164249 0.316903 0.978691
v 0.163580 0.313970 0.999268
v 0.163850 0.315153 0.996195
v 0.164064 0.316092 0.991408
v 0.164202 0.316695 0.985377
v 0.151439 -0.093671 1.000327
v 0.151682 -0.097999 0.978691
v 0.151514 -0.095009 0.999268
v 0.151582 -0.096215 0.996195
v 0.151636 -0.097172 0.991408
v 0.151670 -0.097787 0.985377
v 0.203832 -0.041279 1.000327
v 0.208159 -0.041522 0.978691
v 0.205169 -0.041354 0.999268
v 0.206375 -0.041422 0.996195
v 0.207332 -0.041475 0.991408
v 0.207947 -0.041510 0.985377
v 0.163280 -0.092337 1.000327
v 0.164249 -0.096583 0.978691
v 0.163580 -0.093649 0.999268
v 0.163850 -0.094833 0.996195
v 0.164064 -0.095772 0.991408
v 0.164202 -0.096375 0.985377
v 0.174297 -0.088482 1.000327
v 0.176186 -0.092406 0.978691
v 0.174881 -0.089695 0.999268
v 0.175408 -0.090788 0.996195
v 0.175826 -0.091656 0.991408
v 0.176094 -0.092214 0.985377
v 0.184180 -0.082273 1.000327
v 0.186895 -0.085677 0.978691
v 0.185019 -0.083325 0.999268
v 0.185776 -0.084274 0.996195
v 0.186376 -0.085027 0.991408
v 0.186762 -0.085511 0.985377
v 0.192433 -0.074019 1.000327
v 0.195837 -0.076734 0.978691
v 0.193485 -0.074858 0.999268
v 0.194434 -0.075615 0.996195
v 0.195187 -0.076216 0.991408
v 0.195671 -0.076602 0.985377
v 0.198642 -0.064137 1.000327
v 0.202566 -0.066026 0.978691
v 0.199855 -0.064721 0.999268
v 0.200949 -0.065247 0.996195
v 0.201817 -0.065665 0.991408
v 0.202374 -0.065934 0.985377
v 0.202497 -0.053120 1.000327
v 0.206743 -0.054089 0.978691
v 0.203809 -0.053419 0.999268
v 0.204993 -0.053690 0.996195
v 0.205932 -0.053904 0.991408
v 0.206535 -0.054042 0.985377
v -0.203832 0.261599 -1.081261
v -0.208159 0.261842 -1.059625
v -0.205169 0.261674 -1.080202
v -0.206375 0.261742 -1.077129
v -0.207332 0.261796 -1.072343
v -0.207947 0.261830 -1.066311
v -0.151439 0.313992 -1.081261
v -0.151682 0.318319 -1.059625
v -0.151514 0.315329 -1.080202
v -0.151582 0.316535 -1.077129
v -0.151636 0.317493 -1.072343
v -0.151670 0.318107 -1.066311
v -0.202497 0.273440 -1.081261
v -0.206743 0.274409 -1.059625
v -0.203809 0.273740 -1.080202
v -0.204993 0.274010 -1.077129
v -0.205932 0.274224 -1.072343
v -0.206535 0.274362 -1.066311
v -0.198642 0.284457 -1.081261
v -0.202566 0.286347 -1.059625
v -0.199855 0.285041 -1.080202
v -0.200949 0.285568 -1.077129
v -0.201817 0.285986 -1.072343
v -0.202374 0.286254 -1.066311
v -0.192433 0.294340 -1.081261
v -0.195837 0.297055 -1.059625
v -0.193485 0.295179 -1.080202
v -0.194434 0.295936 -1.077129
v -0.195187 0.296536 -1.072343
v -0.195671 0.296922 -1.066311
v -0.184180 0.302593 -1.081261
v -0.186895 0.305998 -1.059625
v -0.185019 0.303645 -1.080202
v -0.185776 0.304594 -1.077129
v -0.186376 0.305347 -1.072343
v -0.186762 0.305831 -1.066311
v -0.174297 0.308803 -1.081261
v -0.176186 0.312726 -1.059625
v -0.174881 0.310015 -1.080202
v -0.175408 0.311109 -1.077129
v -0.175826 0.311977 -1.072343
v -0.176094 0.312534 -1.066311
v -0.163280 0.312658 -1.081261
v -0.164249 0.316903 -1.059625
v -0.163580 0.313970 -1.080202
v -0.163850 0.315153 -1.077129
v -0.164064 0.316092 -1.072343
v -0.164202 0.316695 -1.066311
v -0.151439 -0.093671 -1.081261
v -0.151682 -0.097999 -1.059625
v -0.151514 -0.095009 -1.080202
v -0.151582 -0.096215 -1.077129
v -0.151636 -0.097172 -1.072343
v -0.151670 -0.097787 -1.066311
v -0.203832 -0.041279 -1.081261
v -0.208159 -0.041522 -1.059625
v -0.205169 -0.041354 -1.080202
v -0.206375 -0.041422 -1.077129
v -0.207332 -0.041475 -1.072343
v -0.207947 -0.041510 -1.066311
v -0.163280 -0.092337 -1.081261
v -0.164249 -0.096583 -1.059625
v -0.163580 -0.093649 -1.080202
v -0.163850 -0.094833 -1.077129
v -0.164064 -0.095772 -1.072343
v -0.164202 -0.096375 -1.066311
v -0.174297 -0.088482 -1.081261
v -0.176186 -0.092406 -1.059625
v -0.174881 -0.089695 -1.080202
v -0.175408 -0.090788 -1.077129
v -0.175826 -0.091656 -1.072343
v -0.176094 -0.092214 -1.066311
v -0.184180 -0.082273 -1.081261
v -0.186895 -0.085677 -1.059625
v -0.185019 -0.083325 -1.080202
v -0.185776 -0.084274 -1.077129
v -0.186376 -0.085027 -1.072343
v -0.186762 -0.085511 -1.066311
v -0.192433 -0.074019 -1.081261
v -0.195837 -0.076734 -1.059625
v -0.193485 -0.074858 -1.080202
v -0.194434 -0.075615 -1.077129
v -0.195187 -0.076216 -1.072343
v -0.195671 -0.076602 -1.066311
v -0.198642 -0.064137 -1.081261
v -0.202566 -0.066026 -1.059625
v -0.199855 -0.064721 -1.080202
v -0.200949 -0.065247 -1.077129
v -0.201817 -0.065665 -1.072343
v -0.202374 -0.065934 -1.066311
v -0.202497 -0.053120 -1.081261
v -0.206743 -0.054089 -1.059625
v -0.203809 -0.053419 -1.080202
v -0.204993 -0.053690 -1.077129
v -0.205932 -0.053904 -1.072343
v -0.206535 -0.054042 -1.066311
v -0.151439 0.313992 1.000327
v -0.151682 0.318319 0.978691
v -0.151514 0.315329 0.999268
v -0.151582 0.316535 0.996195
v -0.151636 0.317493 0.991408
v -0.151670 0.318107 0.985377
v -0.203832 0.261599 1.000327
v -0.208159 0.261842 0.978691
v -0.205169 0.261674 0.999268
v -0.206375 0.261742 0.996195
v -0.207332 0.261796 0.991408
v -0.207947 0.261830 0.985377
v -0.163280 0.312658 1.000327
v -0.164249 0.316903 0.978691
v -0.163580 0.313970 0.999268
v -0.163850 0.315153 0.996195
v -0.164064 0.316092 0.991408
v -0.164202 0.316695 0.985377
v -0.174297 0.308803 1.000327
v -0.176186 0.312726 0.978691
v -0.174881 0.310015 0.999268
v -0.175408 0.311109 0.996195
v -0.175826 0.311977 0.991408
v -0.176094 0.312534 0.985377
v -0.184180 0.302593 1.000327
v -0.186895 0.305998 0.978691
v -0.185019 0.303645 0.999268
v -0.185776 0.304594 0.996195
v -0.186376 0.305347 0.991408
v -0.186762 0.305831 0.985377
v -0.192433 0.294340 1.000327
v -0.195837 0.297055 0.978691
v -0.193485 0.295179 0.999268
v -0.194434 0.295936 0.996195
v -0.195187 0.296536 0.991408
v -0.195671 0.296922 0.985377
v -0.198642 0.284457 1.000327
v -0.202566 0.286347 0.978691
v -0.199855 0.285041 0.999268
v -0.200949 0.285568 0.996195
v -0.201817 0.285986 0.991408
v -0.202374 0.286254 0.985377
v -0.202497 0.273440 1.000327
v -0.206743 0.274409 0.978691
v -0.203809 0.273740 0.999268
v -0.204993 0.274010 0.996195
v -0.205932 0.274224 0.991408
v -0.206535 0.274362 0.985377
v -0.203832 -0.041279 1.000327
v -0.208159 -0.041522 0.978691
v -0.205169 -0.041354 0.999268
v -0.206375 -0.041422 0.996195
v -0.207332 -0.041475 0.991408
v -0.207947 -0.041510 0.985377
v -0.151439 -0.093671 1.000327
v -0.151682 -0.097999 0.978691
v -0.151514 -0.095009 0.999268
v -0.151582 -0.096215 0.996195
v -0.151636 -0.097172 0.991408
v -0.151670 -0.097787 0.985377
v -0.202497 -0.053120 1.000327
v -0.206743 -0.054089 0.978691
v -0.203809 -0.053419 0.999268
v -0.204993 -0.053690 0.996195
v -0.205932 -0.053904 0.991408
v -0.206535 -0.054042 0.985377
v -0.198642 -0.064137 1.000327
v -0.202566 -0.066026 0.978691
v -0.199855 -0.064721 0.999268
v -0.200949 -0.065247 0.996195
v -0.201817 -0.065665 0.991408
v -0.202374 -0.065934 0.985377
v -0.192433 -0.074019 1.000327
v -0.195837 -0.076734 0.978691
v -0.193485 -0.074858 0.999268
v -0.194434 -0.075615 0.996195
v -0.195187 -0.076216 0.991408
v -0.195671 -0.076602 0.985377
v -0.184180 -0.082273 1.000327
v -0.186895 -0.085677 0.978691
v -0.185019 -0.083325 0.999268
v -0.185776 -0.084274 0.996195
v -0.186376 -0.085027 0.991408
v -0.186762 -0.085511 0.985377
v -0.174297 -0.088482 1.000327
v -0.176186 -0.092406 0.978691
v -0.174881 -0.089695 0.999268
v -0.175408 -0.090788 0.996195
v -0.175826 -0.091656 0.991408
v -0.176094 -0.092214 0.985377
v -0.163280 -0.092337 1.000327
v -0.164249 -0.096583 0.978691
v -0.163580 -0.093649 0.999268
v -0.163850 -0.094833 0.996195
v -0.164064 -0.095772 0.991408
v -0.164202 -0.096375 0.985377
v -0.071961 0.123281 -1.081261
v -0.070579 0.109242 -1.081261
v -0.070579 0.137320 -1.081261
v -0.059834 0.083301 -1.081261
v -0.066484 0.095742 -1.081261
v -0.059834 0.163260 -1.081261
v -0.066484 0.150819 -1.081261
v -0.027538 0.056797 -1.081261
v -0.039980 0.063447 -1.081261
v 0.000000 0.051319 -1.081261
v 0.027538 0.056797 -1.081261
v 0.014039 0.052702 -1.081261
v -0.014039 0.052702 -1.081261
v -0.050884 0.072396 -1.081261
v -0.050884 0.174165 -1.081261
v -0.039980 0.183114 -1.081261
v -0.014039 0.193859 -1.081261
v -0.027538 0.189764 -1.081261
v 0.000000 0.195242 -1.081261
v 0.027538 0.189764 -1.081261
v 0.014039 0.193859 -1.081261
v 0.039980 0.183114 -1.081261
v 0.050884 0.072396 -1.081261
v 0.059834 0.083301 -1.081261
v 0.059834 0.163260 -1.081261
v 0.071961 0.123281 -1.081261
v 0.070579 0.109242 -1.081261
v 0.070579 0.137320 -1.081261
v 0.066484 0.150819 -1.081261
v 0.066484 0.095742 -1.081261
v 0.050884 0.174165 -1.081261
v 0.039980 0.063447 -1.081261
vn 0.9439 -0.3303 -0.0000
vn -0.1120 0.9937 -0.0000
vn -0.9937 0.1120 -0.0000
vn 0.9937 0.1120 -0.0000
vn 0.3303 0.9439 -0.0000
vn -0.9937 -0.1120 -0.0000
vn -0.5320 -0.8467 -0.0000
vn -0.7071 -0.7071 -0.0000
vn -0.8467 -0.5320 -0.0000
vn -0.9439 -0.3303 -0.0000
vn -0.3303 -0.9439 -0.0000
vn -0.0000 1.0000 -0.0000
vn 0.5320 0.8467 -0.0000
vn 0.7071 0.7071 -0.0000
vn 0.8467 0.5320 -0.0000
vn 0.9439 0.3303 -0.0000
vn 0.9937 -0.1120 -0.0000
vn 1.0000 -0.0000 -0.0000
vn -0.9439 0.3303 -0.0000
vn -0.1120 -0.9937 -0.0000
vn -0.3303 0.9439 -0.0000
vn -0.5320 0.8467 -0.0000
vn -0.7071 0.7071 -0.0000
vn -0.8467 0.5320 -0.0000
vn -1.0000 -0.0000 -0.0000
vn -0.0000 -1.0000 -0.0000
vn -0.0000 -0.0000 1.0000
vn 0.3303 -0.9439 -0.0000
vn 0.5320 -0.8467 -0.0000
vn 0.7071 -0.7071 -0.0000
vn 0.8467 -0.5320 -0.0000
vn 0.1120 -0.9937 -0.0000
vn 0.1120 0.9937 -0.0000
vn -0.0695 -0.6169 -0.7839
vn -0.1042 -0.9250 -0.3654
vn -0.1098 -0.9744 -0.1961
vn -0.1114 -0.9886 -0.1014
vn -0.1119 -0.9932 -0.0317
vn -0.0695 -0.6169 0.7840
vn -0.1042 -0.9250 0.3654
vn -0.1098 -0.9744 0.1961
vn -0.1114 -0.9886 0.1014
vn -0.1119 -0.9932 0.0317
vn -0.2050 -0.5860 -0.7840
vn -0.3074 -0.8786 -0.3654
vn -0.3239 -0.9255 -0.1961
vn -0.3286 -0.9390 -0.1014
vn -0.3301 -0.9434 -0.0317
vn -0.2050 -0.5860 0.7839
vn -0.3074 -0.8786 0.3654
vn -0.3239 -0.9256 0.1961
vn -0.3286 -0.9390 0.1014
vn -0.3301 -0.9434 0.0317
vn -0.3303 -0.5256 -0.7840
vn -0.4952 -0.7882 -0.3654
vn -0.5217 -0.8303 -0.1961
vn -0.5293 -0.8424 -0.1014
vn -0.5318 -0.8463 -0.0317
vn -0.3303 -0.5257 0.7840
vn -0.4952 -0.7882 0.3654
vn -0.5217 -0.8303 0.1961
vn -0.5293 -0.8424 0.1014
vn -0.5318 -0.8463 0.0317
vn -0.4390 -0.4390 -0.7840
vn -0.6582 -0.6582 -0.3654
vn -0.6934 -0.6934 -0.1961
vn -0.7035 -0.7035 -0.1014
vn -0.7067 -0.7068 -0.0317
vn -0.4390 -0.4390 0.7839
vn -0.6582 -0.6582 0.3654
vn -0.6934 -0.6934 0.1961
vn -0.7035 -0.7035 0.1014
vn -0.7067 -0.7068 0.0317
vn -0.5257 -0.3303 -0.7839
vn -0.7882 -0.4952 -0.3654
vn -0.8303 -0.5217 -0.1961
vn -0.8424 -0.5293 -0.1014
vn -0.8463 -0.5318 -0.0317
vn -0.5257 -0.3303 0.7840
vn -0.7882 -0.4952 0.3654
vn -0.8303 -0.5217 0.1961
vn -0.8424 -0.5293 0.1014
vn -0.8463 -0.5318 0.0317
vn -0.5860 -0.2051 -0.7839
vn -0.8786 -0.3074 -0.3654
vn -0.9256 -0.3239 -0.1961
vn -0.9390 -0.3286 -0.1014
vn -0.9434 -0.3301 -0.0317
vn -0.5860 -0.2050 0.7840
vn -0.8786 -0.3074 0.3654
vn -0.9256 -0.3239 0.1961
vn -0.9390 -0.3286 0.1014
vn -0.9434 -0.3301 0.0317
vn -0.6169 -0.0695 -0.7840
vn -0.9250 -0.1042 -0.3654
vn -0.9744 -0.1098 -0.1961
vn -0.9886 -0.1114 -0.1014
vn -0.9932 -0.1119 -0.0317
vn -0.6169 -0.0695 0.7839
vn -0.9250 -0.1042 0.3654
vn -0.9744 -0.1098 0.1961
vn -0.9886 -0.1114 0.1014
vn -0.9932 -0.1119 0.0317
vn 0.0695 0.6169 -0.7839
vn 0.1042 0.9250 -0.3654
vn 0.1098 0.9744 -0.1961
vn 0.1114 0.9886 -0.1014
vn 0.1119 0.9932 -0.0317
vn 0.0695 0.6169 0.7840
vn 0.1042 0.9250 0.3654
vn 0.1098 0.9744 0.1961
vn 0.1114 0.9886 0.1014
vn 0.1119 0.9932 0.0317
vn 0.2050 0.5860 -0.7840
vn 0.3074 0.8786 -0.3654
vn 0.3239 0.9255 -0.1961
vn 0.3286 0.9390 -0.1014
vn 0.3301 0.9434 -0.0317
vn 0.2050 0.5860 0.7839
vn 0.3074 0.8786 0.3654
vn 0.3239 0.9256 0.1961
vn 0.3286 0.9390 0.1014
vn 0.3301 0.9434 0.0317
vn 0.3303 0.5256 -0.7840
vn 0.4952 0.7882 -0.3654
vn 0.5217 0.8303 -0.1961
vn 0.5293 0.8424 -0.1014
vn 0.5318 0.8463 -0.0317
vn 0.3303 0.5257 0.7840
vn 0.4952 0.7882 0.3654
vn 0.5217 0.8303 0.1961
vn 0.5293 0.8424 0.1014
vn 0.5318 0.8463 0.0317
vn 0.4390 0.4390 -0.7840
vn 0.6582 0.6582 -0.3654
vn 0.6934 0.6934 -0.1961
vn 0.7035 0.7035 -0.1014
vn 0.7067 0.7068 -0.0317
vn 0.4390 0.4390 0.7839
vn 0.6582 0.6582 0.3654
vn 0.6934 0.6934 0.1961
vn 0.7035 0.7035 0.1014
vn 0.7067 0.7068 0.0317
vn 0.5257 0.3303 -0.7839
vn 0.7882 0.4952 -0.3654
vn 0.8303 0.5217 -0.1961
vn 0.8424 0.5293 -0.1014
vn 0.8463 0.5318 -0.0317
vn 0.5257 0.3303 0.7840
vn 0.7882 0.4952 0.3654
vn 0.8303 0.5217 0.1961
vn 0.8424 0.5293 0.1014
vn 0.8463 0.5318 0.0317
vn 0.5860 0.2051 -0.7839
vn 0.8786 0.3074 -0.3654
vn 0.9256 0.3239 -0.1961
vn 0.9390 0.3286 -0.1014
vn 0.9434 0.3301 -0.0317
vn 0.5860 0.2050 0.7840
vn 0.8786 0.3074 0.3654
vn 0.9256 0.3239 0.1961
vn 0.9390 0.3286 0.1014
vn 0.9434 0.3301 0.0317
vn 0.6169 0.0695 -0.7840
vn 0.9250 0.1042 -0.3654
vn 0.9744 0.1098 -0.1961
vn 0.9886 0.1114 -0.1014
vn 0.9932 0.1119 -0.0317
vn 0.6169 0.0695 0.7839
vn 0.9250 0.1042 0.3654
vn 0.9744 0.1098 0.1961
vn 0.9886 0.1114 0.1014
vn 0.9932 0.1119 0.0317
vn -0.0695 0.6169 0.7839
vn -0.1042 0.9250 0.3654
vn -0.1098 0.9744 0.1961
vn -0.1114 0.9886 0.1014
vn -0.1119 0.9932 0.0317
vn -0.0695 0.6169 -0.7840
vn -0.1042 0.9250 -0.3654
vn -0.1098 0.9744 -0.1961
vn -0.1114 0.9886 -0.1014
vn -0.1119 0.9932 -0.0317
vn -0.2050 0.5860 0.7840
vn -0.3074 0.8786 0.3654
vn -0.3239 0.9255 0.1961
vn -0.3286 0.9390 0.1014
vn -0.3301 0.9434 0.0317
vn -0.2050 0.5860 -0.7839
vn -0.3074 0.8786 -0.3654
vn -0.3239 0.9256 -0.1961
vn -0.3286 0.9390 -0.1014
vn -0.3301 0.9434 -0.0317
vn -0.3303 0.5256 0.7840
vn -0.4952 0.7882 0.3654
vn -0.5217 0.8303 0.1961
vn -0.5293 0.8424 0.1014
vn -0.5318 0.8463 0.0317
vn -0.3303 0.5257 -0.7840
vn -0.4952 0.7882 -0.3654
vn -0.5217 0.8303 -0.1961
vn -0.5293 0.8424 -0.1014
vn -0.5318 0.8463 -0.0317
vn -0.4390 0.4390 0.7840
vn -0.6582 0.6582 0.3654
vn -0.6934 0.6934 0.1961
vn -0.7035 0.7035 0.1014
vn -0.7067 0.7068 0.0317
vn -0.4390 0.4390 -0.7839
vn -0.6582 0.6582 -0.3654
vn -0.6934 0.6934 -0.1961
vn -0.7035 0.7035 -0.1014
vn -0.7067 0.7068 -0.0317
vn -0.5257 0.3303 0.7839
vn -0.7882 0.4952 0.3654
vn -0.8303 0.5217 0.1961
vn -0.8424 0.5293 0.1014
vn -0.8463 0.5318 0.0317
vn -0.5257 0.3303 -0.7840
vn -0.7882 0.4952 -0.3654
vn -0.8303 0.5217 -0.1961
vn -0.8424 0.5293 -0.1014
vn -0.8463 0.5318 -0.0317
vn -0.5860 0.2051 0.7839
vn -0.8786 0.3074 0.3654
vn -0.9256 0.3239 0.1961
vn -0.9390 0.3286 0.1014
vn -0.9434 0.3301 0.0317
vn -0.5860 0.2050 -0.7840
vn -0.8786 0.3074 -0.3654
vn -0.9256 0.3239 -0.1961
vn -0.9390 0.3286 -0.1014
vn -0.9434 0.3301 -0.0317
vn -0.6169 0.0695 0.7840
vn -0.9250 0.1042 0.3654
vn -0.9744 0.1098 0.1961
vn -0.9886 0.1114 0.1014
vn -0.9932 0.1119 0.0317
vn -0.6169 0.0695 -0.7839
vn -0.9250 0.1042 -0.3654
vn -0.9744 0.1098 -0.1961
vn -0.9886 0.1114 -0.1014
vn -0.9932 0.1119 -0.0317
vn 0.0695 -0.6169 0.7839
vn 0.1042 -0.9250 0.3654
vn 0.1098 -0.9744 0.1961
vn 0.1114 -0.9886 0.1014
vn 0.1119 -0.9932 0.0317
vn 0.0695 -0.6169 -0.7840
vn 0.1042 -0.9250 -0.3654
vn 0.1098 -0.9744 -0.1961
vn 0.1114 -0.9886 -0.1014
vn 0.1119 -0.9932 -0.0317
vn 0.2050 -0.5860 0.7840
vn 0.3074 -0.8786 0.3654
vn 0.3239 -0.9255 0.1961
vn 0.3286 -0.9390 0.1014
vn 0.3301 -0.9434 0.0317
vn 0.2050 -0.5860 -0.7839
vn 0.3074 -0.8786 -0.3654
vn 0.3239 -0.9256 -0.1961
vn 0.3286 -0.9390 -0.1014
vn 0.3301 -0.9434 -0.0317
vn 0.3303 -0.5256 0.7840
vn 0.4952 -0.7882 0.3654
vn 0.5217 -0.8303 0.1961
vn 0.5293 -0.8424 0.1014
vn 0.5318 -0.8463 0.0317
vn 0.3303 -0.5257 -0.7840
vn 0.4952 -0.7882 -0.3654
vn 0.5217 -0.8303 -0.1961
vn 0.5293 -0.8424 -0.1014
vn 0.5318 -0.8463 -0.0317
vn 0.4390 -0.4390 0.7840
vn 0.6582 -0.6582 0.3654
vn 0.6934 -0.6934 0.1961
vn 0.7035 -0.7035 0.1014
vn 0.7067 -0.7068 0.0317
vn 0.4390 -0.4390 -0.7839
vn 0.6582 -0.6582 -0.3654
vn 0.6934 -0.6934 -0.1961
vn 0.7035 -0.7035 -0.1014
vn 0.7067 -0.7068 -0.0317
vn 0.5257 -0.3303 0.7839
vn 0.7882 -0.4952 0.3654
vn 0.8303 -0.5217 0.1961
vn 0.8424 -0.5293 0.1014
vn 0.8463 -0.5318 0.0317
vn 0.5257 -0.3303 -0.7840
vn 0.7882 -0.4952 -0.3654
vn 0.8303 -0.5217 -0.1961
vn 0.8424 -0.5293 -0.1014
vn 0.8463 -0.5318 -0.0317
vn 0.5860 -0.2051 0.7839
vn 0.8786 -0.3074 0.3654
vn 0.9256 -0.3239 0.1961
vn 0.9390 -0.3286 0.1014
vn 0.9434 -0.3301 0.0317
vn 0.5860 -0.2050 -0.7840
vn 0.8786 -0.3074 -0.3654
vn 0.9256 -0.3239 -0.1961
vn 0.9390 -0.3286 -0.1014
vn 0.9434 -0.3301 -0.0317
vn 0.6169 -0.0695 0.7840
vn 0.9250 -0.1042 0.3654
vn 0.9744 -0.1098 0.1961
vn 0.9886 -0.1114 0.1014
vn 0.9932 -0.1119 0.0317
vn 0.6169 -0.0695 -0.7839
vn 0.9250 -0.1042 -0.3654
vn 0.9744 -0.1098 -0.1961
vn 0.9886 -0.1114 -0.1014
vn 0.9932 -0.1119 -0.0317
vn -0.0000 -0.9995 -0.0317
vn -0.0000 -0.9948 -0.1014
vn -0.0000 -0.9806 -0.1961
vn -0.0000 -0.9309 -0.3654
vn -0.0000 -0.6208 -0.7839
vn -0.9995 -0.0000 -0.0317
vn -0.9948 -0.0000 -0.1014
vn -0.9806 -0.0000 -0.1961
vn -0.9309 -0.0000 -0.3654
vn -0.6208 -0.0000 -0.7840
vn -0.0000 0.9995 -0.0317
vn -0.0000 0.9948 -0.1014
vn -0.0000 0.9806 -0.1961
vn -0.0000 0.9309 -0.3654
vn -0.0000 0.6208 -0.7839
vn 0.9995 -0.0000 -0.0317
vn 0.9948 -0.0000 -0.1014
vn 0.9806 -0.0000 -0.1961
vn 0.9309 -0.0000 -0.3654
vn 0.6208 -0.0000 -0.7840
vn 0.6208 -0.0000 0.7839
vn 0.9309 -0.0000 0.3654
vn 0.9806 -0.0000 0.1961
vn 0.9948 -0.0000 0.1014
vn 0.9995 -0.0000 0.0317
vn -0.0000 0.6208 0.7839
vn -0.0000 0.9309 0.3654
vn -0.0000 0.9806 0.1961
vn -0.0000 0.9948 0.1014
vn -0.0000 0.9995 0.0317
vn -0.0000 -0.6208 0.7839
vn -0.0000 -0.9309 0.3654
vn -0.0000 -0.9806 0.1961
vn -0.0000 -0.9948 0.1014
vn -0.0000 -0.9995 0.0317
vn -0.9995 -0.0000 0.0317
vn -0.9948 -0.0000 0.1014
vn -0.9806 -0.0000 0.1961
vn -0.9309 -0.0000 0.3654
vn -0.6208 -0.0000 0.7840
vn -0.0000 -0.0000 -1.0000
vn -0.0980 -0.9952 -0.0000
vn -0.2903 -0.9569 -0.0000
vn -0.4714 -0.8819 -0.0000
vn -0.6344 -0.7730 -0.0000
vn -0.7730 -0.6344 -0.0000
vn -0.8819 -0.4714 -0.0000
vn -0.9569 -0.2903 -0.0000
vn -0.9952 -0.0980 -0.0000
vn -0.9952 0.0980 -0.0000
vn -0.9569 0.2903 -0.0000
vn -0.8819 0.4714 -0.0000
vn -0.7730 0.6344 -0.0000
vn -0.6344 0.7730 -0.0000
vn -0.4714 0.8819 -0.0000
vn -0.2903 0.9569 -0.0000
vn -0.0980 0.9952 -0.0000
vn 0.0980 0.9952 -0.0000
vn 0.2903 0.9569 -0.0000
vn 0.4714 0.8819 -0.0000
vn 0.6344 0.7730 -0.0000
vn 0.7730 0.6344 -0.0000
vn 0.8819 0.4714 -0.0000
vn 0.9569 0.2903 -0.0000
vn 0.9952 0.0980 -0.0000
vn 0.9952 -0.0980 -0.0000
vn 0.9569 -0.2903 -0.0000
vn 0.8819 -0.4714 -0.0000
vn 0.7730 -0.6344 -0.0000
vn 0.6344 -0.7730 -0.0000
vn 0.4714 -0.8819 -0.0000
vn 0.2903 -0.9569 -0.0000
vn 0.0980 -0.9952 -0.0000
vn -0.0000 -0.0001 1.0000
vn -0.0000 0.0001 1.0000
vn -0.0695 -0.6169 -0.7840
vn -0.0695 -0.6169 0.7839
vn -0.2050 -0.5860 -0.7839
vn -0.3239 -0.9256 -0.1961
vn -0.3239 -0.9255 0.1961
vn -0.3303 -0.5257 -0.7840
vn -0.3303 -0.5256 0.7840
vn -0.4390 -0.4390 -0.7839
vn -0.7068 -0.7068 -0.0317
vn -0.4390 -0.4390 0.7840
vn -0.7068 -0.7068 0.0317
vn -0.5257 -0.3303 -0.7840
vn -0.5257 -0.3303 0.7839
vn -0.5860 -0.2050 -0.7840
vn -0.5860 -0.2051 0.7839
vn -0.6169 -0.0695 -0.7839
vn -0.6169 -0.0695 0.7840
vn 0.0695 0.6169 -0.7840
vn 0.0695 0.6169 0.7839
vn 0.2050 0.5860 -0.7839
vn 0.3239 0.9256 -0.1961
vn 0.3239 0.9255 0.1961
vn 0.3303 0.5257 -0.7840
vn 0.3303 0.5256 0.7840
vn 0.4390 0.4390 -0.7839
vn 0.7068 0.7068 -0.0317
vn 0.4390 0.4390 0.7840
vn 0.7068 0.7068 0.0317
vn 0.5257 0.3303 -0.7840
vn 0.5257 0.3303 0.7839
vn 0.5860 0.2050 -0.7840
vn 0.5860 0.2051 0.7839
vn 0.6169 0.0695 -0.7839
vn 0.6169 0.0695 0.7840
vn -0.0695 0.6169 0.7840
vn -0.0695 0.6169 -0.7839
vn -0.2050 0.5860 0.7839
vn -0.3239 0.9256 0.1961
vn -0.3239 0.9255 -0.1961
vn -0.3303 0.5257 0.7840
vn -0.3303 0.5256 -0.7840
vn -0.4390 0.4390 0.7839
vn -0.7068 0.7068 0.0317
vn -0.4390 0.4390 -0.7840
vn -0.7068 0.7068 -0.0317
vn -0.5257 0.3303 0.7840
vn -0.5257 0.3303 -0.7839
vn -0.5860 0.2050 0.7840
vn -0.5860 0.2051 -0.7839
vn -0.6169 0.0695 0.7839
vn -0.6169 0.0695 -0.7840
vn 0.0695 -0.6169 0.7840
vn 0.0695 -0.6169 -0.7839
vn 0.2050 -0.5860 0.7839
vn 0.3239 -0.9256 0.1961
vn 0.3239 -0.9255 -0.1961
vn 0.3303 -0.5257 0.7840
vn 0.3303 -0.5256 -0.7840
vn 0.4390 -0.4390 0.7839
vn 0.7068 -0.7068 0.0317
vn 0.4390 -0.4390 -0.7840
vn 0.7068 -0.7068 -0.0317
vn 0.5257 -0.3303 0.7840
vn 0.5257 -0.3303 -0.7839
vn 0.5860 -0.2050 0.7840
vn 0.5860 -0.2051 -0.7839
vn 0.6169 -0.0695 0.7839
vn 0.6169 -0.0695 -0.7840
vn -0.0000 -0.6208 -0.7840
vn -0.6208 -0.0000 -0.7839
vn -0.0000 0.6208 -0.7840
vn 0.6208 -0.0000 -0.7839
vn 0.6208 -0.0000 0.7840
vn -0.0000 0.6208 0.7840
vn -0.0000 -0.6208 0.7840
vn -0.6208 -0.0000 0.7839
vn -0.0000 -0.0001 -1.0000
vt 0.394200 0.502599
vt 0.401368 0.747401
vt 0.394200 0.747401
vt 0.841085 0.502599
vt 0.848632 0.747401
vt 0.841085 0.747401
vt 0.598632 0.247401
vt 0.591085 0.002599
vt 0.598632 0.002599
vt 0.598632 0.747401
vt 0.591085 0.502599
vt 0.598632 0.502599
vt 0.651368 0.747401
vt 0.644200 0.502599
vt 0.651368 0.502599
vt 0.401368 0.002599
vt 0.408915 0.247401
vt 0.401368 0.247401
vt 0.144200 0.747401
vt 0.137769 0.502599
vt 0.144200 0.502599
vt 0.137769 0.747401
vt 0.125000 0.502599
vt 0.375000 0.002599
vt 0.394200 0.247401
vt 0.375000 0.247401
vt 0.394200 0.002599
vt 0.151368 0.747401
vt 0.151368 0.502599
vt 0.658915 0.747401
vt 0.658915 0.502599
vt 0.644200 0.747401
vt 0.637769 0.502599
vt 0.637769 0.747401
vt 0.612231 0.502599
vt 0.612231 0.747401
vt 0.605800 0.502599
vt 0.605800 0.747401
vt 0.401368 0.502599
vt 0.408915 0.747401
vt 0.408915 0.502599
vt 0.605800 0.247401
vt 0.605800 0.002599
vt 0.158915 0.747401
vt 0.158915 0.502599
vt 0.848632 0.502599
vt 0.855800 0.747401
vt 0.855800 0.502599
vt 0.875000 0.747401
vt 0.625000 0.247401
vt 0.612231 0.002599
vt 0.625000 0.002599
vt 0.612231 0.247401
vt 0.408915 0.002599
vt 0.341085 0.502599
vt 0.610600 0.990557
vt 0.384444 0.985600
vt 0.389400 0.759443
vt 0.348632 0.502599
vt 0.355800 0.747401
vt 0.348632 0.747401
vt 0.355800 0.502599
vt 0.362231 0.747401
vt 0.362231 0.502599
vt 0.387769 0.747401
vt 0.387769 0.502599
vt 0.341085 0.747401
vt 0.378400 0.276950
vt 0.376796 0.284015
vt 0.377612 0.276770
vt 0.376071 0.283975
vt 0.376901 0.276608
vt 0.375003 0.283887
vt 0.375844 0.276423
vt 0.151423 0.500000
vt 0.158907 0.501796
vt 0.151382 0.501796
vt 0.378400 0.973050
vt 0.376796 0.965985
vt 0.377599 0.965940
vt 0.377612 0.973230
vt 0.376071 0.966025
vt 0.376901 0.973392
vt 0.375003 0.966113
vt 0.151423 0.750000
vt 0.158907 0.748204
vt 0.158887 0.750000
vt 0.151382 0.748204
vt 0.379987 0.269984
vt 0.380715 0.270334
vt 0.379330 0.269667
vt 0.378340 0.269252
vt 0.151315 0.500000
vt 0.144213 0.501796
vt 0.144252 0.500000
vt 0.151354 0.501796
vt 0.380715 0.979666
vt 0.379330 0.980333
vt 0.378340 0.980748
vt 0.375869 0.973685
vt 0.151315 0.750000
vt 0.144213 0.748204
vt 0.151354 0.748204
vt 0.384444 0.264400
vt 0.383812 0.263896
vt 0.383242 0.263441
vt 0.382369 0.262817
vt 0.144152 0.500000
vt 0.137781 0.501796
vt 0.137817 0.500000
vt 0.379987 0.980016
vt 0.383812 0.986104
vt 0.382369 0.987184
vt 0.378388 0.980848
vt 0.144152 0.750000
vt 0.137781 0.748204
vt 0.144187 0.748204
vt 0.389400 0.259444
vt 0.388896 0.258812
vt 0.388441 0.258242
vt 0.382439 0.262730
vt 0.387730 0.257439
vt 0.125094 0.500000
vt 0.137745 0.501796
vt 0.125024 0.501796
vt 0.389400 0.990556
vt 0.388441 0.991758
vt 0.383242 0.986559
vt 0.382439 0.987270
vt 0.125094 0.750000
vt 0.137745 0.748204
vt 0.137675 0.750000
vt 0.125024 0.748204
vt 0.395334 0.255715
vt 0.394983 0.254987
vt 0.394667 0.254330
vt 0.394152 0.253388
vt 0.375141 0.250000
vt 0.394163 0.248204
vt 0.394058 0.250000
vt 0.394984 0.995013
vt 0.388896 0.991188
vt 0.394667 0.995670
vt 0.394152 0.996612
vt 0.387817 0.992631
vt 0.394058 0.000000
vt 0.375036 0.001796
vt 0.375141 0.000000
vt 0.394163 0.001796
vt 0.401950 0.253400
vt 0.401770 0.252612
vt 0.401608 0.251901
vt 0.394252 0.253340
vt 0.401315 0.250869
vt 0.401315 0.250000
vt 0.394213 0.248204
vt 0.401354 0.248204
vt 0.401950 0.996600
vt 0.395334 0.994285
vt 0.401770 0.997388
vt 0.401608 0.998099
vt 0.394252 0.996660
vt 0.401315 0.000000
vt 0.394213 0.001796
vt 0.394252 0.000000
vt 0.401354 0.001796
vt 0.409015 0.251796
vt 0.409060 0.252599
vt 0.408975 0.251071
vt 0.408915 0.248929
vt 0.401423 0.248929
vt 0.408915 0.248204
vt 0.401382 0.248204
vt 0.409015 0.998205
vt 0.408975 0.998929
vt 0.408887 0.999997
vt 0.401423 0.999156
vt 0.401423 0.000000
vt 0.408908 0.001796
vt 0.401382 0.001796
vt 0.621600 0.473050
vt 0.623205 0.465985
vt 0.622388 0.473230
vt 0.623929 0.466025
vt 0.623099 0.473392
vt 0.624997 0.466113
vt 0.624156 0.473577
vt 0.651423 0.500000
vt 0.658907 0.501796
vt 0.651382 0.501796
vt 0.621600 0.776950
vt 0.623204 0.784015
vt 0.622401 0.784060
vt 0.622388 0.776770
vt 0.623929 0.783975
vt 0.623099 0.776608
vt 0.624997 0.783887
vt 0.651423 0.750000
vt 0.658907 0.748204
vt 0.658887 0.750000
vt 0.651382 0.748204
vt 0.620013 0.480016
vt 0.619285 0.479666
vt 0.620670 0.480333
vt 0.621660 0.480748
vt 0.651315 0.500000
vt 0.644213 0.501796
vt 0.644252 0.500000
vt 0.651354 0.501796
vt 0.619285 0.770334
vt 0.620670 0.769667
vt 0.621660 0.769252
vt 0.624131 0.776315
vt 0.651315 0.750000
vt 0.644213 0.748204
vt 0.651354 0.748204
vt 0.615556 0.485600
vt 0.616188 0.486104
vt 0.616758 0.486559
vt 0.617631 0.487183
vt 0.644152 0.500000
vt 0.637781 0.501796
vt 0.637817 0.500000
vt 0.615556 0.764400
vt 0.620013 0.769984
vt 0.616188 0.763896
vt 0.617631 0.762817
vt 0.621612 0.769152
vt 0.644152 0.750000
vt 0.637781 0.748204
vt 0.644187 0.748204
vt 0.610600 0.490556
vt 0.611104 0.491188
vt 0.611559 0.491758
vt 0.617561 0.487270
vt 0.612270 0.492561
vt 0.612419 0.500000
vt 0.637721 0.501796
vt 0.612279 0.501796
vt 0.610600 0.759443
vt 0.611559 0.758242
vt 0.616758 0.763441
vt 0.617561 0.762730
vt 0.612419 0.750000
vt 0.637721 0.748204
vt 0.637581 0.750000
vt 0.612279 0.748204
vt 0.604666 0.494285
vt 0.605016 0.495013
vt 0.605333 0.495670
vt 0.605848 0.496612
vt 0.612184 0.500000
vt 0.605813 0.501796
vt 0.605848 0.500000
vt 0.605016 0.754986
vt 0.611104 0.758812
vt 0.605333 0.754330
vt 0.605848 0.753388
vt 0.612183 0.757369
vt 0.605848 0.750000
vt 0.612219 0.748204
vt 0.612183 0.750000
vt 0.605813 0.748204
vt 0.598050 0.496600
vt 0.598230 0.497388
vt 0.598392 0.498099
vt 0.605748 0.496660
vt 0.598685 0.499131
vt 0.598685 0.500000
vt 0.605787 0.501796
vt 0.598646 0.501796
vt 0.598050 0.753399
vt 0.604666 0.755715
vt 0.598230 0.752612
vt 0.598392 0.751901
vt 0.605748 0.753340
vt 0.598685 0.750000
vt 0.605787 0.748204
vt 0.605748 0.750000
vt 0.598646 0.748204
vt 0.590985 0.498204
vt 0.590940 0.497401
vt 0.591025 0.498929
vt 0.591085 0.501071
vt 0.598576 0.501071
vt 0.591085 0.501796
vt 0.598618 0.501796
vt 0.590985 0.751795
vt 0.591025 0.751071
vt 0.591085 0.748929
vt 0.598577 0.748929
vt 0.591085 0.748204
vt 0.598618 0.748204
vt 0.591085 0.747401
vt 0.621600 0.973050
vt 0.623205 0.965985
vt 0.622388 0.973230
vt 0.623929 0.966025
vt 0.623099 0.973392
vt 0.624997 0.966113
vt 0.624156 0.973577
vt 0.848577 0.750000
vt 0.841092 0.748204
vt 0.848618 0.748204
vt 0.621600 0.276950
vt 0.623204 0.284015
vt 0.622401 0.284060
vt 0.622388 0.276770
vt 0.623929 0.283975
vt 0.623099 0.276608
vt 0.624997 0.283887
vt 0.848577 0.500000
vt 0.841092 0.501796
vt 0.841113 0.500000
vt 0.848618 0.501796
vt 0.620013 0.980017
vt 0.619285 0.979666
vt 0.620670 0.980333
vt 0.621660 0.980748
vt 0.848685 0.750000
vt 0.855787 0.748204
vt 0.855748 0.750000
vt 0.848646 0.748204
vt 0.619285 0.270334
vt 0.620670 0.269667
vt 0.621660 0.269252
vt 0.624131 0.276315
vt 0.848685 0.500000
vt 0.855787 0.501796
vt 0.848646 0.501796
vt 0.615556 0.985600
vt 0.616188 0.986104
vt 0.616758 0.986559
vt 0.617631 0.987183
vt 0.855942 0.750000
vt 0.874964 0.748204
vt 0.874859 0.750000
vt 0.615556 0.264400
vt 0.620013 0.269984
vt 0.616188 0.263896
vt 0.617631 0.262817
vt 0.621612 0.269152
vt 0.855942 0.500000
vt 0.874964 0.501796
vt 0.855837 0.501796
vt 0.611104 0.991188
vt 0.611559 0.991758
vt 0.617561 0.987270
vt 0.612270 0.992561
vt 0.612325 0.000000
vt 0.624976 0.001796
vt 0.612255 0.001796
vt 0.610600 0.259444
vt 0.611559 0.258242
vt 0.616758 0.263441
vt 0.617561 0.262730
vt 0.612325 0.250000
vt 0.624976 0.248204
vt 0.624906 0.250000
vt 0.612255 0.248204
vt 0.604666 0.994285
vt 0.605016 0.995014
vt 0.605333 0.995671
vt 0.605848 0.996612
vt 0.612184 0.000000
vt 0.605813 0.001796
vt 0.605848 0.000000
vt 0.605016 0.254987
vt 0.611104 0.258812
vt 0.605333 0.254330
vt 0.605848 0.253388
vt 0.612183 0.257369
vt 0.605848 0.250000
vt 0.612219 0.248204
vt 0.612183 0.250000
vt 0.605813 0.248204
vt 0.598050 0.996600
vt 0.598230 0.997388
vt 0.598392 0.998099
vt 0.605748 0.996660
vt 0.598685 0.999131
vt 0.598685 0.000000
vt 0.605787 0.001796
vt 0.598646 0.001796
vt 0.598050 0.253400
vt 0.604666 0.255715
vt 0.598230 0.252612
vt 0.598392 0.251901
vt 0.605748 0.253340
vt 0.598685 0.250000
vt 0.605787 0.248204
vt 0.605748 0.250000
vt 0.598646 0.248204
vt 0.590985 0.998204
vt 0.590940 0.997401
vt 0.591025 0.998929
vt 0.591113 0.999997
vt 0.598577 0.000000
vt 0.591093 0.001796
vt 0.591113 0.000000
vt 0.598618 0.001796
vt 0.590985 0.251796
vt 0.591025 0.251071
vt 0.591085 0.248929
vt 0.598577 0.248929
vt 0.591085 0.248204
vt 0.598618 0.248204
vt 0.591085 0.247401
vt 0.378400 0.776950
vt 0.376796 0.784016
vt 0.377612 0.776770
vt 0.376071 0.783975
vt 0.376901 0.776608
vt 0.375003 0.783887
vt 0.375844 0.776424
vt 0.348577 0.750000
vt 0.341093 0.748204
vt 0.348618 0.748204
vt 0.378400 0.473050
vt 0.376796 0.465985
vt 0.377599 0.465939
vt 0.377612 0.473230
vt 0.376071 0.466025
vt 0.376901 0.473392
vt 0.375003 0.466113
vt 0.348577 0.500000
vt 0.341093 0.501796
vt 0.341113 0.500000
vt 0.348618 0.501796
vt 0.379987 0.769984
vt 0.380715 0.770334
vt 0.379330 0.769667
vt 0.378340 0.769252
vt 0.348685 0.750000
vt 0.355787 0.748204
vt 0.355748 0.750000
vt 0.348646 0.748204
vt 0.380715 0.479666
vt 0.379330 0.480333
vt 0.378340 0.480748
vt 0.375869 0.473685
vt 0.348685 0.500000
vt 0.355787 0.501796
vt 0.348646 0.501796
vt 0.384444 0.764400
vt 0.383812 0.763896
vt 0.383242 0.763441
vt 0.382369 0.762817
vt 0.355848 0.750000
vt 0.362219 0.748204
vt 0.362183 0.750000
vt 0.384444 0.485600
vt 0.379987 0.480016
vt 0.383812 0.486104
vt 0.382369 0.487183
vt 0.378388 0.480848
vt 0.355848 0.500000
vt 0.362219 0.501796
vt 0.355813 0.501796
vt 0.388896 0.758812
vt 0.388441 0.758242
vt 0.382439 0.762730
vt 0.387730 0.757439
vt 0.387581 0.750000
vt 0.362279 0.748204
vt 0.387721 0.748204
vt 0.389400 0.490556
vt 0.388441 0.491758
vt 0.383242 0.486559
vt 0.382439 0.487270
vt 0.387581 0.500000
vt 0.362279 0.501796
vt 0.362419 0.500000
vt 0.387721 0.501796
vt 0.395334 0.755715
vt 0.394983 0.754986
vt 0.394667 0.754330
vt 0.394152 0.753388
vt 0.387817 0.750000
vt 0.394187 0.748204
vt 0.394152 0.750000
vt 0.394984 0.495013
vt 0.388896 0.491188
vt 0.394667 0.495670
vt 0.394152 0.496612
vt 0.387817 0.492631
vt 0.394152 0.500000
vt 0.387781 0.501796
vt 0.387816 0.500000
vt 0.394187 0.501796
vt 0.401950 0.753400
vt 0.401770 0.752612
vt 0.401608 0.751901
vt 0.394252 0.753340
vt 0.401315 0.750869
vt 0.401315 0.750000
vt 0.394213 0.748204
vt 0.401354 0.748204
vt 0.401950 0.496600
vt 0.395334 0.494285
vt 0.401770 0.497388
vt 0.401608 0.498099
vt 0.394252 0.496660
vt 0.401315 0.500000
vt 0.394213 0.501796
vt 0.394252 0.500000
vt 0.401354 0.501796
vt 0.409015 0.751795
vt 0.409060 0.752598
vt 0.408975 0.751071
vt 0.408915 0.748929
vt 0.401423 0.748929
vt 0.408915 0.748204
vt 0.401382 0.748204
vt 0.409015 0.498204
vt 0.408975 0.498929
vt 0.408915 0.501071
vt 0.401423 0.501071
vt 0.408915 0.501796
vt 0.401382 0.501796
vt 0.341078 0.501796
vt 0.158922 0.501796
vt 0.341058 0.500000
vt 0.375000 0.283942
vt 0.375000 0.466058
vt 0.841078 0.501796
vt 0.658922 0.501796
vt 0.841058 0.500000
vt 0.625000 0.466058
vt 0.625000 0.283942
vt 0.590940 0.752599
vt 0.622401 0.965940
vt 0.625000 0.966058
vt 0.658942 0.750000
vt 0.841078 0.748204
vt 0.841058 0.750000
vt 0.658922 0.748204
vt 0.377599 0.784060
vt 0.375000 0.783942
vt 0.158942 0.750000
vt 0.341078 0.748204
vt 0.341058 0.750000
vt 0.158922 0.748204
vt 0.591078 0.001796
vt 0.408922 0.001796
vt 0.591058 0.000000
vt 0.408942 1.000000
vt 0.591058 1.000000
vt 0.547802 0.391537
vt 0.550262 0.383430
vt 0.465496 0.366570
vt 0.464666 0.375000
vt 1.000000 1.000000
vt 0.968750 0.533542
vt 0.968750 1.000000
vt 0.937500 0.533542
vt 0.937500 1.000000
vt 0.906250 0.533542
vt 0.906250 1.000000
vt 0.875000 0.533542
vt 0.875000 1.000000
vt 0.843750 0.533542
vt 0.843750 1.000000
vt 0.812500 0.533542
vt 0.812500 1.000000
vt 0.781250 0.533542
vt 0.781250 1.000000
vt 0.750000 0.533542
vt 0.750000 1.000000
vt 0.718750 0.533542
vt 0.718750 1.000000
vt 0.687500 0.533542
vt 0.687500 1.000000
vt 0.656250 0.533542
vt 0.656250 1.000000
vt 0.625000 0.533542
vt 0.625000 1.000000
vt 0.593750 1.000000
vt 0.593750 0.533542
vt 0.562500 1.000000
vt 0.593750 0.533542
vt 0.562500 0.533542
vt 0.531250 1.000000
vt 0.562500 0.533542
vt 0.531250 0.533542
vt 0.500000 1.000000
vt 0.531250 0.533542
vt 0.500000 0.533542
vt 0.468750 1.000000
vt 0.468750 0.533542
vt 0.437500 1.000000
vt 0.437500 0.533542
vt 0.406250 1.000000
vt 0.406250 0.533542
vt 0.375000 1.000000
vt 0.406250 0.533542
vt 0.375000 0.533542
vt 0.343750 0.533542
vt 0.343750 1.000000
vt 0.312500 0.533542
vt 0.312500 1.000000
vt 0.281250 0.533542
vt 0.281250 1.000000
vt 0.250000 0.533542
vt 0.250000 1.000000
vt 0.218750 0.533542
vt 0.218750 1.000000
vt 0.187500 0.533542
vt 0.187500 1.000000
vt 0.156250 0.533542
vt 0.156250 1.000000
vt 0.125000 0.533542
vt 0.125000 1.000000
vt 0.093750 0.533542
vt 0.093750 1.000000
vt 0.062500 0.533542
vt 0.062500 1.000000
vt 0.296822 0.485388
vt 0.014612 0.296822
vt 0.203178 0.485388
vt 0.031250 0.533542
vt 0.031250 1.000000
vt 0.000000 0.533542
vt 0.000000 1.000000
vt 0.125000 0.747401
vt 0.875000 0.502599
vt 0.409060 0.997401
vt 0.377599 0.284060
vt 0.158887 0.500000
vt 0.375844 0.973577
vt 0.375869 0.276315
vt 0.144252 0.750000
vt 0.378388 0.269152
vt 0.144187 0.501796
vt 0.137817 0.750000
vt 0.137675 0.500000
vt 0.387730 0.992561
vt 0.387817 0.257369
vt 0.375036 0.248204
vt 0.394252 0.250000
vt 0.401315 0.999131
vt 0.408887 0.000000
vt 0.622401 0.465939
vt 0.658887 0.500000
vt 0.624156 0.776423
vt 0.624131 0.473685
vt 0.644252 0.750000
vt 0.621612 0.480848
vt 0.644187 0.501796
vt 0.637816 0.750000
vt 0.637581 0.500000
vt 0.612270 0.757439
vt 0.612183 0.492631
vt 0.612219 0.501796
vt 0.605748 0.500000
vt 0.598685 0.750869
vt 0.841113 0.750000
vt 0.624156 0.276423
vt 0.624131 0.973685
vt 0.855748 0.500000
vt 0.621612 0.980848
vt 0.855837 0.748204
vt 0.874859 0.500000
vt 0.624906 0.000000
vt 0.612270 0.257439
vt 0.612183 0.992631
vt 0.612219 0.001796
vt 0.605748 0.000000
vt 0.598685 0.250869
vt 0.598577 0.999156
vt 0.590940 0.252599
vt 0.341113 0.750000
vt 0.375844 0.473577
vt 0.375869 0.776315
vt 0.355748 0.500000
vt 0.378388 0.769152
vt 0.355813 0.748204
vt 0.362183 0.500000
vt 0.362419 0.750000
vt 0.387730 0.492561
vt 0.387817 0.757369
vt 0.387781 0.748204
vt 0.394252 0.750000
vt 0.401315 0.499131
vt 0.409060 0.497401
vt 0.158942 0.500000
vt 0.658942 0.500000
vt 0.625000 0.783942
vt 0.375000 0.966058
vt 0.408942 0.000000
vt 0.531887 0.410930
vt 0.538435 0.405556
vt 0.547802 0.358463
vt 0.543809 0.350992
vt 0.550261 0.366570
vt 0.543809 0.399008
vt 0.551092 0.375000
vt 0.538435 0.344444
vt 0.524416 0.414924
vt 0.516309 0.417383
vt 0.531887 0.339070
vt 0.507879 0.418213
vt 0.524416 0.335076
vt 0.516309 0.332617
vt 0.499448 0.417383
vt 0.491342 0.414924
vt 0.507879 0.331787
vt 0.483871 0.410930
vt 0.477323 0.405556
vt 0.499448 0.332617
vt 0.491342 0.335076
vt 0.471949 0.399008
vt 0.467955 0.391537
vt 0.483871 0.339070
vt 0.477323 0.344444
vt 0.465496 0.383430
vt 0.471949 0.350992
vt 0.467955 0.358463
vt 1.000000 0.533542
vt 0.875000 0.533542
vt 0.843750 0.533542
vt 0.812500 0.533542
vt 0.656250 0.533542
vt 0.375000 0.533542
vt 0.343750 0.533542
vt 0.218750 0.533542
vt 0.156250 0.533542
vt 0.093750 0.533542
vt 0.250000 0.490000
vt 0.341844 0.471731
vt 0.383337 0.050447
vt 0.419706 0.080294
vt 0.449553 0.116663
vt 0.471731 0.158156
vt 0.485388 0.203178
vt 0.490000 0.250000
vt 0.158156 0.471731
vt 0.116663 0.449553
vt 0.080294 0.419706
vt 0.050447 0.383337
vt 0.028269 0.341844
vt 0.010000 0.250000
vt 0.031250 0.533542
s 0
usemtl Material
f 550/754/466 670/755/466 664/756/466
f 682/757/467 784/758/467 772/759/467
f 688/760/468 778/761/468 814/762/468
f 592/763/469 462/764/469 515/765/469
f 622/766/470 479/767/470 471/768/470
f 832/769/471 730/770/471 766/771/471
f 856/772/472 748/773/472 742/774/472
f 850/775/473 754/776/473 748/773/473
f 844/777/474 760/778/474 754/779/474
f 838/780/475 766/771/475 760/778/475
f 862/781/476 742/774/476 736/782/476
f 682/757/477 586/783/477 452/784/477
f 616/785/478 489/786/478 479/767/478
f 610/787/479 498/788/479 489/786/479
f 604/789/480 507/790/480 498/788/480
f 598/791/481 515/765/481 507/790/481
f 543/792/482 634/793/482 670/755/482
f 462/764/483 634/793/483 525/794/483
f 694/795/484 814/762/484 808/796/484
f 826/797/485 736/782/485 724/798/485
f 718/799/486 790/800/486 784/758/486
f 712/801/487 796/802/487 790/800/487
f 706/803/488 802/804/488 796/805/488
f 700/806/489 808/796/489 802/804/489
f 778/761/490 730/770/490 820/807/490
f 534/808/491 826/797/491 724/798/491
f 801/809/492 849/810/492 657/811/492
f 574/812/493 646/813/493 640/814/493
f 568/815/494 652/816/494 646/813/494
f 562/817/495 658/818/495 652/816/495
f 556/819/496 664/756/496 658/818/496
f 534/808/497 640/814/497 628/820/497
f 586/783/498 471/768/498 452/784/498
f 735/821/499 725/822/499 737/823/499
f 737/823/500 726/824/500 738/825/500
f 738/825/501 727/826/501 739/827/501
f 739/828/502 728/829/502 740/830/502
f 740/830/503 724/798/503 736/782/503
f 861/831/504 827/832/504 825/833/504
f 863/834/505 828/835/505 827/832/505
f 864/836/506 829/837/506 828/835/506
f 865/838/507 830/839/507 829/840/507
f 866/841/508 826/797/508 830/839/508
f 735/821/509 743/842/509 741/843/509
f 737/823/510 744/844/510 743/842/510
f 738/825/511 745/845/511 744/844/511
f 739/846/512 746/847/512 745/848/512
f 740/849/513 742/774/513 746/847/513
f 855/850/514 863/834/514 861/831/514
f 863/834/515 858/851/515 864/836/515
f 864/836/516 859/852/516 865/853/516
f 865/854/517 860/855/517 866/856/517
f 866/856/518 856/772/518 862/781/518
f 747/857/519 743/842/519 749/858/519
f 743/842/520 750/859/520 749/858/520
f 744/844/521 751/860/521 750/859/521
f 745/861/522 752/862/522 751/863/522
f 752/862/523 742/774/523 748/773/523
f 849/810/524 857/864/524 855/850/524
f 851/865/525 858/851/525 857/864/525
f 858/851/526 853/866/526 859/867/526
f 859/868/527 854/869/527 860/870/527
f 854/869/528 856/772/528 860/870/528
f 753/871/529 749/858/529 755/872/529
f 749/858/530 756/873/530 755/872/530
f 756/873/531 751/874/531 757/875/531
f 757/876/532 752/877/532 758/878/532
f 752/877/533 754/776/533 758/878/533
f 843/879/534 851/865/534 849/810/534
f 851/865/535 846/880/535 852/881/535
f 846/880/536 853/882/536 852/881/536
f 847/883/537 854/884/537 853/885/537
f 848/886/538 850/775/538 854/884/538
f 759/887/539 755/872/539 761/888/539
f 761/888/540 756/873/540 762/889/540
f 756/873/541 763/890/541 762/889/541
f 757/891/542 764/892/542 763/893/542
f 764/892/543 754/779/543 760/778/543
f 843/879/544 839/894/544 845/895/544
f 845/895/545 840/896/545 846/880/545
f 846/880/546 841/897/546 847/898/546
f 841/899/547 848/900/547 847/901/547
f 842/902/548 844/777/548 848/900/548
f 765/903/549 761/888/549 767/904/549
f 767/904/550 762/889/550 768/905/550
f 768/905/551 763/906/551 769/907/551
f 769/908/552 764/909/552 770/910/552
f 764/909/553 766/771/553 770/910/553
f 831/911/554 839/894/554 837/912/554
f 833/913/555 840/896/555 839/894/555
f 834/914/556 841/915/556 840/896/556
f 835/916/557 842/917/557 841/918/557
f 836/919/558 838/780/558 842/917/558
f 765/903/559 731/920/559 729/921/559
f 767/904/560 732/922/560 731/920/560
f 768/905/561 733/923/561 732/922/561
f 769/924/562 734/925/562 733/923/562
f 770/926/563 730/770/563 734/925/563
f 831/911/564 821/927/564 833/913/564
f 833/913/565 822/928/565 834/914/565
f 834/914/566 823/929/566 835/930/566
f 835/931/567 824/932/567 836/933/567
f 836/933/568 820/807/568 832/769/568
f 469/934/569 454/935/569 472/936/569
f 472/936/570 455/937/570 474/938/570
f 474/938/571 457/939/571 475/940/571
f 475/941/572 458/942/572 476/943/572
f 476/943/573 452/784/573 471/768/573
f 621/944/574 587/945/574 585/946/574
f 623/947/575 588/948/575 587/945/575
f 624/949/576 589/950/576 588/948/576
f 625/951/577 590/952/577 589/953/577
f 626/954/578 586/783/578 590/952/578
f 469/934/579 481/955/579 478/956/579
f 472/936/580 482/957/580 481/955/580
f 474/938/581 484/958/581 482/957/581
f 475/959/582 485/960/582 484/961/582
f 476/962/583 479/767/583 485/960/583
f 615/963/584 623/947/584 621/944/584
f 623/947/585 618/964/585 624/949/585
f 624/949/586 619/965/586 625/966/586
f 625/967/587 620/968/587 626/969/587
f 626/969/588 616/785/588 622/766/588
f 487/970/589 481/955/589 490/971/589
f 481/955/590 491/972/590 490/971/590
f 482/957/591 493/973/591 491/972/591
f 484/974/592 495/975/592 493/976/592
f 495/975/593 479/767/593 489/786/593
f 609/977/594 617/978/594 615/963/594
f 611/979/595 618/964/595 617/978/595
f 618/964/596 613/980/596 619/981/596
f 619/982/597 614/983/597 620/984/597
f 614/983/598 616/785/598 620/984/598
f 496/985/599 490/971/599 499/986/599
f 490/971/600 501/987/600 499/986/600
f 501/987/601 493/988/601 502/989/601
f 502/990/602 495/991/602 504/992/602
f 495/991/603 498/788/603 504/992/603
f 603/993/604 611/979/604 609/977/604
f 611/979/605 606/994/605 612/995/605
f 606/994/606 613/996/606 612/995/606
f 607/997/607 614/998/607 613/999/607
f 608/1000/608 610/787/608 614/998/608
f 505/1001/609 499/986/609 508/1002/609
f 508/1002/610 501/987/610 510/1003/610
f 501/987/611 511/1004/611 510/1003/611
f 502/1005/612 513/1006/612 511/1007/612
f 513/1006/613 498/788/613 507/790/613
f 603/993/614 599/1008/614 605/1009/614
f 605/1009/615 600/1010/615 606/994/615
f 606/994/616 601/1011/616 607/1012/616
f 601/1013/617 608/1014/617 607/1015/617
f 602/1016/618 604/789/618 608/1014/618
f 514/1017/619 508/1002/619 517/1018/619
f 517/1018/620 510/1003/620 518/1019/620
f 518/1019/621 511/1020/621 520/1021/621
f 520/1022/622 513/1023/622 521/1024/622
f 513/1023/623 515/765/623 521/1024/623
f 591/1025/624 599/1008/624 597/1026/624
f 593/1027/625 600/1010/625 599/1008/625
f 594/1028/626 601/1029/626 600/1010/626
f 595/1030/627 602/1031/627 601/1032/627
f 596/1033/628 598/791/628 602/1031/628
f 514/1017/629 463/1034/629 460/1035/629
f 517/1018/630 465/1036/630 463/1034/630
f 518/1019/631 466/1037/631 465/1036/631
f 520/1038/632 468/1039/632 466/1037/632
f 521/1040/633 462/764/633 468/1039/633
f 591/1025/634 581/1041/634 593/1027/634
f 593/1027/635 582/1042/635 594/1028/635
f 594/1028/636 583/1043/636 595/1044/636
f 595/1044/637 584/1045/637 596/1046/637
f 596/1046/638 580/1047/638 592/763/638
f 783/1048/639 773/1049/639 785/1050/639
f 785/1050/640 774/1051/640 786/1052/640
f 786/1052/641 775/1053/641 787/1054/641
f 787/1055/642 776/1056/642 788/1057/642
f 788/1057/643 772/759/643 784/758/643
f 717/1058/644 683/1059/644 681/1060/644
f 719/1061/645 684/1062/645 683/1059/645
f 720/1063/646 685/1064/646 684/1062/646
f 721/1065/647 686/1066/647 685/1067/647
f 722/1068/648 682/757/648 686/1066/648
f 783/1048/649 791/1069/649 789/1070/649
f 785/1050/650 792/1071/650 791/1069/650
f 786/1052/651 793/1072/651 792/1071/651
f 787/1073/652 794/1074/652 793/1075/652
f 788/1076/653 790/800/653 794/1074/653
f 711/1077/654 719/1061/654 717/1058/654
f 719/1061/655 714/1078/655 720/1063/655
f 720/1063/656 715/1079/656 721/1080/656
f 721/1081/657 716/1082/657 722/1083/657
f 722/1083/658 712/801/658 718/799/658
f 795/1084/659 791/1069/659 797/1085/659
f 791/1069/660 798/1086/660 797/1085/660
f 792/1071/661 799/1087/661 798/1086/661
f 793/1088/662 800/1089/662 799/1090/662
f 800/1089/663 790/800/663 796/802/663
f 705/1091/664 713/1092/664 711/1077/664
f 707/1093/665 714/1078/665 713/1092/665
f 714/1078/666 709/1094/666 715/1095/666
f 715/1096/667 710/1097/667 716/1098/667
f 710/1097/668 712/801/668 716/1098/668
f 801/809/669 797/1085/669 803/1099/669
f 797/1085/670 804/1100/670 803/1099/670
f 804/1100/671 799/1101/671 805/1102/671
f 805/1103/672 800/1104/672 806/1105/672
f 800/1104/673 802/804/673 806/1105/673
f 699/1106/674 707/1093/674 705/1091/674
f 707/1093/675 702/1107/675 708/1108/675
f 702/1107/676 709/1109/676 708/1108/676
f 703/1110/677 710/1111/677 709/1112/677
f 704/1113/678 706/803/678 710/1111/678
f 807/1114/679 803/1099/679 809/1115/679
f 809/1115/680 804/1100/680 810/1116/680
f 804/1100/681 811/1117/681 810/1116/681
f 805/1118/682 812/1119/682 811/1120/682
f 812/1119/683 802/804/683 808/796/683
f 699/1106/684 695/1121/684 701/1122/684
f 701/1122/685 696/1123/685 702/1107/685
f 702/1107/686 697/1124/686 703/1125/686
f 697/1126/687 704/1127/687 703/1128/687
f 698/1129/688 700/806/688 704/1127/688
f 813/1130/689 809/1115/689 815/1131/689
f 815/1131/690 810/1116/690 816/1132/690
f 816/1132/691 811/1133/691 817/1134/691
f 817/1135/692 812/1136/692 818/1137/692
f 812/1136/693 814/762/693 818/1137/693
f 687/1138/694 695/1121/694 693/1139/694
f 689/1140/695 696/1123/695 695/1121/695
f 690/1141/696 697/1142/696 696/1123/696
f 691/1143/697 698/1144/697 697/1145/697
f 692/1146/698 694/795/698 698/1144/698
f 813/1130/699 779/1147/699 777/1148/699
f 815/1131/700 780/1149/700 779/1147/700
f 816/1132/701 781/1150/701 780/1149/701
f 817/1151/702 782/1152/702 781/1153/702
f 818/1154/703 778/761/703 782/1152/703
f 687/1138/704 677/1155/704 689/1140/704
f 689/1140/705 678/1156/705 690/1141/705
f 690/1141/706 679/1157/706 691/1158/706
f 691/1158/707 680/1159/707 692/1160/707
f 692/1160/708 676/1161/708 688/760/708
f 639/1162/709 629/1163/709 641/1164/709
f 641/1164/710 630/1165/710 642/1166/710
f 642/1166/711 631/1167/711 643/1168/711
f 643/1169/712 632/1170/712 644/1171/712
f 644/1171/713 628/820/713 640/814/713
f 573/1172/714 535/1173/714 532/1174/714
f 575/1175/715 536/1176/715 535/1173/715
f 576/1177/716 538/1178/716 536/1176/716
f 577/1179/717 539/1180/717 538/1181/717
f 578/1182/718 534/808/718 539/1180/718
f 639/1162/719 647/1183/719 645/1184/719
f 641/1164/720 648/1185/720 647/1183/720
f 642/1166/721 649/1186/721 648/1185/721
f 643/1187/722 650/1188/722 649/1189/722
f 644/1190/723 646/813/723 650/1188/723
f 567/1191/724 575/1175/724 573/1172/724
f 575/1175/725 570/1192/725 576/1177/725
f 576/1177/726 571/1193/726 577/1194/726
f 577/1195/727 572/1196/727 578/1197/727
f 578/1197/728 568/815/728 574/812/728
f 651/1198/729 647/1183/729 653/1199/729
f 647/1183/730 654/1200/730 653/1199/730
f 648/1185/731 655/1201/731 654/1200/731
f 649/1202/732 656/1203/732 655/1204/732
f 656/1203/733 646/813/733 652/816/733
f 561/1205/734 569/1206/734 567/1191/734
f 563/1207/735 570/1192/735 569/1206/735
f 570/1192/736 565/1208/736 571/1209/736
f 571/1210/737 566/1211/737 572/1212/737
f 566/1211/738 568/815/738 572/1212/738
f 657/811/739 653/1199/739 659/1213/739
f 653/1199/740 660/1214/740 659/1213/740
f 660/1214/741 655/1215/741 661/1216/741
f 661/1217/742 656/1218/742 662/1219/742
f 656/1218/743 658/818/743 662/1219/743
f 555/1220/744 563/1207/744 561/1205/744
f 563/1207/745 558/1221/745 564/1222/745
f 558/1221/746 565/1223/746 564/1222/746
f 559/1224/747 566/1225/747 565/1226/747
f 560/1227/748 562/817/748 566/1225/748
f 663/1228/749 659/1213/749 665/1229/749
f 665/1229/750 660/1214/750 666/1230/750
f 660/1214/751 667/1231/751 666/1230/751
f 661/1232/752 668/1233/752 667/1234/752
f 668/1233/753 658/818/753 664/756/753
f 555/1220/754 551/1235/754 557/1236/754
f 557/1236/755 552/1237/755 558/1221/755
f 558/1221/756 553/1238/756 559/1239/756
f 553/1240/757 560/1241/757 559/1242/757
f 554/1243/758 556/819/758 560/1241/758
f 669/1244/759 665/1229/759 671/1245/759
f 671/1245/760 666/1230/760 672/1246/760
f 672/1246/761 667/1247/761 673/1248/761
f 673/1249/762 668/1250/762 674/1251/762
f 668/1250/763 670/755/763 674/1251/763
f 541/1252/764 551/1235/764 549/1253/764
f 544/1254/765 552/1237/765 551/1235/765
f 545/1255/766 553/1256/766 552/1237/766
f 547/1257/767 554/1258/767 553/1259/767
f 548/1260/768 550/754/768 554/1258/768
f 669/1244/769 635/1261/769 633/1262/769
f 671/1245/770 636/1263/770 635/1261/770
f 672/1246/771 637/1264/771 636/1263/771
f 673/1265/772 638/1266/772 637/1264/772
f 674/1267/773 634/793/773 638/1266/773
f 541/1252/774 526/1268/774 544/1254/774
f 544/1254/775 528/1269/775 545/1255/775
f 545/1255/776 529/1270/776 547/1271/776
f 547/1271/777 531/1272/777 548/1273/777
f 548/1273/778 525/794/778 543/792/778
f 724/798/779 539/1274/779 534/808/779
f 728/1275/780 538/1276/780 539/1274/780
f 727/1277/781 536/1176/781 538/1278/781
f 726/824/782 535/1173/782 536/1176/782
f 725/822/783 532/1174/783 535/1173/783
f 676/1161/784 734/925/784 730/770/784
f 680/1159/785 733/923/785 734/925/785
f 679/1157/786 732/922/786 733/923/786
f 678/1156/787 731/920/787 732/922/787
f 677/1155/788 729/921/788 731/920/788
f 452/784/789 686/1279/789 682/757/789
f 458/1280/790 685/1281/790 686/1279/790
f 457/1282/791 684/1062/791 685/1283/791
f 455/937/792 683/1059/792 684/1062/792
f 454/935/793 681/1060/793 683/1059/793
f 525/794/794 468/1039/794 462/764/794
f 531/1272/795 466/1037/795 468/1039/795
f 529/1270/796 465/1036/796 466/1037/796
f 528/1269/797 463/1034/797 465/1036/797
f 526/1268/798 460/1035/798 463/1034/798
f 633/1262/799 581/1041/799 579/1284/799
f 635/1261/800 582/1042/800 581/1041/800
f 636/1263/801 583/1043/801 582/1042/801
f 637/1264/802 584/1045/802 583/1043/802
f 638/1266/803 580/1047/803 584/1045/803
f 585/946/804 773/1049/804 771/1285/804
f 587/945/805 774/1051/805 773/1049/805
f 588/948/806 775/1286/806 774/1051/806
f 589/1287/807 776/1288/807 775/1289/807
f 590/1290/808 772/759/808 776/1288/808
f 825/833/809 629/1163/809 627/1291/809
f 827/832/810 630/1165/810 629/1163/810
f 828/835/811 631/1292/811 630/1165/811
f 829/1293/812 632/1294/812 631/1295/812
f 830/1296/813 628/820/813 632/1294/813
f 820/807/814 782/1297/814 778/761/814
f 824/1298/815 781/1299/815 782/1297/815
f 823/1300/816 780/1149/816 781/1301/816
f 822/928/817 779/1147/817 780/1149/817
f 821/927/818 777/1148/818 779/1147/818
f 886/1302/819 887/1303/819 487/970/819
f 741/843/819 879/1304/819 876/1305/819
f 550/754/466 543/792/466 670/755/466
f 682/757/467 718/799/467 784/758/467
f 688/760/468 676/1161/468 778/761/468
f 592/763/469 580/1047/469 462/764/469
f 622/766/470 616/785/470 479/767/470
f 832/769/471 820/807/471 730/770/471
f 856/772/472 850/775/472 748/773/472
f 850/775/473 844/1378/473 754/776/473
f 844/777/474 838/780/474 760/778/474
f 838/780/475 832/769/475 766/771/475
f 862/781/476 856/772/476 742/774/476
f 682/757/477 772/759/477 586/783/477
f 616/785/478 610/787/478 489/786/478
f 610/787/479 604/789/479 498/788/479
f 604/789/480 598/791/480 507/790/480
f 598/791/481 592/763/481 515/765/481
f 543/792/482 525/794/482 634/793/482
f 462/764/483 580/1047/483 634/793/483
f 694/795/484 688/760/484 814/762/484
f 826/797/485 862/781/485 736/782/485
f 718/799/486 712/801/486 790/800/486
f 712/801/487 706/1379/487 796/802/487
f 706/803/488 700/806/488 802/804/488
f 700/806/489 694/795/489 808/796/489
f 778/761/490 676/1161/490 730/770/490
f 534/808/491 628/820/491 826/797/491
f 657/811/492 663/1228/492 669/1244/492
f 669/1244/492 633/1262/492 579/1284/492
f 579/1284/492 591/1025/492 597/1026/492
f 597/1026/852 603/993/852 609/977/852
f 609/977/492 615/963/492 621/944/492
f 621/944/492 585/946/492 771/1285/492
f 771/1285/492 783/1048/492 789/1070/492
f 789/1070/492 795/1084/492 801/809/492
f 801/809/492 807/1114/492 813/1130/492
f 813/1130/492 777/1148/492 819/1380/492
f 819/1380/492 831/911/492 837/912/492
f 837/912/853 843/879/853 849/810/853
f 849/810/492 855/850/492 861/831/492
f 861/831/492 825/833/492 627/1291/492
f 627/1291/492 639/1162/492 645/1184/492
f 645/1184/492 651/1198/492 657/811/492
f 657/811/492 669/1244/492 579/1284/492
f 579/1284/492 597/1026/492 609/977/492
f 609/977/492 621/944/492 771/1285/492
f 771/1285/492 789/1070/492 801/809/492
f 801/809/492 813/1130/492 819/1380/492
f 819/1380/492 837/912/492 849/810/492
f 849/810/492 861/831/492 627/1291/492
f 627/1291/492 645/1184/492 657/811/492
f 657/811/492 579/1284/492 609/977/492
f 609/977/492 771/1285/492 801/809/492
f 801/809/492 819/1380/492 849/810/492
f 849/810/492 627/1291/492 657/811/492
f 657/811/492 609/977/492 801/809/492
f 574/812/493 568/815/493 646/813/493
f 568/815/494 562/817/494 652/816/494
f 562/817/495 556/819/495 658/818/495
f 556/819/496 550/754/496 664/756/496
f 534/808/497 574/812/497 640/814/497
f 586/783/498 622/766/498 471/768/498
f 735/821/854 723/1381/854 725/822/854
f 737/823/500 725/822/500 726/824/500
f 738/825/501 726/824/501 727/826/501
f 739/828/502 727/1382/502 728/829/502
f 740/830/503 728/829/503 724/798/503
f 861/831/855 863/834/855 827/832/855
f 863/834/505 864/836/505 828/835/505
f 864/836/506 865/1383/506 829/837/506
f 865/838/507 866/841/507 830/839/507
f 866/841/508 862/781/508 826/797/508
f 735/821/856 737/823/856 743/842/856
f 737/823/510 738/825/510 744/844/510
f 738/825/857 739/1384/857 745/845/857
f 739/846/512 740/849/512 746/847/512
f 740/849/513 736/782/513 742/774/513
f 855/850/514 857/864/514 863/834/514
f 863/834/515 857/864/515 858/851/515
f 864/836/858 858/851/858 859/852/858
f 865/854/517 859/1385/517 860/855/517
f 866/856/518 860/855/518 856/772/518
f 747/857/859 741/843/859 743/842/859
f 743/842/520 744/844/520 750/859/520
f 744/844/521 745/1386/521 751/860/521
f 745/861/522 746/1387/522 752/862/522
f 752/862/523 746/1387/523 742/774/523
f 849/810/860 851/865/860 857/864/860
f 851/865/525 852/881/525 858/851/525
f 858/851/526 852/881/526 853/866/526
f 859/868/527 853/1388/527 854/869/527
f 854/869/528 850/775/528 856/772/528
f 753/871/861 747/857/861 749/858/861
f 749/858/530 750/859/530 756/873/530
f 756/873/531 750/859/531 751/874/531
f 757/876/532 751/1389/532 752/877/532
f 752/877/862 748/773/862 754/776/862
f 843/879/863 845/895/863 851/865/863
f 851/865/535 845/895/535 846/880/535
f 846/880/536 847/1390/536 853/882/536
f 847/883/537 848/886/537 854/884/537
f 848/886/864 844/1378/864 850/775/864
f 759/887/865 753/871/865 755/872/865
f 761/888/540 755/872/540 756/873/540
f 756/873/541 757/1391/541 763/890/541
f 757/891/542 758/1392/542 764/892/542
f 764/892/543 758/1392/543 754/779/543
f 843/879/866 837/912/866 839/894/866
f 845/895/545 839/894/545 840/896/545
f 846/880/546 840/896/546 841/897/546
f 841/899/547 842/902/547 848/900/547
f 842/902/548 838/780/548 844/777/548
f 765/903/867 759/887/867 761/888/867
f 767/904/550 761/888/550 762/889/550
f 768/905/551 762/889/551 763/906/551
f 769/908/552 763/1393/552 764/909/552
f 764/909/553 760/778/553 766/771/553
f 831/911/868 833/913/868 839/894/868
f 833/913/555 834/914/555 840/896/555
f 834/914/556 835/1394/556 841/915/556
f 835/916/557 836/919/557 842/917/557
f 836/919/558 832/769/558 838/780/558
f 765/903/869 767/904/869 731/920/869
f 767/904/560 768/905/560 732/922/560
f 768/905/561 769/924/561 733/923/561
f 769/924/562 770/926/562 734/925/562
f 770/926/563 766/771/563 730/770/563
f 831/911/870 819/1380/870 821/927/870
f 833/913/565 821/927/565 822/928/565
f 834/914/566 822/928/566 823/929/566
f 835/931/567 823/1395/567 824/932/567
f 836/933/568 824/932/568 820/807/568
f 469/934/871 451/1396/871 454/935/871
f 472/936/570 454/935/570 455/937/570
f 474/938/571 455/937/571 457/939/571
f 475/941/572 457/1397/572 458/942/572
f 476/943/573 458/942/573 452/784/573
f 621/944/872 623/947/872 587/945/872
f 623/947/575 624/949/575 588/948/575
f 624/949/576 625/1398/576 589/950/576
f 625/951/577 626/954/577 590/952/577
f 626/954/578 622/766/578 586/783/578
f 469/934/873 472/936/873 481/955/873
f 472/936/580 474/938/580 482/957/580
f 474/938/874 475/1399/874 484/958/874
f 475/959/582 476/962/582 485/960/582
f 476/962/583 471/768/583 479/767/583
f 615/963/584 617/978/584 623/947/584
f 623/947/585 617/978/585 618/964/585
f 624/949/875 618/964/875 619/965/875
f 625/967/587 619/1400/587 620/968/587
f 626/969/588 620/968/588 616/785/588
f 487/970/876 478/956/876 481/955/876
f 481/955/590 482/957/590 491/972/590
f 482/957/591 484/1401/591 493/973/591
f 484/974/592 485/1402/592 495/975/592
f 495/975/593 485/1402/593 479/767/593
f 609/977/877 611/979/877 617/978/877
f 611/979/595 612/995/595 618/964/595
f 618/964/596 612/995/596 613/980/596
f 619/982/597 613/1403/597 614/983/597
f 614/983/598 610/787/598 616/785/598
f 496/985/878 487/970/878 490/971/878
f 490/971/600 491/972/600 501/987/600
f 501/987/601 491/972/601 493/988/601
f 502/990/602 493/1404/602 495/991/602
f 495/991/879 489/786/879 498/788/879
f 603/993/880 605/1009/880 611/979/880
f 611/979/605 605/1009/605 606/994/605
f 606/994/606 607/1405/606 613/996/606
f 607/997/607 608/1000/607 614/998/607
f 608/1000/881 604/789/881 610/787/881
f 505/1001/882 496/985/882 499/986/882
f 508/1002/610 499/986/610 501/987/610
f 501/987/611 502/1406/611 511/1004/611
f 502/1005/612 504/1407/612 513/1006/612
f 513/1006/613 504/1407/613 498/788/613
f 603/993/883 597/1026/883 599/1008/883
f 605/1009/615 599/1008/615 600/1010/615
f 606/994/616 600/1010/616 601/1011/616
f 601/1013/617 602/1016/617 608/1014/617
f 602/1016/618 598/791/618 604/789/618
f 514/1017/884 505/1001/884 508/1002/884
f 517/1018/620 508/1002/620 510/1003/620
f 518/1019/621 510/1003/621 511/1020/621
f 520/1022/622 511/1408/622 513/1023/622
f 513/1023/623 507/790/623 515/765/623
f 591/1025/885 593/1027/885 599/1008/885
f 593/1027/625 594/1028/625 600/1010/625
f 594/1028/626 595/1409/626 601/1029/626
f 595/1030/627 596/1033/627 602/1031/627
f 596/1033/628 592/763/628 598/791/628
f 514/1017/886 517/1018/886 463/1034/886
f 517/1018/630 518/1019/630 465/1036/630
f 518/1019/631 520/1038/631 466/1037/631
f 520/1038/632 521/1040/632 468/1039/632
f 521/1040/633 515/765/633 462/764/633
f 591/1025/887 579/1284/887 581/1041/887
f 593/1027/635 581/1041/635 582/1042/635
f 594/1028/636 582/1042/636 583/1043/636
f 595/1044/637 583/1043/637 584/1045/637
f 596/1046/638 584/1045/638 580/1047/638
f 783/1048/888 771/1285/888 773/1049/888
f 785/1050/640 773/1049/640 774/1051/640
f 786/1052/641 774/1051/641 775/1053/641
f 787/1055/642 775/1410/642 776/1056/642
f 788/1057/643 776/1056/643 772/759/643
f 717/1058/889 719/1061/889 683/1059/889
f 719/1061/645 720/1063/645 684/1062/645
f 720/1063/646 721/1411/646 685/1064/646
f 721/1065/647 722/1068/647 686/1066/647
f 722/1068/648 718/799/648 682/757/648
f 783/1048/890 785/1050/890 791/1069/890
f 785/1050/650 786/1052/650 792/1071/650
f 786/1052/891 787/1412/891 793/1072/891
f 787/1073/652 788/1076/652 794/1074/652
f 788/1076/653 784/758/653 790/800/653
f 711/1077/654 713/1092/654 719/1061/654
f 719/1061/655 713/1092/655 714/1078/655
f 720/1063/892 714/1078/892 715/1079/892
f 721/1081/657 715/1413/657 716/1082/657
f 722/1083/658 716/1082/658 712/801/658
f 795/1084/893 789/1070/893 791/1069/893
f 791/1069/660 792/1071/660 798/1086/660
f 792/1071/661 793/1414/661 799/1087/661
f 793/1088/662 794/1415/662 800/1089/662
f 800/1089/663 794/1415/663 790/800/663
f 705/1091/894 707/1093/894 713/1092/894
f 707/1093/665 708/1108/665 714/1078/665
f 714/1078/666 708/1108/666 709/1094/666
f 715/1096/667 709/1416/667 710/1097/667
f 710/1097/668 706/1379/668 712/801/668
f 801/809/895 795/1084/895 797/1085/895
f 797/1085/670 798/1086/670 804/1100/670
f 804/1100/671 798/1086/671 799/1101/671
f 805/1103/672 799/1417/672 800/1104/672
f 800/1104/896 796/805/896 802/804/896
f 699/1106/897 701/1122/897 707/1093/897
f 707/1093/675 701/1122/675 702/1107/675
f 702/1107/676 703/1418/676 709/1109/676
f 703/1110/677 704/1113/677 710/1111/677
f 704/1113/898 700/806/898 706/803/898
f 807/1114/899 801/809/899 803/1099/899
f 809/1115/680 803/1099/680 804/1100/680
f 804/1100/681 805/1419/681 811/1117/681
f 805/1118/682 806/1420/682 812/1119/682
f 812/1119/683 806/1420/683 802/804/683
f 699/1106/900 693/1139/900 695/1121/900
f 701/1122/685 695/1121/685 696/1123/685
f 702/1107/686 696/1123/686 697/1124/686
f 697/1126/687 698/1129/687 704/1127/687
f 698/1129/688 694/795/688 700/806/688
f 813/1130/901 807/1114/901 809/1115/901
f 815/1131/690 809/1115/690 810/1116/690
f 816/1132/691 810/1116/691 811/1133/691
f 817/1135/692 811/1421/692 812/1136/692
f 812/1136/693 808/796/693 814/762/693
f 687/1138/902 689/1140/902 695/1121/902
f 689/1140/695 690/1141/695 696/1123/695
f 690/1141/696 691/1422/696 697/1142/696
f 691/1143/697 692/1146/697 698/1144/697
f 692/1146/698 688/760/698 694/795/698
f 813/1130/903 815/1131/903 779/1147/903
f 815/1131/700 816/1132/700 780/1149/700
f 816/1132/701 817/1423/701 781/1150/701
f 817/1151/702 818/1154/702 782/1152/702
f 818/1154/703 814/762/703 778/761/703
f 687/1138/904 675/1424/904 677/1155/904
f 689/1140/705 677/1155/705 678/1156/705
f 690/1141/706 678/1156/706 679/1157/706
f 691/1158/707 679/1157/707 680/1159/707
f 692/1160/708 680/1159/708 676/1161/708
f 639/1162/905 627/1291/905 629/1163/905
f 641/1164/710 629/1163/710 630/1165/710
f 642/1166/711 630/1165/711 631/1167/711
f 643/1169/712 631/1425/712 632/1170/712
f 644/1171/713 632/1170/713 628/820/713
f 573/1172/906 575/1175/906 535/1173/906
f 575/1175/715 576/1177/715 536/1176/715
f 576/1177/716 577/1426/716 538/1178/716
f 577/1179/717 578/1182/717 539/1180/717
f 578/1182/718 574/812/718 534/808/718
f 639/1162/907 641/1164/907 647/1183/907
f 641/1164/720 642/1166/720 648/1185/720
f 642/1166/908 643/1427/908 649/1186/908
f 643/1187/722 644/1190/722 650/1188/722
f 644/1190/723 640/814/723 646/813/723
f 567/1191/724 569/1206/724 575/1175/724
f 575/1175/725 569/1206/725 570/1192/725
f 576/1177/909 570/1192/909 571/1193/909
f 577/1195/727 571/1428/727 572/1196/727
f 578/1197/728 572/1196/728 568/815/728
f 651/1198/910 645/1184/910 647/1183/910
f 647/1183/730 648/1185/730 654/1200/730
f 648/1185/731 649/1429/731 655/1201/731
f 649/1202/732 650/1430/732 656/1203/732
f 656/1203/733 650/1430/733 646/813/733
f 561/1205/911 563/1207/911 569/1206/911
f 563/1207/735 564/1222/735 570/1192/735
f 570/1192/736 564/1222/736 565/1208/736
f 571/1210/737 565/1431/737 566/1211/737
f 566/1211/738 562/817/738 568/815/738
f 657/811/912 651/1198/912 653/1199/912
f 653/1199/740 654/1200/740 660/1214/740
f 660/1214/741 654/1200/741 655/1215/741
f 661/1217/742 655/1432/742 656/1218/742
f 656/1218/913 652/816/913 658/818/913
f 555/1220/914 557/1236/914 563/1207/914
f 563/1207/745 557/1236/745 558/1221/745
f 558/1221/746 559/1433/746 565/1223/746
f 559/1224/747 560/1227/747 566/1225/747
f 560/1227/915 556/819/915 562/817/915
f 663/1228/916 657/811/916 659/1213/916
f 665/1229/750 659/1213/750 660/1214/750
f 660/1214/751 661/1434/751 667/1231/751
f 661/1232/752 662/1435/752 668/1233/752
f 668/1233/753 662/1435/753 658/818/753
f 555/1220/917 549/1253/917 551/1235/917
f 557/1236/755 551/1235/755 552/1237/755
f 558/1221/756 552/1237/756 553/1238/756
f 553/1240/757 554/1243/757 560/1241/757
f 554/1243/758 550/754/758 556/819/758
f 669/1244/918 663/1228/918 665/1229/918
f 671/1245/760 665/1229/760 666/1230/760
f 672/1246/761 666/1230/761 667/1247/761
f 673/1249/762 667/1436/762 668/1250/762
f 668/1250/763 664/756/763 670/755/763
f 541/1252/919 544/1254/919 551/1235/919
f 544/1254/765 545/1255/765 552/1237/765
f 545/1255/766 547/1437/766 553/1256/766
f 547/1257/767 548/1260/767 554/1258/767
f 548/1260/768 543/792/768 550/754/768
f 669/1244/920 671/1245/920 635/1261/920
f 671/1245/770 672/1246/770 636/1263/770
f 672/1246/771 673/1265/771 637/1264/771
f 673/1265/772 674/1267/772 638/1266/772
f 674/1267/773 670/755/773 634/793/773
f 541/1252/921 523/1438/921 526/1268/921
f 544/1254/775 526/1268/775 528/1269/775
f 545/1255/776 528/1269/776 529/1270/776
f 547/1271/777 529/1270/777 531/1272/777
f 548/1273/778 531/1272/778 525/794/778
f 724/798/779 728/1275/779 539/1274/779
f 728/1275/780 727/1439/780 538/1276/780
f 727/1277/781 726/824/781 536/1176/781
f 726/824/782 725/822/782 535/1173/782
f 725/822/922 723/1381/922 532/1174/922
f 676/1161/784 680/1159/784 734/925/784
f 680/1159/785 679/1157/785 733/923/785
f 679/1157/786 678/1156/786 732/922/786
f 678/1156/787 677/1155/787 731/920/787
f 677/1155/923 675/1424/923 729/921/923
f 452/784/789 458/1280/789 686/1279/789
f 458/1280/790 457/1440/790 685/1281/790
f 457/1282/791 455/937/791 684/1062/791
f 455/937/792 454/935/792 683/1059/792
f 454/935/924 451/1396/924 681/1060/924
f 525/794/794 531/1272/794 468/1039/794
f 531/1272/795 529/1270/795 466/1037/795
f 529/1270/796 528/1269/796 465/1036/796
f 528/1269/797 526/1268/797 463/1034/797
f 526/1268/925 523/1438/925 460/1035/925
f 633/1262/926 635/1261/926 581/1041/926
f 635/1261/800 636/1263/800 582/1042/800
f 636/1263/801 637/1264/801 583/1043/801
f 637/1264/802 638/1266/802 584/1045/802
f 638/1266/803 634/793/803 580/1047/803
f 585/946/927 587/945/927 773/1049/927
f 587/945/805 588/948/805 774/1051/805
f 588/948/806 589/1441/806 775/1286/806
f 589/1287/807 590/1290/807 776/1288/807
f 590/1290/808 586/783/808 772/759/808
f 825/833/928 827/832/928 629/1163/928
f 827/832/810 828/835/810 630/1165/810
f 828/835/811 829/1442/811 631/1292/811
f 829/1293/812 830/1296/812 632/1294/812
f 830/1296/813 826/797/813 628/820/813
f 820/807/814 824/1298/814 782/1297/814
f 824/1298/815 823/1443/815 781/1299/815
f 823/1300/816 822/928/816 780/1149/816
f 822/928/817 821/927/817 779/1147/817
f 821/927/929 819/1380/929 777/1148/929
f 496/985/819 505/1001/819 514/1017/819
f 514/1017/819 460/1035/819 891/1444/819
f 514/1017/819 891/1444/819 897/1445/819
f 487/970/819 496/985/819 514/1017/819
f 469/934/819 478/956/819 487/970/819
f 681/1060/819 451/1396/819 469/934/819
f 884/1446/819 882/1447/819 681/1060/819
f 883/1448/819 884/1446/819 681/1060/819
f 681/1060/819 469/934/819 487/970/819
f 487/970/819 514/1017/819 897/1445/819
f 487/970/819 897/1445/819 888/1449/819
f 883/1448/819 681/1060/819 487/970/819
f 885/1450/819 883/1448/819 487/970/819
f 487/970/819 888/1449/819 886/1302/819
f 887/1303/819 885/1450/819 487/970/819
f 561/1205/819 567/1191/819 573/1172/819
f 573/1172/819 532/1174/819 723/1381/819
f 723/1381/819 735/821/819 741/843/819
f 741/843/819 747/857/819 753/871/819
f 753/871/819 759/887/819 765/903/819
f 765/903/819 729/921/819 675/1424/819
f 675/1424/819 687/1138/819 693/1139/819
f 693/1139/930 699/1106/930 705/1091/930
f 705/1091/819 711/1077/819 717/1058/819
f 717/1058/819 681/1060/819 882/1447/819
f 717/1058/819 882/1447/819 881/1451/819
f 693/1139/819 705/1091/819 717/1058/819
f 765/903/819 675/1424/819 693/1139/819
f 741/843/819 753/871/819 765/903/819
f 573/1172/819 723/1381/819 741/843/819
f 555/1220/819 561/1205/819 573/1172/819
f 541/1252/819 549/1253/819 555/1220/819
f 460/1035/819 523/1438/819 541/1252/819
f 895/1452/819 891/1444/819 460/1035/819
f 894/1453/819 895/1452/819 460/1035/819
f 460/1035/819 541/1252/819 555/1220/819
f 555/1220/819 573/1172/819 741/843/819
f 741/843/819 765/903/819 693/1139/819
f 693/1139/819 717/1058/819 881/1451/819
f 693/1139/819 881/1451/819 872/1454/819
f 894/1453/819 460/1035/819 555/1220/819
f 892/1455/819 894/1453/819 555/1220/819
f 693/1139/819 872/1454/819 873/1456/819
f 693/1139/819 873/1456/819 869/1457/819
f 893/1458/819 892/1455/819 555/1220/819
f 896/1459/819 893/1458/819 555/1220/819
f 741/843/819 693/1139/819 869/1457/819
f 741/843/819 869/1457/819 867/1460/819
f 890/1461/819 896/1459/819 555/1220/819
f 889/1462/819 890/1461/819 555/1220/819
f 741/843/819 867/1460/819 868/1463/819
f 741/843/819 868/1463/819 871/1464/819
f 898/1465/819 889/1462/819 555/1220/819
f 877/1466/819 898/1465/819 555/1220/819
f 741/843/819 871/1464/819 870/1467/819
f 741/843/819 870/1467/819 880/1468/819
f 877/1466/819 555/1220/819 741/843/819
f 878/1469/819 877/1466/819 741/843/819
f 741/843/819 880/1468/819 875/1470/819
f 741/843/819 875/1470/819 874/1471/819
f 876/1305/819 878/1469/819 741/843/819
f 741/843/819 874/1471/819 879/1304/819
usemtl 
f 453/1306/820 887/1307/820 456/1308/820
f 456/1308/821 886/1309/821 459/1310/821
f 459/1310/822 888/1311/822 461/1312/822
f 461/1312/823 897/1313/823 464/1314/823
f 464/1314/824 891/1315/824 467/1316/824
f 467/1316/825 895/1317/825 470/1318/825
f 470/1318/826 894/1319/826 473/1320/826
f 473/1320/827 892/1321/827 477/1322/827
f 477/1322/828 893/1323/828 480/1324/828
f 480/1324/829 896/1325/829 483/1326/829
f 483/1326/830 890/1327/830 486/1328/830
f 486/1328/831 889/1329/831 488/1330/831
f 492/1331/832 889/1329/832 898/1332/832
f 494/1333/833 898/1334/833 877/1335/833
f 497/1336/834 877/1337/834 878/1338/834
f 500/1339/835 878/1340/835 876/1341/835
f 503/1342/836 876/1341/836 879/1343/836
f 506/1344/837 879/1343/837 874/1345/837
f 509/1346/838 874/1345/838 875/1347/838
f 512/1348/839 875/1349/839 880/1350/839
f 512/1348/840 870/1351/840 516/1352/840
f 516/1352/841 871/1353/841 519/1354/841
f 519/1354/842 868/1355/842 522/1356/842
f 522/1356/843 867/1357/843 524/1358/843
f 524/1358/844 869/1359/844 527/1360/844
f 527/1360/845 873/1361/845 530/1362/845
f 530/1362/846 872/1363/846 533/1364/846
f 533/1364/847 881/1365/847 537/1366/847
f 537/1366/848 882/1367/848 540/1368/848
f 540/1368/849 884/1369/849 542/1370/849
f 497/1371/819 522/1372/819 546/1373/819
f 542/1370/850 883/1374/850 546/1375/850
f 546/1375/851 885/1376/851 453/1377/851
f 453/1306/820 885/1472/820 887/1307/820
f 456/1308/821 887/1307/821 886/1309/821
f 459/1310/822 886/1309/822 888/1311/822
f 461/1312/823 888/1311/823 897/1313/823
f 464/1314/824 897/1473/824 891/1315/824
f 467/1316/825 891/1474/825 895/1317/825
f 470/1318/826 895/1475/826 894/1319/826
f 473/1320/827 894/1319/827 892/1321/827
f 477/1322/828 892/1321/828 893/1323/828
f 480/1324/829 893/1323/829 896/1325/829
f 483/1326/830 896/1325/830 890/1327/830
f 486/1328/831 890/1476/831 889/1329/831
f 492/1331/832 488/1330/832 889/1329/832
f 494/1333/833 492/1331/833 898/1334/833
f 497/1336/834 494/1333/834 877/1337/834
f 500/1339/835 497/1336/835 878/1340/835
f 503/1342/836 500/1339/836 876/1341/836
f 506/1344/837 503/1342/837 879/1343/837
f 509/1346/838 506/1344/838 874/1345/838
f 512/1348/839 509/1346/839 875/1349/839
f 512/1348/840 880/1477/840 870/1351/840
f 516/1352/841 870/1478/841 871/1353/841
f 519/1354/842 871/1353/842 868/1355/842
f 522/1356/843 868/1355/843 867/1357/843
f 524/1358/844 867/1357/844 869/1359/844
f 527/1360/845 869/1479/845 873/1361/845
f 530/1362/846 873/1361/846 872/1363/846
f 533/1364/847 872/1480/847 881/1365/847
f 537/1366/848 881/1365/848 882/1367/848
f 540/1368/849 882/1481/849 884/1369/849
f 546/1373/819 453/1482/819 456/1371/819
f 456/1371/819 459/1483/819 461/1484/819
f 461/1484/819 464/1485/819 467/1486/819
f 467/1486/819 470/1487/819 473/1488/819
f 473/1488/819 477/1489/819 480/1488/819
f 480/1488/819 483/1487/819 486/1486/819
f 486/1486/819 488/1485/819 492/1484/819
f 492/1484/819 494/1483/819 497/1371/819
f 497/1371/819 500/1482/819 503/1373/819
f 503/1373/819 506/1490/819 509/1491/819
f 509/1491/819 512/1492/819 516/1493/819
f 516/1493/819 519/1494/819 522/1372/819
f 522/1372/819 524/1495/819 527/1372/819
f 527/1372/819 530/1494/819 533/1493/819
f 533/1493/819 537/1492/819 540/1491/819
f 540/1491/819 542/1490/819 546/1373/819
f 546/1373/819 456/1371/819 461/1484/819
f 461/1484/819 467/1486/819 473/1488/819
f 473/1488/819 480/1488/819 486/1486/819
f 486/1486/819 492/1484/819 497/1371/819
f 497/1371/819 503/1373/819 509/1491/819
f 509/1491/819 516/1493/819 522/1372/819
f 522/1372/819 527/1372/819 533/1493/819
f 533/1493/819 540/1491/819 546/1373/819
f 546/1373/819 461/1484/819 473/1488/819
f 473/1488/819 486/1486/819 497/1371/819
f 497/1371/819 509/1491/819 522/1372/819
f 522/1372/819 533/1493/819 546/1373/819
f 546/1373/819 473/1488/819 497/1371/819
f 542/1370/850 884/1369/850 883/1374/850
f 546/1375/851 883/1496/851 885/1376/851
o Cylinder
v 0.000000 0.223281 -1.112878
v 0.000000 0.223281 -1.011753
v 0.019509 0.221359 -1.112878
v 0.019509 0.221359 -1.011753
v 0.038268 0.215669 -1.112878
v 0.038268 0.215669 -1.011753
v 0.055557 0.206428 -1.112878
v 0.055557 0.206428 -1.011753
v 0.070711 0.193991 -1.112878
v 0.070711 0.193991 -1.011753
v 0.083147 0.178838 -1.112878
v 0.083147 0.178838 -1.011753
v 0.092388 0.161549 -1.112878
v 0.092388 0.161549 -1.011753
v 0.098079 0.142790 -1.112878
v 0.098079 0.142790 -1.011753
v 0.100000 0.123281 -1.112878
v 0.100000 0.123281 -1.011753
v 0.098079 0.103772 -1.112878
v 0.098079 0.103772 -1.011753
v 0.092388 0.085012 -1.112878
v 0.092388 0.085012 -1.011753
v 0.083147 0.067724 -1.112878
v 0.083147 0.067724 -1.011753
v 0.070711 0.052570 -1.112878
v 0.070711 0.052570 -1.011753
v 0.055557 0.040134 -1.112878
v 0.055557 0.040134 -1.011753
v 0.038268 0.030893 -1.112878
v 0.038268 0.030893 -1.011753
v 0.019509 0.025202 -1.112878
v 0.019509 0.025202 -1.011753
v 0.000000 0.023281 -1.112878
v 0.000000 0.023281 -1.011753
v -0.019509 0.025202 -1.112878
v -0.019509 0.025202 -1.011753
v -0.038268 0.030893 -1.112878
v -0.038268 0.030893 -1.011753
v -0.055557 0.040134 -1.112878
v -0.055557 0.040134 -1.011753
v -0.070711 0.052570 -1.112878
v -0.070711 0.052570 -1.011753
v -0.083147 0.067724 -1.112878
v -0.083147 0.067724 -1.011753
v -0.092388 0.085012 -1.112878
v -0.092388 0.085012 -1.011753
v -0.098079 0.103772 -1.112878
v -0.098079 0.103772 -1.011753
v -0.100000 0.123281 -1.112878
v -0.100000 0.123281 -1.011753
v -0.098079 0.142790 -1.112878
v -0.098079 0.142790 -1.011753
v -0.092388 0.161549 -1.112878
v -0.092388 0.161549 -1.011753
v -0.083147 0.178838 -1.112878
v -0.083147 0.178838 -1.011753
v -0.070711 0.193991 -1.112878
v -0.070711 0.193991 -1.011753
v -0.055557 0.206428 -1.112878
v -0.055557 0.206428 -1.011753
v -0.038268 0.215669 -1.112878
v -0.038268 0.215669 -1.011753
v -0.019509 0.221359 -1.112878
v -0.019509 0.221359 -1.011753
v -0.027538 0.189764 -1.011753
v -0.066484 0.095742 -1.011753
v 0.027538 0.056797 -1.011753
v 0.066484 0.150819 -1.011753
v -0.071961 0.123281 -1.011753
v -0.070579 0.109242 -1.011753
v -0.070579 0.137320 -1.011753
v -0.059834 0.083301 -1.011753
v -0.059834 0.163260 -1.011753
v -0.066484 0.150819 -1.011753
v -0.050884 0.174165 -1.011753
v -0.039980 0.063447 -1.011753
v -0.039980 0.183114 -1.011753
v 0.000000 0.195242 -1.011753
v 0.027538 0.189764 -1.011753
v 0.014039 0.193859 -1.011753
v -0.014039 0.193859 -1.011753
v -0.050884 0.072396 -1.011753
v -0.027538 0.056797 -1.011753
v 0.000000 0.051319 -1.011753
v -0.014039 0.052702 -1.011753
v 0.039980 0.183114 -1.011753
v 0.014039 0.052702 -1.011753
v 0.059834 0.083301 -1.011753
v 0.050884 0.072396 -1.011753
v 0.059834 0.163260 -1.011753
v 0.071961 0.123281 -1.011753
v 0.070579 0.137320 -1.011753
v 0.066484 0.095742 -1.011753
v 0.070579 0.109242 -1.011753
v 0.039980 0.063447 -1.011753
v 0.050884 0.174165 -1.011753
v 0.039980 0.183114 -1.112878
v 0.059834 0.083301 -1.112878
v -0.039980 0.063447 -1.112878
v -0.059834 0.163260 -1.112878
v -0.014039 0.193859 -1.112878
v 0.014039 0.193859 -1.112878
v 0.000000 0.195242 -1.112878
v 0.027538 0.056797 -1.112878
v 0.039980 0.063447 -1.112878
v 0.027538 0.189764 -1.112878
v 0.050884 0.072396 -1.112878
v 0.059834 0.163260 -1.112878
v 0.071961 0.123281 -1.112878
v 0.070579 0.137320 -1.112878
v 0.066484 0.095742 -1.112878
v 0.070579 0.109242 -1.112878
v 0.066484 0.150819 -1.112878
v 0.050884 0.174165 -1.112878
v -0.071961 0.123281 -1.112878
v -0.066484 0.095742 -1.112878
v -0.070579 0.109242 -1.112878
v -0.070579 0.137320 -1.112878
v -0.059834 0.083301 -1.112878
v -0.050884 0.072396 -1.112878
v -0.066484 0.150819 -1.112878
v -0.039980 0.183114 -1.112878
v -0.027538 0.189764 -1.112878
v -0.014039 0.052702 -1.112878
v 0.014039 0.052702 -1.112878
v 0.000000 0.051319 -1.112878
v -0.027538 0.056797 -1.112878
v -0.050884 0.174165 -1.112878
vn 0.0980 0.9952 -0.0000
vn 0.2903 0.9569 -0.0000
vn 0.4714 0.8819 -0.0000
vn 0.6344 0.7730 -0.0000
vn 0.7730 0.6344 -0.0000
vn 0.8819 0.4714 -0.0000
vn 0.9569 0.2903 -0.0000
vn 0.9952 0.0980 -0.0000
vn 0.9952 -0.0980 -0.0000
vn 0.9569 -0.2903 -0.0000
vn 0.8819 -0.4714 -0.0000
vn 0.7730 -0.6344 -0.0000
vn 0.6344 -0.7730 -0.0000
vn 0.4714 -0.8819 -0.0000
vn 0.2903 -0.9569 -0.0000
vn 0.0980 -0.9952 -0.0000
vn -0.0980 -0.9952 -0.0000
vn -0.2903 -0.9569 -0.0000
vn -0.4714 -0.8819 -0.0000
vn -0.6344 -0.7730 -0.0000
vn -0.7730 -0.6344 -0.0000
vn -0.8819 -0.4714 -0.0000
vn -0.9569 -0.2903 -0.0000
vn -0.9952 -0.0980 -0.0000
vn -0.9952 0.0980 -0.0000
vn -0.9569 0.2903 -0.0000
vn -0.8819 0.4714 -0.0000
vn -0.7730 0.6344 -0.0000
vn -0.6344 0.7730 -0.0000
vn -0.4714 0.8819 -0.0000
vn -0.0000 -0.0000 1.0000
vn -0.2903 0.9569 -0.0000
vn -0.0980 0.9952 -0.0000
vn -0.0000 -0.0000 -1.0000
vt 1.000000 1.000000
vt 0.968750 0.500000
vt 1.000000 0.500000
vt 0.968750 1.000000
vt 0.937500 0.500000
vt 0.937500 1.000000
vt 0.906250 0.500000
vt 0.906250 1.000000
vt 0.875000 0.500000
vt 0.875000 1.000000
vt 0.843750 0.500000
vt 0.843750 1.000000
vt 0.812500 0.500000
vt 0.812500 1.000000
vt 0.781250 0.500000
vt 0.781250 1.000000
vt 0.750000 0.500000
vt 0.750000 1.000000
vt 0.718750 0.500000
vt 0.718750 1.000000
vt 0.687500 0.500000
vt 0.687500 1.000000
vt 0.656250 0.500000
vt 0.656250 1.000000
vt 0.625000 0.500000
vt 0.625000 1.000000
vt 0.593750 0.500000
vt 0.593750 1.000000
vt 0.562500 0.500000
vt 0.562500 1.000000
vt 0.531250 0.500000
vt 0.531250 1.000000
vt 0.500000 0.500000
vt 0.500000 1.000000
vt 0.468750 0.500000
vt 0.468750 1.000000
vt 0.437500 0.500000
vt 0.437500 1.000000
vt 0.406250 0.500000
vt 0.406250 1.000000
vt 0.375000 0.500000
vt 0.375000 1.000000
vt 0.343750 0.500000
vt 0.343750 1.000000
vt 0.312500 0.500000
vt 0.312500 1.000000
vt 0.281250 0.500000
vt 0.281250 1.000000
vt 0.250000 0.500000
vt 0.250000 1.000000
vt 0.218750 0.500000
vt 0.218750 1.000000
vt 0.187500 0.500000
vt 0.187500 1.000000
vt 0.156250 0.500000
vt 0.156250 1.000000
vt 0.125000 0.500000
vt 0.125000 1.000000
vt 0.093750 0.500000
vt 0.093750 1.000000
vt 0.062500 0.500000
vt 0.296822 0.014612
vt 0.345951 0.106399
vt 0.316092 0.090439
vt 0.158156 0.471731
vt 0.183908 0.409561
vt 0.216307 0.419389
vt 0.062500 1.000000
vt 0.031250 0.500000
vt 0.031250 1.000000
vt 0.000000 0.500000
vt 0.949553 0.116663
vt 0.893601 0.154049
vt 0.909561 0.183908
vt 0.550447 0.383337
vt 0.606399 0.345951
vt 0.590439 0.316092
vt 0.968750 0.559140
vt 1.000000 0.521898
vt 0.968750 0.521898
vt 0.937500 0.559140
vt 0.937500 0.521898
vt 0.906250 0.559140
vt 0.937500 0.521898
vt 0.906250 0.521898
vt 0.875000 0.559140
vt 0.875000 0.521898
vt 0.843750 0.521898
vt 0.843750 0.559140
vt 0.812500 0.521898
vt 0.812500 0.559140
vt 0.781250 0.521898
vt 0.781250 0.559140
vt 0.750000 0.521898
vt 0.750000 0.559140
vt 0.718750 0.521898
vt 0.718750 0.559140
vt 0.687500 0.521898
vt 0.687500 0.559140
vt 0.656250 0.521898
vt 0.656250 0.559140
vt 0.625000 0.521898
vt 0.625000 0.559140
vt 0.593750 0.521898
vt 0.593750 0.559140
vt 0.562500 0.521898
vt 0.562500 0.559140
vt 0.531250 0.521898
vt 0.531250 0.559140
vt 0.500000 0.521898
vt 0.500000 0.559140
vt 0.468750 0.521898
vt 0.468750 0.559140
vt 0.437500 0.521898
vt 0.437500 0.559140
vt 0.406250 0.521898
vt 0.406250 0.559140
vt 0.375000 0.521898
vt 0.375000 0.559140
vt 0.343750 0.559140
vt 0.343750 0.521898
vt 0.312500 0.559140
vt 0.343750 0.521898
vt 0.312500 0.521898
vt 0.281250 0.559140
vt 0.281250 0.521898
vt 0.250000 0.559140
vt 0.250000 0.521898
vt 0.218750 0.559140
vt 0.218750 0.521898
vt 0.187500 0.559140
vt 0.187500 0.521898
vt 0.156250 0.559140
vt 0.156250 0.521898
vt 0.125000 0.559140
vt 0.125000 0.521898
vt 0.093750 0.559140
vt 0.093750 0.521898
vt 0.062500 0.559140
vt 0.062500 0.521898
vt 0.031250 0.559140
vt 0.031250 0.521898
vt 0.000000 0.559140
vt 0.000000 0.521898
vt 0.090439 0.316092
vt 0.028269 0.341844
vt 0.014612 0.296822
vt 0.010000 0.250000
vt 0.014612 0.203178
vt 0.028269 0.158156
vt 0.050447 0.116663
vt 0.080294 0.080294
vt 0.116663 0.050447
vt 0.158156 0.028269
vt 0.203178 0.014612
vt 0.250000 0.010000
vt 0.341844 0.028269
vt 0.383337 0.050447
vt 0.419706 0.080294
vt 0.449553 0.116663
vt 0.471731 0.158156
vt 0.485388 0.203178
vt 0.490000 0.250000
vt 0.485388 0.296822
vt 0.471731 0.341844
vt 0.449553 0.383337
vt 0.419706 0.419706
vt 0.383337 0.449553
vt 0.341844 0.471731
vt 0.316092 0.409561
vt 0.345951 0.393601
vt 0.080611 0.283694
vt 0.372122 0.372122
vt 0.077293 0.250000
vt 0.080611 0.216307
vt 0.393601 0.345951
vt 0.409561 0.316092
vt 0.090439 0.183908
vt 0.419389 0.283693
vt 0.422707 0.250000
vt 0.106399 0.154049
vt 0.127878 0.127878
vt 0.419389 0.216307
vt 0.154049 0.106399
vt 0.183908 0.090439
vt 0.409561 0.183908
vt 0.393601 0.154049
vt 0.216307 0.080611
vt 0.372122 0.127878
vt 0.250000 0.077293
vt 0.283693 0.080611
vt 0.283693 0.419389
vt 0.296822 0.485388
vt 0.250000 0.490000
vt 0.203178 0.485388
vt 0.116663 0.449553
vt 0.080294 0.419706
vt 0.050447 0.383337
vt 0.106399 0.345951
vt 0.127878 0.372122
vt 0.250000 0.422707
vt 0.154049 0.393601
vt 0.000000 1.000000
vt 0.750000 0.422707
vt 0.716307 0.419389
vt 0.703178 0.485388
vt 0.750000 0.490000
vt 0.796822 0.485388
vt 0.841844 0.471731
vt 0.883337 0.449553
vt 0.919706 0.419706
vt 0.949553 0.383337
vt 0.971731 0.341844
vt 0.985388 0.296822
vt 0.990000 0.250000
vt 0.985388 0.203178
vt 0.971731 0.158156
vt 0.919706 0.080294
vt 0.883337 0.050447
vt 0.841844 0.028269
vt 0.796822 0.014612
vt 0.750000 0.010000
vt 0.703178 0.014612
vt 0.658156 0.028269
vt 0.616663 0.050447
vt 0.580294 0.080294
vt 0.550447 0.116663
vt 0.528269 0.158156
vt 0.514612 0.203178
vt 0.580611 0.216307
vt 0.590439 0.183908
vt 0.606399 0.154049
vt 0.783694 0.419389
vt 0.816092 0.409561
vt 0.627878 0.127878
vt 0.845951 0.393601
vt 0.654049 0.106399
vt 0.683908 0.090439
vt 0.872122 0.372122
vt 0.716307 0.080611
vt 0.893601 0.345951
vt 0.909561 0.316092
vt 0.750000 0.077293
vt 0.783693 0.080611
vt 0.919389 0.283694
vt 0.922707 0.250000
vt 0.816092 0.090439
vt 0.919389 0.216307
vt 0.845951 0.106399
vt 0.872122 0.127878
vt 0.577293 0.250000
vt 0.510000 0.250000
vt 0.514612 0.296822
vt 0.528269 0.341844
vt 0.580294 0.419706
vt 0.616663 0.449553
vt 0.658156 0.471731
vt 0.683908 0.409561
vt 0.654049 0.393601
vt 0.580611 0.283693
vt 0.627878 0.372122
vt 1.000000 0.559140
vt 0.687500 0.521898
vt 0.468750 0.521898
s 0
usemtl Material
f 900/1497/931 901/1498/931 899/1499/931
f 902/1500/932 903/1501/932 901/1498/932
f 904/1502/933 905/1503/933 903/1501/933
f 906/1504/934 907/1505/934 905/1503/934
f 908/1506/935 909/1507/935 907/1505/935
f 910/1508/936 911/1509/936 909/1507/936
f 912/1510/937 913/1511/937 911/1509/937
f 914/1512/938 915/1513/938 913/1511/938
f 916/1514/939 917/1515/939 915/1513/939
f 918/1516/940 919/1517/940 917/1515/940
f 920/1518/941 921/1519/941 919/1517/941
f 922/1520/942 923/1521/942 921/1519/942
f 924/1522/943 925/1523/943 923/1521/943
f 926/1524/944 927/1525/944 925/1523/944
f 928/1526/945 929/1527/945 927/1525/945
f 930/1528/946 931/1529/946 929/1527/946
f 932/1530/947 933/1531/947 931/1529/947
f 934/1532/948 935/1533/948 933/1531/948
f 936/1534/949 937/1535/949 935/1533/949
f 938/1536/950 939/1537/950 937/1535/950
f 940/1538/951 941/1539/951 939/1537/951
f 942/1540/952 943/1541/952 941/1539/952
f 944/1542/953 945/1543/953 943/1541/953
f 946/1544/954 947/1545/954 945/1543/954
f 948/1546/955 949/1547/955 947/1545/955
f 950/1548/956 951/1549/956 949/1547/956
f 952/1550/957 953/1551/957 951/1549/957
f 954/1552/958 955/1553/958 953/1551/958
f 956/1554/959 957/1555/959 955/1553/959
f 958/1556/960 959/1557/960 957/1555/960
f 930/1558/961 993/1559/961 965/1560/961
f 960/1561/961 963/1562/961 979/1563/961
f 960/1564/962 961/1565/962 959/1557/962
f 962/1566/963 899/1567/963 961/1565/963
f 921/1568/964 996/1569/964 1009/1570/964
f 953/1571/964 998/1572/964 1019/1573/964
f 978/1574/947 1001/1575/947 1000/1576/947
f 977/1577/948 1000/1576/948 1004/1578/948
f 984/1579/949 1004/1580/949 995/1581/949
f 994/1582/950 995/1581/950 1012/1583/950
f 994/1582/951 1006/1584/951 988/1585/951
f 988/1585/952 1011/1586/952 966/1587/952
f 966/1587/953 1008/1588/953 990/1589/953
f 990/1589/954 1007/1590/954 989/1591/954
f 989/1591/955 1010/1592/955 992/1593/955
f 992/1593/956 1009/1594/956 991/1595/956
f 991/1595/957 996/1596/957 986/1597/957
f 986/1597/958 1005/1598/958 987/1599/958
f 987/1599/959 1003/1600/959 993/1601/959
f 993/1601/960 1002/1602/960 965/1603/960
f 965/1603/962 1023/1604/962 985/1605/962
f 985/1605/963 1024/1606/963 982/1607/963
f 982/1607/931 1022/1608/931 983/1609/931
f 983/1609/932 1025/1610/932 981/1611/932
f 981/1611/933 997/1612/933 974/1613/933
f 974/1613/934 1018/1614/934 980/1615/934
f 970/1616/935 1018/1614/935 1017/1617/935
f 964/1618/936 1017/1619/936 1014/1620/936
f 968/1621/937 1014/1620/937 1015/1622/937
f 967/1623/938 1015/1622/938 1013/1624/938
f 969/1625/939 1013/1624/939 1016/1626/939
f 972/1627/940 1016/1626/940 1019/1628/940
f 971/1629/941 1019/1628/941 998/1630/941
f 973/1631/942 998/1630/942 1026/1632/942
f 975/1633/943 1026/1632/943 1020/1634/943
f 963/1635/944 1020/1634/944 1021/1636/944
f 979/1637/945 1021/1636/945 999/1638/945
f 976/1639/946 999/1638/946 1001/1640/946
f 900/1497/931 902/1500/931 901/1498/931
f 902/1500/932 904/1502/932 903/1501/932
f 904/1502/933 906/1504/933 905/1503/933
f 906/1504/934 908/1506/934 907/1505/934
f 908/1506/935 910/1508/935 909/1507/935
f 910/1508/936 912/1510/936 911/1509/936
f 912/1510/937 914/1512/937 913/1511/937
f 914/1512/938 916/1514/938 915/1513/938
f 916/1514/939 918/1516/939 917/1515/939
f 918/1516/940 920/1518/940 919/1517/940
f 920/1518/941 922/1520/941 921/1519/941
f 922/1520/942 924/1522/942 923/1521/942
f 924/1522/943 926/1524/943 925/1523/943
f 926/1524/944 928/1526/944 927/1525/944
f 928/1526/945 930/1528/945 929/1527/945
f 930/1528/946 932/1530/946 931/1529/946
f 932/1530/947 934/1532/947 933/1531/947
f 934/1532/948 936/1534/948 935/1533/948
f 936/1534/949 938/1536/949 937/1535/949
f 938/1536/950 940/1538/950 939/1537/950
f 940/1538/951 942/1540/951 941/1539/951
f 942/1540/952 944/1542/952 943/1541/952
f 944/1542/953 946/1544/953 945/1543/953
f 946/1544/954 948/1546/954 947/1545/954
f 948/1546/955 950/1548/955 949/1547/955
f 950/1548/956 952/1550/956 951/1549/956
f 952/1550/957 954/1552/957 953/1551/957
f 954/1552/958 956/1554/958 955/1553/958
f 956/1554/959 958/1556/959 957/1555/959
f 958/1556/960 960/1564/960 959/1557/960
f 972/1641/961 952/1642/961 950/1643/961
f 950/1643/961 948/1644/961 946/1645/961
f 946/1645/961 944/1646/961 942/1647/961
f 942/1647/961 940/1648/961 938/1649/961
f 938/1649/961 936/1650/961 934/1651/961
f 934/1651/961 932/1652/961 930/1558/961
f 930/1558/961 928/1653/961 926/1654/961
f 926/1654/961 924/1655/961 922/1656/961
f 922/1656/961 920/1657/961 918/1658/961
f 918/1658/961 916/1659/961 914/1660/961
f 914/1660/961 912/1661/961 910/1662/961
f 910/1662/961 908/1663/961 906/1664/961
f 906/1664/961 904/1665/961 977/1666/961
f 906/1664/961 977/1666/961 984/1667/961
f 914/1660/961 910/1662/961 906/1664/961
f 922/1656/961 918/1658/961 914/1660/961
f 930/1558/961 926/1654/961 922/1656/961
f 938/1649/961 934/1651/961 930/1558/961
f 946/1645/961 942/1647/961 938/1649/961
f 972/1641/961 950/1643/961 946/1645/961
f 969/1668/961 972/1641/961 946/1645/961
f 914/1660/961 906/1664/961 984/1667/961
f 914/1660/961 984/1667/961 994/1669/961
f 967/1670/961 969/1668/961 946/1645/961
f 968/1671/961 967/1670/961 946/1645/961
f 914/1660/961 994/1669/961 988/1672/961
f 914/1660/961 988/1672/961 966/1673/961
f 968/1671/961 946/1645/961 938/1649/961
f 964/1674/961 968/1671/961 938/1649/961
f 914/1660/961 966/1673/961 990/1675/961
f 914/1660/961 990/1675/961 989/1676/961
f 970/1677/961 964/1674/961 938/1649/961
f 980/1678/961 970/1677/961 938/1649/961
f 922/1656/961 914/1660/961 989/1676/961
f 922/1656/961 989/1676/961 992/1679/961
f 974/1680/961 980/1678/961 938/1649/961
f 981/1681/961 974/1680/961 938/1649/961
f 922/1656/961 992/1679/961 991/1682/961
f 922/1656/961 991/1682/961 986/1683/961
f 981/1681/961 938/1649/961 930/1558/961
f 983/1684/961 981/1681/961 930/1558/961
f 930/1558/961 922/1656/961 986/1683/961
f 930/1558/961 986/1683/961 987/1685/961
f 982/1686/961 983/1684/961 930/1558/961
f 985/1687/961 982/1686/961 930/1558/961
f 930/1558/961 987/1685/961 993/1559/961
f 965/1560/961 985/1687/961 930/1558/961
f 978/1688/961 977/1666/961 904/1665/961
f 904/1665/961 902/1689/961 900/1690/961
f 900/1690/961 962/1691/961 960/1561/961
f 960/1561/961 958/1692/961 956/1693/961
f 956/1693/961 954/1694/961 952/1642/961
f 952/1642/961 972/1641/961 971/1695/961
f 952/1642/961 971/1695/961 973/1696/961
f 960/1561/961 956/1693/961 952/1642/961
f 904/1665/961 900/1690/961 960/1561/961
f 976/1697/961 978/1688/961 904/1665/961
f 979/1563/961 976/1697/961 904/1665/961
f 960/1561/961 952/1642/961 973/1696/961
f 960/1561/961 973/1696/961 975/1698/961
f 979/1563/961 904/1665/961 960/1561/961
f 960/1561/961 975/1698/961 963/1562/961
f 960/1564/962 962/1566/962 961/1565/962
f 962/1566/963 900/1699/963 899/1567/963
f 1001/1700/964 999/1701/964 961/1702/964
f 961/1702/964 899/1703/964 901/1704/964
f 901/1704/964 903/1705/964 905/1706/964
f 905/1706/964 907/1707/964 909/1708/964
f 909/1708/964 911/1709/964 913/1710/964
f 913/1710/964 915/1711/964 917/1712/964
f 917/1712/964 919/1713/964 921/1568/964
f 921/1568/964 923/1714/964 925/1715/964
f 925/1715/964 927/1716/964 929/1717/964
f 929/1717/964 931/1718/964 933/1719/964
f 933/1719/964 935/1720/964 937/1721/964
f 937/1721/964 939/1722/964 941/1723/964
f 941/1723/964 943/1724/964 945/1725/964
f 945/1725/964 1015/1726/964 1014/1727/964
f 945/1725/964 1014/1727/964 1017/1728/964
f 937/1721/964 941/1723/964 945/1725/964
f 929/1717/964 933/1719/964 937/1721/964
f 921/1568/964 925/1715/964 929/1717/964
f 913/1710/964 917/1712/964 921/1568/964
f 905/1706/964 909/1708/964 913/1710/964
f 961/1702/964 901/1704/964 905/1706/964
f 1000/1729/964 1001/1700/964 961/1702/964
f 1004/1730/964 1000/1729/964 961/1702/964
f 937/1721/964 945/1725/964 1017/1728/964
f 937/1721/964 1017/1728/964 1018/1731/964
f 1004/1730/964 961/1702/964 905/1706/964
f 995/1732/964 1004/1730/964 905/1706/964
f 937/1721/964 1018/1731/964 997/1733/964
f 937/1721/964 997/1733/964 1025/1734/964
f 995/1732/964 905/1706/964 913/1710/964
f 1012/1735/964 995/1732/964 913/1710/964
f 929/1717/964 937/1721/964 1025/1734/964
f 929/1717/964 1025/1734/964 1022/1736/964
f 1006/1737/964 1012/1735/964 913/1710/964
f 1011/1738/964 1006/1737/964 913/1710/964
f 929/1717/964 1022/1736/964 1024/1739/964
f 929/1717/964 1024/1739/964 1023/1740/964
f 1008/1741/964 1011/1738/964 913/1710/964
f 1007/1742/964 1008/1741/964 913/1710/964
f 921/1568/964 929/1717/964 1023/1740/964
f 921/1568/964 1023/1740/964 1002/1743/964
f 1007/1742/964 913/1710/964 921/1568/964
f 1010/1744/964 1007/1742/964 921/1568/964
f 921/1568/964 1002/1743/964 1003/1745/964
f 921/1568/964 1003/1745/964 1005/1746/964
f 1009/1570/964 1010/1744/964 921/1568/964
f 921/1568/964 1005/1746/964 996/1569/964
f 1013/1747/964 1015/1726/964 945/1725/964
f 945/1725/964 947/1748/964 949/1749/964
f 949/1749/964 951/1750/964 953/1571/964
f 953/1571/964 955/1751/964 957/1752/964
f 957/1752/964 959/1753/964 961/1702/964
f 961/1702/964 999/1701/964 1021/1754/964
f 961/1702/964 1021/1754/964 1020/1755/964
f 953/1571/964 957/1752/964 961/1702/964
f 945/1725/964 949/1749/964 953/1571/964
f 1016/1756/964 1013/1747/964 945/1725/964
f 1019/1573/964 1016/1756/964 945/1725/964
f 953/1571/964 961/1702/964 1020/1755/964
f 953/1571/964 1020/1755/964 1026/1757/964
f 1019/1573/964 945/1725/964 953/1571/964
f 953/1571/964 1026/1757/964 998/1572/964
f 978/1574/947 976/1758/947 1001/1575/947
f 977/1577/948 978/1574/948 1000/1576/948
f 984/1579/949 977/1577/949 1004/1580/949
f 994/1582/950 984/1579/950 995/1581/950
f 994/1582/951 1012/1583/951 1006/1584/951
f 988/1585/952 1006/1584/952 1011/1586/952
f 966/1587/953 1011/1586/953 1008/1588/953
f 990/1589/954 1008/1588/954 1007/1590/954
f 989/1591/955 1007/1590/955 1010/1592/955
f 992/1593/956 1010/1592/956 1009/1594/956
f 991/1595/957 1009/1759/957 996/1596/957
f 986/1597/958 996/1596/958 1005/1598/958
f 987/1599/959 1005/1598/959 1003/1600/959
f 993/1601/960 1003/1600/960 1002/1602/960
f 965/1603/962 1002/1602/962 1023/1604/962
f 985/1605/963 1023/1604/963 1024/1606/963
f 982/1607/931 1024/1606/931 1022/1608/931
f 983/1609/932 1022/1760/932 1025/1610/932
f 981/1611/933 1025/1610/933 997/1612/933
f 974/1613/934 997/1612/934 1018/1614/934
f 970/1616/935 980/1615/935 1018/1614/935
f 964/1618/936 970/1616/936 1017/1619/936
f 968/1621/937 964/1618/937 1014/1620/937
f 967/1623/938 968/1621/938 1015/1622/938
f 969/1625/939 967/1623/939 1013/1624/939
f 972/1627/940 969/1625/940 1016/1626/940
f 971/1629/941 972/1627/941 1019/1628/941
f 973/1631/942 971/1629/942 998/1630/942
f 975/1633/943 973/1631/943 1026/1632/943
f 963/1635/944 975/1633/944 1020/1634/944
f 979/1637/945 963/1635/945 1021/1636/945
f 976/1639/946 979/1637/946 999/1638/946
o Cylinder.001
v 0.000000 -0.117027 -1.025447
v 0.000000 -0.117027 -1.003532
v 0.004228 -0.117443 -1.025447
v 0.004228 -0.117443 -1.003532
v 0.008293 -0.118677 -1.025447
v 0.008293 -0.118677 -1.003532
v 0.012040 -0.120679 -1.025447
v 0.012040 -0.120679 -1.003532
v 0.015324 -0.123374 -1.025447
v 0.015324 -0.123374 -1.003532
v 0.018019 -0.126658 -1.025447
v 0.018019 -0.126658 -1.003532
v 0.020021 -0.130405 -1.025447
v 0.020021 -0.130405 -1.003532
v 0.021255 -0.134470 -1.025447
v 0.021255 -0.134470 -1.003532
v 0.021671 -0.138698 -1.025447
v 0.021671 -0.138698 -1.003532
v 0.021255 -0.142926 -1.025447
v 0.021255 -0.142926 -1.003532
v 0.020021 -0.146991 -1.025447
v 0.020021 -0.146991 -1.003532
v 0.018019 -0.150738 -1.025447
v 0.018019 -0.150738 -1.003532
v 0.015324 -0.154022 -1.025447
v 0.015324 -0.154022 -1.003532
v 0.012040 -0.156717 -1.025447
v 0.012040 -0.156717 -1.003532
v 0.008293 -0.158719 -1.025447
v 0.008293 -0.158719 -1.003532
v 0.004228 -0.159953 -1.025447
v 0.004228 -0.159953 -1.003532
v 0.000000 -0.160369 -1.025447
v 0.000000 -0.160369 -1.003532
v -0.004228 -0.159953 -1.025447
v -0.004228 -0.159953 -1.003532
v -0.008293 -0.158719 -1.025447
v -0.008293 -0.158719 -1.003532
v -0.012040 -0.156717 -1.025447
v -0.012040 -0.156717 -1.003532
v -0.015324 -0.154022 -1.025447
v -0.015324 -0.154022 -1.003532
v -0.018019 -0.150738 -1.025447
v -0.018019 -0.150738 -1.003532
v -0.020021 -0.146991 -1.025447
v -0.020021 -0.146991 -1.003532
v -0.021255 -0.142926 -1.025447
v -0.021255 -0.142926 -1.003532
v -0.021671 -0.138698 -1.025447
v -0.021671 -0.138698 -1.003532
v -0.021255 -0.134470 -1.025447
v -0.021255 -0.134470 -1.003532
v -0.020021 -0.130405 -1.025447
v -0.020021 -0.130405 -1.003532
v -0.018019 -0.126658 -1.025447
v -0.018019 -0.126658 -1.003532
v -0.015324 -0.123374 -1.025447
v -0.015324 -0.123374 -1.003532
v -0.012040 -0.120679 -1.025447
v -0.012040 -0.120679 -1.003532
v -0.008293 -0.118677 -1.025447
v -0.008293 -0.118677 -1.003532
v -0.004228 -0.117443 -1.025447
v -0.004228 -0.117443 -1.003532
vn 0.0980 0.9952 -0.0000
vn 0.2903 0.9569 -0.0000
vn 0.4714 0.8819 -0.0000
vn 0.6344 0.7730 -0.0000
vn 0.7730 0.6344 -0.0000
vn 0.8819 0.4714 -0.0000
vn 0.9569 0.2903 -0.0000
vn 0.9952 0.0980 -0.0000
vn 0.9952 -0.0980 -0.0000
vn 0.9569 -0.2903 -0.0000
vn 0.8819 -0.4714 -0.0000
vn 0.7730 -0.6344 -0.0000
vn 0.6344 -0.7730 -0.0000
vn 0.4714 -0.8819 -0.0000
vn 0.2903 -0.9569 -0.0000
vn 0.0980 -0.9952 -0.0000
vn -0.0980 -0.9952 -0.0000
vn -0.2903 -0.9569 -0.0000
vn -0.4714 -0.8819 -0.0000
vn -0.6344 -0.7730 -0.0000
vn -0.7730 -0.6344 -0.0000
vn -0.8819 -0.4714 -0.0000
vn -0.9569 -0.2903 -0.0000
vn -0.9952 -0.0980 -0.0000
vn -0.9952 0.0980 -0.0000
vn -0.9569 0.2903 -0.0000
vn -0.8819 0.4714 -0.0000
vn -0.7730 0.6344 -0.0000
vn -0.6344 0.7730 -0.0000
vn -0.4714 0.8819 -0.0000
vn -0.0000 -0.0000 1.0000
vn -0.2903 0.9569 -0.0000
vn -0.0980 0.9952 -0.0000
vn -0.0000 -0.0000 -1.0000
vt 1.000000 1.000000
vt 0.968750 0.500000
vt 1.000000 0.500000
vt 0.968750 1.000000
vt 0.937500 0.500000
vt 0.937500 1.000000
vt 0.906250 0.500000
vt 0.906250 1.000000
vt 0.875000 0.500000
vt 0.875000 1.000000
vt 0.843750 0.500000
vt 0.843750 1.000000
vt 0.812500 0.500000
vt 0.812500 1.000000
vt 0.781250 0.500000
vt 0.781250 1.000000
vt 0.750000 0.500000
vt 0.750000 1.000000
vt 0.718750 0.500000
vt 0.718750 1.000000
vt 0.687500 0.500000
vt 0.687500 1.000000
vt 0.656250 0.500000
vt 0.656250 1.000000
vt 0.625000 0.500000
vt 0.625000 1.000000
vt 0.593750 0.500000
vt 0.593750 1.000000
vt 0.562500 0.500000
vt 0.562500 1.000000
vt 0.531250 0.500000
vt 0.531250 1.000000
vt 0.500000 0.500000
vt 0.500000 1.000000
vt 0.468750 0.500000
vt 0.468750 1.000000
vt 0.437500 0.500000
vt 0.437500 1.000000
vt 0.406250 0.500000
vt 0.406250 1.000000
vt 0.375000 0.500000
vt 0.375000 1.000000
vt 0.343750 0.500000
vt 0.343750 1.000000
vt 0.312500 0.500000
vt 0.312500 1.000000
vt 0.281250 0.500000
vt 0.281250 1.000000
vt 0.250000 0.500000
vt 0.250000 1.000000
vt 0.218750 0.500000
vt 0.218750 1.000000
vt 0.187500 0.500000
vt 0.187500 1.000000
vt 0.156250 0.500000
vt 0.156250 1.000000
vt 0.125000 0.500000
vt 0.125000 1.000000
vt 0.093750 0.500000
vt 0.093750 1.000000
vt 0.062500 0.500000
vt 0.158156 0.028269
vt 0.471731 0.158156
vt 0.341844 0.471731
vt 0.062500 1.000000
vt 0.031250 0.500000
vt 0.031250 1.000000
vt 0.000000 0.500000
vt 0.796822 0.014612
vt 0.514612 0.203178
vt 0.703178 0.485388
vt 0.296822 0.485388
vt 0.250000 0.490000
vt 0.203178 0.485388
vt 0.158156 0.471731
vt 0.116663 0.449553
vt 0.080294 0.419706
vt 0.050447 0.383337
vt 0.028269 0.341844
vt 0.014612 0.296822
vt 0.010000 0.250000
vt 0.014612 0.203178
vt 0.028269 0.158156
vt 0.050447 0.116663
vt 0.080294 0.080294
vt 0.116663 0.050447
vt 0.203178 0.014612
vt 0.250000 0.010000
vt 0.296822 0.014612
vt 0.341844 0.028269
vt 0.383337 0.050447
vt 0.419706 0.080294
vt 0.449553 0.116663
vt 0.485388 0.203178
vt 0.490000 0.250000
vt 0.485388 0.296822
vt 0.471731 0.341844
vt 0.449553 0.383337
vt 0.419706 0.419706
vt 0.383337 0.449553
vt 0.000000 1.000000
vt 0.750000 0.490000
vt 0.796822 0.485388
vt 0.841844 0.471731
vt 0.883337 0.449553
vt 0.919706 0.419706
vt 0.949553 0.383337
vt 0.971731 0.341844
vt 0.985388 0.296822
vt 0.990000 0.250000
vt 0.985388 0.203178
vt 0.971731 0.158156
vt 0.949553 0.116663
vt 0.919706 0.080294
vt 0.883337 0.050447
vt 0.841844 0.028269
vt 0.750000 0.010000
vt 0.703178 0.014612
vt 0.658156 0.028269
vt 0.616663 0.050447
vt 0.580294 0.080294
vt 0.550447 0.116663
vt 0.528269 0.158156
vt 0.510000 0.250000
vt 0.514612 0.296822
vt 0.528269 0.341844
vt 0.550447 0.383337
vt 0.580294 0.419706
vt 0.616663 0.449553
vt 0.658156 0.471731
s 0
usemtl Material.001
f 1028/1761/965 1029/1762/965 1027/1763/965
f 1030/1764/966 1031/1765/966 1029/1762/966
f 1032/1766/967 1033/1767/967 1031/1765/967
f 1034/1768/968 1035/1769/968 1033/1767/968
f 1036/1770/969 1037/1771/969 1035/1769/969
f 1038/1772/970 1039/1773/970 1037/1771/970
f 1040/1774/971 1041/1775/971 1039/1773/971
f 1042/1776/972 1043/1777/972 1041/1775/972
f 1044/1778/973 1045/1779/973 1043/1777/973
f 1046/1780/974 1047/1781/974 1045/1779/974
f 1048/1782/975 1049/1783/975 1047/1781/975
f 1050/1784/976 1051/1785/976 1049/1783/976
f 1052/1786/977 1053/1787/977 1051/1785/977
f 1054/1788/978 1055/1789/978 1053/1787/978
f 1056/1790/979 1057/1791/979 1055/1789/979
f 1058/1792/980 1059/1793/980 1057/1791/980
f 1060/1794/981 1061/1795/981 1059/1793/981
f 1062/1796/982 1063/1797/982 1061/1795/982
f 1064/1798/983 1065/1799/983 1063/1797/983
f 1066/1800/984 1067/1801/984 1065/1799/984
f 1068/1802/985 1069/1803/985 1067/1801/985
f 1070/1804/986 1071/1805/986 1069/1803/986
f 1072/1806/987 1073/1807/987 1071/1805/987
f 1074/1808/988 1075/1809/988 1073/1807/988
f 1076/1810/989 1077/1811/989 1075/1809/989
f 1078/1812/990 1079/1813/990 1077/1811/990
f 1080/1814/991 1081/1815/991 1079/1813/991
f 1082/1816/992 1083/1817/992 1081/1815/992
f 1084/1818/993 1085/1819/993 1083/1817/993
f 1086/1820/994 1087/1821/994 1085/1819/994
f 1064/1822/995 1048/1823/995 1032/1824/995
f 1088/1825/996 1089/1826/996 1087/1821/996
f 1090/1827/997 1027/1828/997 1089/1826/997
f 1057/1829/998 1073/1830/998 1089/1831/998
f 1028/1761/965 1030/1764/965 1029/1762/965
f 1030/1764/966 1032/1766/966 1031/1765/966
f 1032/1766/967 1034/1768/967 1033/1767/967
f 1034/1768/968 1036/1770/968 1035/1769/968
f 1036/1770/969 1038/1772/969 1037/1771/969
f 1038/1772/970 1040/1774/970 1039/1773/970
f 1040/1774/971 1042/1776/971 1041/1775/971
f 1042/1776/972 1044/1778/972 1043/1777/972
f 1044/1778/973 1046/1780/973 1045/1779/973
f 1046/1780/974 1048/1782/974 1047/1781/974
f 1048/1782/975 1050/1784/975 1049/1783/975
f 1050/1784/976 1052/1786/976 1051/1785/976
f 1052/1786/977 1054/1788/977 1053/1787/977
f 1054/1788/978 1056/1790/978 1055/1789/978
f 1056/1790/979 1058/1792/979 1057/1791/979
f 1058/1792/980 1060/1794/980 1059/1793/980
f 1060/1794/981 1062/1796/981 1061/1795/981
f 1062/1796/982 1064/1798/982 1063/1797/982
f 1064/1798/983 1066/1800/983 1065/1799/983
f 1066/1800/984 1068/1802/984 1067/1801/984
f 1068/1802/985 1070/1804/985 1069/1803/985
f 1070/1804/986 1072/1806/986 1071/1805/986
f 1072/1806/987 1074/1808/987 1073/1807/987
f 1074/1808/988 1076/1810/988 1075/1809/988
f 1076/1810/989 1078/1812/989 1077/1811/989
f 1078/1812/990 1080/1814/990 1079/1813/990
f 1080/1814/991 1082/1816/991 1081/1815/991
f 1082/1816/992 1084/1818/992 1083/1817/992
f 1084/1818/993 1086/1820/993 1085/1819/993
f 1086/1820/994 1088/1825/994 1087/1821/994
f 1032/1824/995 1030/1832/995 1028/1833/995
f 1028/1833/995 1090/1834/995 1088/1835/995
f 1088/1835/995 1086/1836/995 1084/1837/995
f 1084/1837/995 1082/1838/995 1080/1839/995
f 1080/1839/995 1078/1840/995 1076/1841/995
f 1076/1841/995 1074/1842/995 1072/1843/995
f 1072/1843/995 1070/1844/995 1068/1845/995
f 1068/1845/995 1066/1846/995 1064/1822/995
f 1064/1822/995 1062/1847/995 1060/1848/995
f 1060/1848/995 1058/1849/995 1056/1850/995
f 1056/1850/995 1054/1851/995 1052/1852/995
f 1052/1852/995 1050/1853/995 1048/1823/995
f 1048/1823/995 1046/1854/995 1044/1855/995
f 1044/1855/995 1042/1856/995 1040/1857/995
f 1040/1857/995 1038/1858/995 1036/1859/995
f 1036/1859/995 1034/1860/995 1032/1824/995
f 1032/1824/995 1028/1833/995 1088/1835/995
f 1088/1835/995 1084/1837/995 1080/1839/995
f 1080/1839/995 1076/1841/995 1072/1843/995
f 1072/1843/995 1068/1845/995 1064/1822/995
f 1064/1822/995 1060/1848/995 1056/1850/995
f 1056/1850/995 1052/1852/995 1048/1823/995
f 1048/1823/995 1044/1855/995 1040/1857/995
f 1040/1857/995 1036/1859/995 1032/1824/995
f 1032/1824/995 1088/1835/995 1080/1839/995
f 1080/1839/995 1072/1843/995 1064/1822/995
f 1064/1822/995 1056/1850/995 1048/1823/995
f 1048/1823/995 1040/1857/995 1032/1824/995
f 1032/1824/995 1080/1839/995 1064/1822/995
f 1088/1825/996 1090/1827/996 1089/1826/996
f 1090/1827/997 1028/1861/997 1027/1828/997
f 1089/1831/998 1027/1862/998 1029/1863/998
f 1029/1863/998 1031/1864/998 1033/1865/998
f 1033/1865/998 1035/1866/998 1037/1867/998
f 1037/1867/998 1039/1868/998 1041/1869/998
f 1041/1869/998 1043/1870/998 1045/1871/998
f 1045/1871/998 1047/1872/998 1049/1873/998
f 1049/1873/998 1051/1874/998 1053/1875/998
f 1053/1875/998 1055/1876/998 1057/1829/998
f 1057/1829/998 1059/1877/998 1061/1878/998
f 1061/1878/998 1063/1879/998 1065/1880/998
f 1065/1880/998 1067/1881/998 1069/1882/998
f 1069/1882/998 1071/1883/998 1073/1830/998
f 1073/1830/998 1075/1884/998 1077/1885/998
f 1077/1885/998 1079/1886/998 1081/1887/998
f 1081/1887/998 1083/1888/998 1085/1889/998
f 1085/1889/998 1087/1890/998 1089/1831/998
f 1089/1831/998 1029/1863/998 1033/1865/998
f 1033/1865/998 1037/1867/998 1041/1869/998
f 1041/1869/998 1045/1871/998 1049/1873/998
f 1049/1873/998 1053/1875/998 1057/1829/998
f 1057/1829/998 1061/1878/998 1065/1880/998
f 1065/1880/998 1069/1882/998 1073/1830/998
f 1073/1830/998 1077/1885/998 1081/1887/998
f 1081/1887/998 1085/1889/998 1089/1831/998
f 1089/1831/998 1033/1865/998 1041/1869/998
f 1041/1869/998 1049/1873/998 1057/1829/998
f 1057/1829/998 1065/1880/998 1073/1830/998
f 1073/1830/998 1081/1887/998 1089/1831/998
f 1089/1831/998 1041/1869/998 1057/1829/998
o Cube.002
v 0.156215 -0.217688 0.925459
v -0.156215 -1.107936 1.060730
v -0.190998 -1.116374 1.005196
v -0.156215 -1.204113 1.036088
v -0.156215 -1.188277 1.049512
v -0.166965 -1.206721 1.018924
v -0.167250 -1.198521 1.035806
v -0.166891 -1.183638 1.048038
v -0.176656 -1.193236 1.016875
v -0.176203 -1.185819 1.033232
v -0.174619 -1.174929 1.044156
v -0.166965 -1.108349 1.058011
v -0.176657 -1.109547 1.050128
v -0.156215 -1.137711 1.062473
v -0.167312 -1.138978 1.059371
v -0.176185 -1.139127 1.051780
v -0.156215 -1.165376 1.058611
v -0.166918 -1.164567 1.055605
v -0.174619 -1.161042 1.049674
v -0.189295 -1.145736 1.009658
v -0.184358 -1.172204 1.013679
v -0.189295 -1.113766 1.022360
v -0.187278 -1.144007 1.027421
v -0.182617 -1.168327 1.030529
v -0.184358 -1.111415 1.037833
v -0.182592 -1.140758 1.041551
v -0.179289 -1.162175 1.042218
v -0.190998 -0.168095 0.861107
v -0.156215 -0.159656 0.916641
v -0.189296 -0.165487 0.878268
v -0.184355 -0.163135 0.893749
v -0.176660 -0.161268 0.906035
v -0.166963 -0.160069 0.913923
v -0.156215 -1.287166 0.520821
v -0.190998 -1.192168 0.506386
v -0.156215 -1.200606 0.450852
v -0.166965 -1.282515 0.520114
v -0.176657 -1.269030 0.518065
v -0.156215 -1.285123 0.502950
v -0.167312 -1.279684 0.501658
v -0.176185 -1.266866 0.500297
v -0.156215 -1.273989 0.485428
v -0.166918 -1.269058 0.485419
v -0.174619 -1.259652 0.486577
v -0.189295 -1.194776 0.489222
v -0.184358 -1.197127 0.473749
v -0.189295 -1.221529 0.510847
v -0.187278 -1.225000 0.493247
v -0.182617 -1.226170 0.478932
v -0.184358 -1.247997 0.514869
v -0.182592 -1.249356 0.497592
v -0.179289 -1.246898 0.484639
v -0.156215 -1.229554 0.458032
v -0.156215 -1.254824 0.469937
v -0.166965 -1.200193 0.453571
v -0.167250 -1.230013 0.461396
v -0.166891 -1.253116 0.472520
v -0.176656 -1.198995 0.461454
v -0.176203 -1.227800 0.468714
v -0.174619 -1.248031 0.477183
v -0.156215 -0.252326 0.306762
v -0.190998 -0.243888 0.362296
v -0.166963 -0.251913 0.309480
v -0.176660 -0.250715 0.317368
v -0.184355 -0.248848 0.329654
v -0.189296 -0.246496 0.345135
v -0.166963 -0.218500 0.922801
v 0.190998 -1.116374 1.005196
v 0.156215 -1.107936 1.060730
v 0.166965 -1.206721 1.018924
v 0.176657 -1.193236 1.016875
v 0.156215 -1.204113 1.036088
v 0.167312 -1.198536 1.035707
v 0.176185 -1.185893 1.033198
v 0.156215 -1.188277 1.049512
v 0.166918 -1.183566 1.048056
v 0.174619 -1.174929 1.044156
v 0.189295 -1.113766 1.022360
v 0.184358 -1.111415 1.037833
v 0.189295 -1.145736 1.009658
v 0.187278 -1.143822 1.027494
v 0.182617 -1.140687 1.041511
v 0.184358 -1.172204 1.013679
v 0.182592 -1.168369 1.030580
v 0.179289 -1.162175 1.042218
v 0.156215 -1.137711 1.062473
v 0.156215 -1.165376 1.058611
v 0.166965 -1.108349 1.058011
v 0.167250 -1.139148 1.059397
v 0.166891 -1.164512 1.055637
v 0.176656 -1.109547 1.050128
v 0.176203 -1.139208 1.051752
v 0.174619 -1.161042 1.049674
v 0.156215 -0.159656 0.916641
v 0.190998 -0.168095 0.861107
v 0.166963 -0.160069 0.913923
v 0.176660 -0.161268 0.906035
v 0.184355 -0.163135 0.893749
v 0.189296 -0.165487 0.878268
v 0.156215 -1.287166 0.520821
v 0.156215 -1.200606 0.450852
v 0.190998 -1.192168 0.506386
v 0.156215 -1.285123 0.502950
v 0.156215 -1.273989 0.485428
v 0.166965 -1.282515 0.520114
v 0.167250 -1.279699 0.501558
v 0.166891 -1.269121 0.485458
v 0.176656 -1.269030 0.518065
v 0.176203 -1.266805 0.500243
v 0.174619 -1.259652 0.486577
v 0.166965 -1.200193 0.453571
v 0.176657 -1.198995 0.461454
v 0.156215 -1.229554 0.458032
v 0.167312 -1.229843 0.461370
v 0.176185 -1.227730 0.468663
v 0.156215 -1.254824 0.469937
v 0.166918 -1.253158 0.472567
v 0.174619 -1.248031 0.477183
v 0.189295 -1.221529 0.510847
v 0.184358 -1.247997 0.514869
v 0.189295 -1.194776 0.489222
v 0.187278 -1.225155 0.493372
v 0.182617 -1.249300 0.497628
v 0.184358 -1.197127 0.473749
v 0.182592 -1.226250 0.478915
v 0.179289 -1.246898 0.484639
v 0.190998 -0.243888 0.362296
v 0.156215 -0.252326 0.306762
v 0.189296 -0.246496 0.345135
v 0.184355 -0.248848 0.329654
v 0.176660 -0.250715 0.317368
v 0.166963 -0.251913 0.309480
v -0.156215 -1.330227 0.527364
v -0.189296 -0.219508 0.886476
v 0.156215 -1.330227 0.527364
v 0.184355 -0.218238 0.902122
v 0.156215 -1.287166 0.520821
v 0.000994 -1.310419 0.367789
v 0.155624 -1.289193 0.507483
v 0.153856 -1.291204 0.494247
v 0.150926 -1.293184 0.481213
v 0.146854 -1.295119 0.468481
v 0.141672 -1.296993 0.456147
v 0.135419 -1.298792 0.444305
v 0.128143 -1.300503 0.433045
v 0.119900 -1.302113 0.422454
v 0.110751 -1.303608 0.412611
v 0.100768 -1.304979 0.403592
v 0.090025 -1.306214 0.395465
v 0.078604 -1.307304 0.388292
v 0.066593 -1.308240 0.382127
v 0.054082 -1.309016 0.377018
v 0.041168 -1.309627 0.373004
v 0.027948 -1.310066 0.370114
v 0.014522 -1.310330 0.368372
v -0.000994 -1.310419 0.367789
v -0.156215 -1.287166 0.520821
v -0.014522 -1.310330 0.368372
v -0.027948 -1.310066 0.370114
v -0.041168 -1.309627 0.373004
v -0.054082 -1.309016 0.377018
v -0.066593 -1.308240 0.382127
v -0.078604 -1.307304 0.388292
v -0.090025 -1.306214 0.395465
v -0.100768 -1.304979 0.403592
v -0.110751 -1.303608 0.412611
v -0.119900 -1.302113 0.422454
v -0.128143 -1.300503 0.433045
v -0.135419 -1.298792 0.444305
v -0.141672 -1.296993 0.456147
v -0.146854 -1.295119 0.468481
v -0.150926 -1.293184 0.481213
v -0.153856 -1.291204 0.494247
v -0.155624 -1.289193 0.507483
v 0.000994 -1.353480 0.374332
v 0.156215 -1.330227 0.527364
v 0.014522 -1.353391 0.374915
v 0.027948 -1.353127 0.376657
v 0.041168 -1.352687 0.379547
v 0.054082 -1.352077 0.383561
v 0.066593 -1.351301 0.388670
v 0.078604 -1.350364 0.394835
v 0.090025 -1.349274 0.402008
v 0.100768 -1.348040 0.410135
v 0.110751 -1.346669 0.419154
v 0.119900 -1.345173 0.428997
v 0.128143 -1.343564 0.439588
v 0.135419 -1.341853 0.450848
v 0.141672 -1.340054 0.462690
v 0.146854 -1.338180 0.475024
v 0.150926 -1.336245 0.487756
v 0.153856 -1.334265 0.500790
v 0.155624 -1.332253 0.514026
v -0.156215 -1.330227 0.527364
v -0.000994 -1.353480 0.374332
v -0.155624 -1.332253 0.514026
v -0.153856 -1.334265 0.500790
v -0.150926 -1.336245 0.487756
v -0.146854 -1.338180 0.475024
v -0.141672 -1.340054 0.462690
v -0.135419 -1.341853 0.450848
v -0.128143 -1.343564 0.439588
v -0.119900 -1.345173 0.428997
v -0.110751 -1.346669 0.419154
v -0.100768 -1.348040 0.410135
v -0.090025 -1.349274 0.402008
v -0.078604 -1.350364 0.394835
v -0.066593 -1.351301 0.388670
v -0.054082 -1.352077 0.383561
v -0.041168 -1.352687 0.379547
v -0.027948 -1.353127 0.376657
v -0.014522 -1.353391 0.374915
v -0.156215 -1.217476 0.979466
v -0.131057 -1.211373 1.019631
v -0.156215 -1.204120 1.036074
v -0.166956 -1.206725 1.018925
v -0.155584 -1.216118 0.988404
v -0.153723 -1.214828 0.996893
v -0.150726 -1.213670 1.004508
v -0.146743 -1.212704 1.010868
v -0.141973 -1.211977 1.015653
v -0.136655 -1.211526 1.018624
v 0.131057 -1.211373 1.019631
v 0.156215 -1.217476 0.979466
v 0.166956 -1.206725 1.018925
v 0.156215 -1.204120 1.036074
v 0.136655 -1.211526 1.018624
v 0.141973 -1.211977 1.015653
v 0.146743 -1.212704 1.010868
v 0.150726 -1.213670 1.004508
v 0.153723 -1.214828 0.996893
v 0.155584 -1.216118 0.988404
v -0.131057 -1.254434 1.026174
v -0.156215 -1.260537 0.986009
v -0.136655 -1.254587 1.025167
v -0.141973 -1.255038 1.022197
v -0.146743 -1.255765 1.017411
v -0.150726 -1.256731 1.011052
v -0.153723 -1.257889 1.003436
v -0.155584 -1.259178 0.994947
v 0.156215 -1.260537 0.986009
v 0.131057 -1.254434 1.026174
v 0.155584 -1.259178 0.994947
v 0.153723 -1.257889 1.003436
v 0.150726 -1.256731 1.011052
v 0.146743 -1.255765 1.017411
v 0.141973 -1.255038 1.022197
v 0.136655 -1.254587 1.025167
v 0.189296 -0.218643 0.886345
v -0.190998 -0.219972 0.868990
v -0.176660 -0.218734 0.914767
v 0.166963 -0.217737 0.922685
v 0.190998 -0.219099 0.868857
v 0.176660 -0.217926 0.914644
v -0.184355 -0.219081 0.902250
v -0.156215 -0.218403 0.925567
v -0.195896 -0.148829 0.987897
v -0.195897 -0.204776 0.996398
v -0.188201 -0.146962 1.000183
v -0.188201 -0.204428 1.008915
v -0.167756 -0.204097 1.019715
v -0.167756 -0.145351 1.010789
v -0.178505 -0.145764 1.008071
v 0.155422 -0.145764 1.008071
v 0.144673 -0.145351 1.010789
v 0.155422 -0.203431 1.016833
v 0.165119 -0.146962 1.000183
v 0.165118 -0.203621 1.008792
v -0.178505 -0.204194 1.016949
v 0.144673 -0.203383 1.019607
v -0.156215 -0.061561 0.901736
v -0.166963 -0.061974 0.899018
v -0.176660 -0.063172 0.891129
v -0.184355 -0.065039 0.878844
v -0.189296 -0.067391 0.863362
v -0.190998 -0.069999 0.846201
v -0.166963 -0.153818 0.294575
v -0.156215 -0.154231 0.291857
v -0.176660 -0.152619 0.302463
v -0.184355 -0.150752 0.314749
v -0.189296 -0.148400 0.330230
v -0.190998 -0.145792 0.347391
v 0.189296 -0.148400 0.330230
v 0.190998 -0.145792 0.347391
v 0.184355 -0.150752 0.314749
v 0.176660 -0.152619 0.302463
v 0.166963 -0.153818 0.294575
v 0.156215 -0.154231 0.291857
v 0.166963 -0.061974 0.899018
v 0.156215 -0.061561 0.901736
v 0.176660 -0.063172 0.891129
v 0.184355 -0.065039 0.878844
v 0.189296 -0.067391 0.863362
v 0.190998 -0.069999 0.846201
vn 0.1255 0.1040 0.9866
vn -0.1143 -0.3880 0.9145
vn -0.1255 0.1040 0.9866
vn 0.9988 -0.0073 -0.0481
vn 0.9988 0.0073 0.0481
vn 0.9984 -0.0207 0.0522
vn 0.9440 0.3299 -0.0036
vn -0.9988 0.0073 0.0481
vn -0.9988 -0.0073 -0.0481
vn -0.9984 -0.0353 -0.0437
vn -0.1261 -0.1490 -0.9808
vn 0.1255 -0.1938 -0.9730
vn -0.1255 -0.1938 -0.9730
vn -0.9585 -0.2664 -0.1011
vn -0.9433 -0.3216 0.0821
vn -0.9517 -0.2977 0.0754
vn -0.1598 -0.4969 0.8530
vn -0.6329 -0.6003 0.4888
vn -0.2022 -0.7783 0.5944
vn -0.1382 -0.2451 0.9596
vn -0.5370 -0.4157 0.7340
vn -0.8924 -0.4297 0.1376
vn -0.6617 -0.7180 0.2157
vn -0.7869 -0.3008 0.5388
vn -0.8661 -0.3761 0.3294
vn -0.4840 -0.2246 0.8458
vn -0.4621 0.0908 0.8822
vn -0.1306 -0.0357 0.9908
vn -0.7601 0.0624 0.6468
vn -0.4789 -0.0416 0.8769
vn -0.9118 0.0309 0.4094
vn -0.7612 -0.0414 0.6472
vn -0.7440 -0.1743 0.6451
vn -0.9014 -0.0581 0.4290
vn -0.9920 -0.1071 0.0676
vn -0.9801 0.0004 0.1984
vn -0.9984 -0.0207 0.0522
vn -0.9657 -0.2423 0.0933
vn -0.9709 -0.0887 0.2224
vn -0.9425 -0.2182 0.2533
vn -0.8798 -0.1756 0.4417
vn -0.6621 -0.7494 0.0078
vn -0.1967 -0.9195 -0.3402
vn -0.8925 -0.4510 -0.0034
vn -0.6344 -0.7178 -0.2871
vn -0.9657 -0.2590 -0.0174
vn -0.8661 -0.4571 -0.2025
vn -0.1606 -0.7279 -0.6666
vn -0.7871 -0.4471 -0.4249
vn -0.5375 -0.6146 -0.5773
vn -0.9424 -0.2837 -0.1774
vn -0.9802 -0.0584 -0.1894
vn -0.9919 -0.1224 -0.0330
vn -0.9118 -0.0920 -0.4003
vn -0.9708 -0.1505 -0.1866
vn -0.7599 -0.1327 -0.6363
vn -0.9015 -0.1827 -0.3922
vn -0.8798 -0.2988 -0.3697
vn -0.7613 -0.2319 -0.6055
vn -0.1300 -0.3283 -0.9356
vn -0.4624 -0.1755 -0.8691
vn -0.1375 -0.5193 -0.8434
vn -0.4778 -0.3009 -0.8254
vn -0.4834 -0.4657 -0.7412
vn -0.7439 -0.3582 -0.5643
vn 0.9517 -0.2971 0.0781
vn 0.6624 -0.7491 0.0073
vn 0.6586 -0.7198 0.2194
vn 0.8925 -0.4296 0.1373
vn 0.6344 -0.6001 0.4873
vn 0.9657 -0.2422 0.0935
vn 0.8661 -0.3763 0.3291
vn 0.1606 -0.4970 0.8527
vn 0.1967 -0.7771 0.5979
vn 0.7871 -0.3008 0.5385
vn 0.5375 -0.4154 0.7338
vn 0.9424 -0.2182 0.2536
vn 0.9802 0.0005 0.1982
vn 0.9919 -0.1071 0.0678
vn 0.9118 0.0310 0.4096
vn 0.9708 -0.0882 0.2229
vn 0.7599 0.0623 0.6470
vn 0.9015 -0.0579 0.4288
vn 0.8798 -0.1755 0.4418
vn 0.7613 -0.0416 0.6471
vn 0.1300 -0.0355 0.9909
vn 0.4624 0.0906 0.8820
vn 0.1375 -0.2453 0.9596
vn 0.4778 -0.0421 0.8775
vn 0.4834 -0.2245 0.8461
vn 0.7439 -0.1744 0.6452
vn 0.1958 -0.9198 -0.3399
vn 0.9895 -0.0165 -0.1437
vn 0.1598 -0.7278 -0.6669
vn 0.6329 -0.7185 -0.2885
vn 0.1382 -0.5191 -0.8435
vn 0.5370 -0.6150 -0.5774
vn 0.8924 -0.4512 -0.0038
vn 0.7869 -0.4472 -0.4251
vn 0.8661 -0.4570 -0.2028
vn 0.4840 -0.4656 -0.7409
vn 0.4621 -0.1754 -0.8693
vn 0.1306 -0.3284 -0.9355
vn 0.7601 -0.1325 -0.6362
vn 0.4789 -0.3002 -0.8250
vn 0.9118 -0.0921 -0.4001
vn 0.7612 -0.2318 -0.6057
vn 0.7440 -0.3580 -0.5642
vn 0.9014 -0.1829 -0.3924
vn 0.9920 -0.1223 -0.0327
vn 0.9801 -0.0586 -0.1896
vn 0.9984 -0.0353 -0.0437
vn 0.9657 -0.2591 -0.0171
vn 0.9709 -0.1507 -0.1860
vn 0.9425 -0.2836 -0.1770
vn 0.8798 -0.2988 -0.3696
vn -0.2121 -0.9136 0.3469
vn -0.4282 -0.3921 0.8142
vn -0.7137 -0.3549 0.6039
vn -0.9688 -0.0259 0.2464
vn -0.9804 0.0296 0.1950
vn -0.4646 -0.1330 -0.8755
vn -0.7611 -0.0974 -0.6413
vn -0.9120 -0.0616 -0.4056
vn -0.9804 -0.0296 -0.1950
vn 0.9804 -0.0296 -0.1950
vn 0.9120 -0.0616 -0.4056
vn 0.7611 -0.0974 -0.6413
vn 0.4646 -0.1330 -0.8755
vn 0.1261 -0.1490 -0.9808
vn 0.9403 0.3365 -0.0511
vn -0.7216 -0.2929 0.6273
vn -0.9673 0.0990 0.2334
vn -0.9495 -0.2345 0.2085
vn -0.9437 0.3022 0.1344
vn 0.8771 0.1351 0.4609
vn 0.9120 0.0616 0.4056
vn 0.9804 0.0296 0.1950
vn -0.0789 -0.3205 0.9439
vn 0.0787 -0.3548 0.9316
vn 0.0723 -0.3210 0.9443
vn 0.9364 -0.3013 0.1797
vn -0.3061 -0.3353 0.8910
vn -0.9017 -0.2943 0.3167
vn 0.1103 0.6097 0.7850
vn 0.4343 -0.3178 0.8429
vn 0.4162 0.5584 0.7175
vn -0.9999 0.0161 -0.0024
vn -0.6817 0.7183 -0.1393
vn -0.8088 0.5750 -0.1232
vn 0.2029 -0.9136 0.3523
vn 0.3245 -0.9070 0.2684
vn 0.9342 0.3441 -0.0937
vn 0.8088 0.5750 -0.1232
vn -0.9406 0.3133 -0.1308
vn 0.9406 -0.3380 -0.0319
vn 0.0188 0.3658 -0.9305
vn 0.0755 -0.6216 -0.7797
vn 0.0188 -0.6257 -0.7799
vn 0.0755 0.3619 -0.9291
vn 0.1507 -0.6177 -0.7719
vn 0.1507 0.3605 -0.9205
vn 0.2253 -0.6111 -0.7588
vn 0.2253 0.3581 -0.9061
vn 0.2989 -0.6020 -0.7405
vn 0.2989 0.3549 -0.8858
vn 0.3713 -0.5903 -0.7167
vn 0.3712 0.3508 -0.8597
vn 0.4419 -0.5761 -0.6876
vn 0.4419 0.3459 -0.8277
vn 0.5103 -0.5596 -0.6531
vn 0.5103 0.3403 -0.7898
vn 0.5760 -0.5407 -0.6130
vn 0.5760 0.3342 -0.7460
vn 0.6385 -0.5199 -0.5675
vn 0.6385 0.3279 -0.6963
vn 0.6970 -0.4973 -0.5166
vn 0.6970 0.3215 -0.6410
vn 0.7509 -0.4734 -0.4604
vn 0.7510 0.3153 -0.5802
vn 0.7996 -0.4487 -0.3991
vn 0.7996 0.3099 -0.5143
vn 0.8423 -0.4238 -0.3330
vn 0.8423 0.3058 -0.4439
vn 0.8783 -0.3995 -0.2627
vn 0.8783 0.3034 -0.3695
vn 0.9070 -0.3765 -0.1886
vn 0.9070 0.3035 -0.2919
vn 0.9279 -0.3558 -0.1114
vn 0.9279 0.3067 -0.2121
vn 0.9406 0.3133 -0.1308
vn -0.9406 -0.3380 -0.0319
vn -0.9279 -0.3558 -0.1114
vn -0.9279 0.3067 -0.2121
vn -0.9070 -0.3765 -0.1886
vn -0.9070 0.3035 -0.2919
vn -0.8783 -0.3995 -0.2627
vn -0.8783 0.3034 -0.3695
vn -0.8423 -0.4238 -0.3330
vn -0.8423 0.3058 -0.4439
vn -0.7996 -0.4487 -0.3991
vn -0.7996 0.3099 -0.5143
vn -0.7510 -0.4734 -0.4603
vn -0.7510 0.3153 -0.5802
vn -0.6970 -0.4973 -0.5166
vn -0.6970 0.3215 -0.6410
vn -0.6385 -0.5199 -0.5675
vn -0.6385 0.3279 -0.6963
vn -0.5760 -0.5407 -0.6130
vn -0.5760 0.3342 -0.7460
vn -0.5103 -0.5596 -0.6531
vn -0.5103 0.3403 -0.7898
vn -0.4419 -0.5761 -0.6876
vn -0.4419 0.3459 -0.8277
vn -0.3712 -0.5903 -0.7167
vn -0.3712 0.3508 -0.8597
vn -0.2989 -0.6020 -0.7404
vn -0.2989 0.3549 -0.8858
vn -0.2253 -0.6111 -0.7588
vn -0.2253 0.3581 -0.9061
vn -0.1507 -0.6177 -0.7719
vn -0.1507 0.3605 -0.9205
vn -0.0755 -0.6216 -0.7797
vn -0.0755 0.3619 -0.9291
vn -0.0188 -0.6257 -0.7799
vn -0.0188 0.3658 -0.9305
vn -0.7193 -0.3157 0.6188
vn -0.5451 -0.3145 0.7771
vn -0.3316 -0.9063 0.2621
vn 0.8344 -0.3054 0.4589
vn 0.9058 -0.2894 0.3096
vn 0.2959 -0.3420 0.8919
vn 0.3061 -0.3353 0.8910
vn 0.5468 -0.3353 0.7672
vn 0.5537 -0.3198 0.7688
vn 0.7214 -0.3202 0.6141
vn 0.7260 -0.3047 0.6165
vn 0.8359 -0.2956 0.4625
vn 0.9017 -0.2943 0.3167
vn 0.9599 -0.2337 0.1547
vn -0.0787 -0.3548 0.9316
vn -0.2824 -0.2406 0.9286
vn -0.5538 -0.3198 0.7688
vn -0.7260 -0.3047 0.6165
vn -0.8359 -0.2956 0.4624
vn -0.8305 -0.3101 0.4628
vn -0.8979 -0.3069 0.3156
vn -0.9364 -0.3013 0.1797
vn -0.9355 -0.3064 0.1758
vn 0.1172 -0.3497 0.9295
vn -0.1168 -0.3505 0.9292
vn 0.1190 -0.3868 0.9145
vn 0.4360 -0.3857 0.8131
vn -0.6747 0.5439 0.4990
vn -0.6999 0.4779 0.5308
vn 0.8793 0.0075 0.4763
vn 0.8616 0.3662 0.3516
vn 0.8681 -0.2336 0.4379
vn -0.4162 0.5584 0.7175
vn -0.1103 0.6097 0.7850
vn -0.4352 -0.3206 0.8413
vn 0.1075 0.6436 0.7578
vn 0.3973 0.6262 0.6708
vn -0.3973 0.6262 0.6708
vn -0.1075 0.6436 0.7578
vn -0.4162 0.3201 -0.8510
vn -0.8548 0.4023 0.3278
vn -0.9282 0.2902 -0.2330
vn 0.6999 0.2987 -0.6488
vn 0.6999 0.4779 0.5308
vn 0.1103 0.3490 -0.9306
vn 0.9440 0.3160 -0.0946
vn -0.9282 0.3463 0.1363
vn 0.4162 0.3201 -0.8510
vn 0.8548 0.4023 0.3278
vn -0.4162 0.5585 0.7175
vn -0.6999 0.2987 -0.6488
vn 0.9282 0.2902 -0.2330
vn -0.9440 0.3299 -0.0036
vn 0.9282 0.3463 0.1363
vn -0.9440 0.3160 -0.0946
vn -0.8548 0.2868 -0.4326
vn 0.8548 0.2868 -0.4326
vn -0.1103 0.3490 -0.9306
vn 0.9433 -0.3216 0.0820
vt 0.397764 0.772764
vt 0.610923 0.977236
vt 0.397764 0.977236
vt 0.625000 0.522764
vt 0.612778 0.727236
vt 0.397764 0.727236
vt 0.625000 0.727236
vt 0.612569 0.022764
vt 0.625000 0.227236
vt 0.397764 0.227236
vt 0.625000 0.272764
vt 0.397764 0.477236
vt 0.397764 0.272764
vt 0.147764 0.522764
vt 0.147764 0.710771
vt 0.147764 0.740614
vt 0.140542 0.734499
vt 0.147764 0.734272
vt 0.147764 0.750000
vt 0.140777 0.740306
vt 0.134386 0.727236
vt 0.140729 0.727236
vt 0.135719 0.739281
vt 0.134683 0.734241
vt 0.140759 0.750000
vt 0.397764 0.984272
vt 0.390729 0.977236
vt 0.397764 1.000000
vt 0.390542 0.984499
vt 0.397764 0.009386
vt 0.390777 0.000000
vt 0.397764 0.000000
vt 0.375000 0.977236
vt 0.375000 0.989281
vt 0.375000 0.984241
vt 0.390759 0.009683
vt 0.375000 0.000000
vt 0.390729 0.022764
vt 0.397764 0.015729
vt 0.397764 0.022764
vt 0.375000 0.022764
vt 0.390501 0.015542
vt 0.125000 0.734223
vt 0.125000 0.727236
vt 0.375000 0.010719
vt 0.125000 0.739281
vt 0.135719 0.750000
vt 0.140729 0.522764
vt 0.147764 0.515728
vt 0.134386 0.522764
vt 0.140501 0.515542
vt 0.125000 0.522764
vt 0.134694 0.515777
vt 0.147764 0.509386
vt 0.135719 0.510719
vt 0.140759 0.509683
vt 0.125000 0.515759
vt 0.397764 0.234271
vt 0.390729 0.227236
vt 0.397764 0.240614
vt 0.390542 0.234499
vt 0.397764 0.259386
vt 0.390777 0.240306
vt 0.375000 0.227236
vt 0.375000 0.239281
vt 0.375000 0.234241
vt 0.390759 0.259683
vt 0.390729 0.272764
vt 0.397764 0.265729
vt 0.375000 0.272764
vt 0.390501 0.265542
vt 0.140777 0.500000
vt 0.147764 0.500000
vt 0.375000 0.260719
vt 0.135719 0.500000
vt 0.125000 0.510719
vt 0.352236 0.710771
vt 0.359271 0.522764
vt 0.359271 0.727236
vt 0.365614 0.727236
vt 0.359499 0.734458
vt 0.384386 0.727236
vt 0.365306 0.734223
vt 0.352236 0.740614
vt 0.352236 0.734272
vt 0.364281 0.739281
vt 0.359241 0.740317
vt 0.384683 0.734241
vt 0.397764 0.734272
vt 0.390729 0.727236
vt 0.397764 0.740614
vt 0.390542 0.734499
vt 0.397764 0.759386
vt 0.390777 0.740306
vt 0.385719 0.739281
vt 0.390759 0.759683
vt 0.390729 0.772764
vt 0.397764 0.765728
vt 0.375000 0.772764
vt 0.390501 0.765542
vt 0.359223 0.750000
vt 0.352236 0.750000
vt 0.375000 0.760719
vt 0.364281 0.750000
vt 0.367337 0.739281
vt 0.352236 0.515729
vt 0.352236 0.522764
vt 0.352236 0.509386
vt 0.359458 0.515501
vt 0.352236 0.500000
vt 0.359223 0.509694
vt 0.365614 0.522764
vt 0.364281 0.510719
vt 0.365317 0.515759
vt 0.359241 0.500000
vt 0.397764 0.484271
vt 0.390729 0.477236
vt 0.397764 0.490614
vt 0.390542 0.484499
vt 0.397764 0.509386
vt 0.390777 0.490306
vt 0.375000 0.477236
vt 0.375000 0.489281
vt 0.375000 0.484241
vt 0.390759 0.509683
vt 0.390729 0.522764
vt 0.397764 0.515728
vt 0.397764 0.522764
vt 0.384386 0.522764
vt 0.390501 0.515542
vt 0.384694 0.515777
vt 0.385719 0.510719
vt 0.364281 0.500000
vt 0.367337 0.510719
vt 0.147764 0.734265
vt 0.610998 0.984270
vt 0.611229 0.000000
vt 0.611594 0.009384
vt 0.612055 0.015730
vt 0.625000 0.265730
vt 0.625000 0.259384
vt 0.625000 0.240616
vt 0.625000 0.234270
vt 0.625000 0.515730
vt 0.625000 0.509384
vt 0.625000 0.490616
vt 0.625000 0.484270
vt 0.625000 0.477236
vt 0.611229 1.000000
vt 0.625000 0.009384
vt 0.625000 0.759384
vt 0.611796 0.740616
vt 0.625000 0.740616
vt 0.612262 0.734270
vt 0.625000 0.734270
vt 0.164229 0.727236
vt 0.335771 0.727236
vt 0.335771 0.727236
vt 0.352098 0.714435
vt 0.160565 0.727098
vt 0.148308 0.717915
vt 0.625000 0.772764
vt 0.611181 0.765730
vt 0.625000 0.765730
vt 0.164229 0.727236
vt 0.352236 0.734265
vt 0.359265 0.727236
vt 0.147893 0.522764
vt 0.352107 0.522764
vt 0.250650 0.522764
vt 0.259504 0.522764
vt 0.250650 0.522764
vt 0.268291 0.522764
vt 0.276943 0.522764
vt 0.285395 0.522764
vt 0.285395 0.522764
vt 0.293582 0.522764
vt 0.301443 0.522764
vt 0.308917 0.522764
vt 0.315948 0.522764
vt 0.315948 0.522764
vt 0.342318 0.522764
vt 0.342318 0.522764
vt 0.344313 0.522764
vt 0.346112 0.522764
vt 0.347699 0.522764
vt 0.349063 0.522764
vt 0.350193 0.522764
vt 0.351082 0.522764
vt 0.351082 0.522764
vt 0.351721 0.522764
vt 0.148279 0.522764
vt 0.148918 0.522764
vt 0.149807 0.522764
vt 0.150937 0.522764
vt 0.150937 0.522764
vt 0.152301 0.522764
vt 0.153888 0.522764
vt 0.155687 0.522764
vt 0.155687 0.522764
vt 0.157682 0.522764
vt 0.184052 0.522764
vt 0.191083 0.522764
vt 0.198557 0.522764
vt 0.206418 0.522764
vt 0.214605 0.522764
vt 0.214605 0.522764
vt 0.223057 0.522764
vt 0.231709 0.522764
vt 0.240496 0.522764
vt 0.240496 0.522764
vt 0.249350 0.522764
vt 0.249350 0.522764
vt 0.147764 0.723644
vt 0.147764 0.725605
vt 0.140735 0.727236
vt 0.348644 0.727236
vt 0.350605 0.727236
vt 0.339435 0.727236
vt 0.339435 0.727098
vt 0.342915 0.727236
vt 0.342915 0.726692
vt 0.346037 0.727236
vt 0.346037 0.726038
vt 0.352236 0.721037
vt 0.351038 0.721037
vt 0.352236 0.717915
vt 0.351692 0.717915
vt 0.352236 0.714435
vt 0.160565 0.727236
vt 0.157085 0.726692
vt 0.157085 0.727236
vt 0.153963 0.726038
vt 0.153963 0.727236
vt 0.148962 0.721037
vt 0.147764 0.721037
vt 0.147764 0.717915
vt 0.147902 0.714435
vt 0.147764 0.714435
vt 0.625000 0.015730
vt 0.625000 0.022764
vt 0.611094 0.772764
vt 0.865616 0.745652
vt 0.870652 0.740616
vt 0.611423 0.759384
vt 0.625000 0.984270
vt 0.625000 1.000000
vt 0.625000 0.000000
vt 0.625000 0.977236
vt 0.647764 0.750000
vt 0.640730 0.748886
vt 0.859270 0.748886
vt 0.852236 0.750000
vt 0.634384 0.745652
vt 0.859270 0.501114
vt 0.390777 1.000000
vt 0.375000 0.015777
vt 0.375000 0.265777
vt 0.359265 0.727236
vt 0.375000 0.765777
vt 0.147764 0.734265
vt 0.147764 0.727236
vt 0.147764 0.726823
vt 0.352236 0.727236
vt 0.351823 0.727236
vt 0.140735 0.727236
vt 0.626114 0.515730
vt 0.629348 0.509384
vt 0.634384 0.504348
vt 0.640730 0.501114
vt 0.647764 0.500000
vt 0.852236 0.500000
vt 0.865616 0.504348
vt 0.870652 0.509384
vt 0.873886 0.515730
vt 0.875000 0.522764
vt 0.875000 0.727236
vt 0.873886 0.734270
vt 0.629348 0.740616
vt 0.626114 0.734270
s 1
usemtl Material.001
f 1159/1891/999 1346/1892/1000 1092/1893/1001
f 1217/1894/1002 1343/1895/1003 1158/1896/1004
f 1217/1894/1002 1384/1897/1005 1185/1897/1003
f 1340/1898/1006 1152/1899/1007 1125/1900/1008
f 1151/1901/1009 1191/1902/1010 1126/1903/1011
f 1124/1904/1012 1324/1905/1013 1303/1905/1014
f 1095/1906/1015 1097/1907/1016 1094/1908/1017
f 1107/1909/1018 1098/1910/1019 1095/1906/1015
f 1097/1907/1016 1099/1911/1020 1096/1912/1021
f 1097/1907/1016 1101/1913/1022 1100/1914/1023
f 1108/1915/1024 1101/1913/1022 1098/1910/1019
f 1102/1916/1025 1104/1917/1026 1092/1893/1001
f 1103/1918/1027 1105/1919/1028 1102/1916/1025
f 1115/1920/1029 1106/1921/1030 1103/1922/1027
f 1105/1919/1028 1107/1923/1018 1104/1917/1026
f 1105/1919/1028 1109/1924/1031 1108/1925/1024
f 1116/1926/1032 1109/1927/1031 1106/1921/1030
f 1110/1928/1033 1112/1929/1034 1093/1930/1035
f 1111/1931/1036 1113/1932/1037 1110/1928/1033
f 1099/1911/1020 1114/1933/1038 1111/1934/1036
f 1113/1932/1037 1115/1920/1029 1112/1929/1034
f 1113/1932/1037 1117/1935/1039 1116/1926/1032
f 1100/1914/1023 1117/1936/1039 1114/1933/1038
f 1101/1913/1022 1109/1937/1031 1117/1936/1039
f 1127/1938/1040 1129/1939/1041 1124/1904/1012
f 1128/1940/1042 1130/1941/1043 1127/1938/1040
f 1140/1942/1044 1131/1943/1045 1128/1940/1042
f 1130/1941/1043 1132/1944/1046 1129/1939/1041
f 1130/1941/1043 1134/1945/1047 1133/1946/1048
f 1141/1947/1049 1134/1945/1047 1131/1943/1045
f 1135/1948/1050 1137/1949/1051 1125/1900/1008
f 1136/1950/1052 1138/1951/1053 1135/1948/1050
f 1148/1952/1054 1139/1953/1055 1136/1950/1052
f 1138/1951/1053 1140/1954/1044 1137/1949/1051
f 1138/1951/1053 1142/1955/1056 1141/1956/1049
f 1149/1957/1057 1142/1955/1056 1139/1953/1055
f 1143/1958/1058 1145/1959/1059 1126/1903/1011
f 1144/1960/1060 1146/1961/1061 1143/1958/1058
f 1132/1944/1046 1147/1962/1062 1144/1963/1060
f 1146/1961/1061 1148/1952/1054 1145/1959/1059
f 1146/1961/1061 1150/1964/1063 1149/1957/1057
f 1133/1946/1048 1150/1965/1063 1147/1962/1062
f 1134/1945/1047 1142/1966/1056 1150/1965/1063
f 1314/1967/1064 1195/1968/1065 1160/1969/1066
f 1161/1970/1067 1163/1971/1068 1160/1969/1066
f 1173/1972/1069 1164/1973/1070 1161/1970/1067
f 1163/1971/1068 1165/1974/1071 1162/1975/1072
f 1163/1971/1068 1167/1976/1073 1166/1977/1074
f 1174/1978/1075 1167/1976/1073 1164/1973/1070
f 1168/1979/1076 1170/1980/1077 1158/1896/1004
f 1169/1981/1078 1171/1982/1079 1168/1979/1076
f 1181/1983/1080 1172/1984/1081 1169/1981/1078
f 1171/1982/1079 1173/1972/1069 1170/1980/1077
f 1171/1982/1079 1175/1985/1082 1174/1978/1075
f 1182/1986/1083 1175/1985/1082 1172/1984/1081
f 1176/1987/1084 1178/1988/1085 1159/1891/999
f 1177/1989/1086 1179/1990/1087 1176/1987/1084
f 1165/1974/1071 1180/1991/1088 1177/1992/1086
f 1179/1990/1087 1181/1983/1080 1178/1988/1085
f 1179/1990/1087 1183/1993/1089 1182/1986/1083
f 1166/1977/1074 1183/1994/1089 1180/1991/1088
f 1167/1976/1073 1175/1995/1082 1183/1994/1089
f 1193/1996/1090 1195/1968/1065 1190/1997/1091
f 1194/1998/1092 1196/1999/1093 1193/1996/1090
f 1206/2000/1094 1197/2001/1095 1194/1998/1092
f 1196/1999/1093 1198/2002/1096 1195/1968/1065
f 1196/1999/1093 1200/2003/1097 1199/2004/1098
f 1207/2005/1099 1200/2003/1097 1197/2001/1095
f 1201/2006/1100 1203/2007/1101 1191/1902/1010
f 1202/2008/1102 1204/2009/1103 1201/2006/1100
f 1214/2010/1104 1205/2011/1105 1202/2008/1102
f 1204/2009/1103 1206/2012/1094 1203/2007/1101
f 1204/2009/1103 1208/2013/1106 1207/2014/1099
f 1215/2015/1107 1208/2013/1106 1205/2011/1105
f 1209/2016/1108 1211/2017/1109 1192/2018/1110
f 1210/2019/1111 1212/2020/1112 1209/2016/1108
f 1198/2002/1096 1213/2021/1113 1210/2019/1111
f 1212/2020/1112 1214/2010/1104 1211/2017/1109
f 1212/2020/1112 1216/2022/1114 1215/2015/1107
f 1199/2004/1098 1216/2022/1114 1213/2021/1113
f 1200/2003/1097 1208/2023/1106 1216/2024/1114
f 1305/2025/1115 1097/1907/1016 1096/1912/1021
f 1096/1912/1021 1128/1940/1042 1127/1938/1040
f 1099/1911/1020 1140/1942/1044 1128/1940/1042
f 1140/1954/1044 1110/1928/1033 1137/1949/1051
f 1110/1928/1033 1125/1900/1008 1137/1949/1051
f 1346/1892/1000 1102/1916/1025 1092/1893/1001
f 1157/2026/1116 1103/1918/1027 1102/1916/1025
f 1341/2027/1117 1115/1920/1029 1103/1922/1027
f 1345/2028/1118 1112/1929/1034 1115/1920/1029
f 1224/2029/1119 1093/1930/1035 1112/1929/1034
f 1126/1903/1011 1153/2030/1120 1151/1901/1009
f 1153/2030/1120 1148/1952/1054 1154/2031/1121
f 1148/1952/1054 1155/2032/1122 1154/2031/1121
f 1136/1950/1052 1156/2033/1123 1155/2032/1122
f 1156/2033/1123 1125/1900/1008 1152/1899/1007
f 1124/1904/1012 1193/1996/1090 1190/1997/1091
f 1129/1939/1041 1194/1998/1092 1193/1996/1090
f 1132/1944/1046 1206/2000/1094 1194/1998/1092
f 1206/2012/1094 1143/1958/1058 1203/2007/1101
f 1143/1958/1058 1191/1902/1010 1203/2007/1101
f 1192/2018/1110 1219/2034/1124 1217/1894/1002
f 1219/2034/1124 1214/2010/1104 1220/2035/1125
f 1214/2010/1104 1221/2036/1126 1220/2035/1125
f 1202/2008/1102 1222/2037/1127 1221/2036/1126
f 1222/2037/1127 1191/1902/1010 1218/2038/1128
f 1314/1967/1064 1225/1997/1129 1190/1997/1091
f 1195/1968/1065 1161/1970/1067 1160/1969/1066
f 1198/2002/1096 1173/1972/1069 1161/1970/1067
f 1173/1972/1069 1209/2016/1108 1170/1980/1077
f 1209/2016/1108 1158/1896/1004 1170/1980/1077
f 1157/2026/1116 1350/2039/1130 1341/2039/1117
f 1121/2040/1131 1348/2028/1132 1347/2040/1133
f 1187/2041/1134 1226/2042/1135 1188/2043/1135
f 1188/2043/1135 1339/2044/1136 1189/2045/1136
f 1189/2045/1136 1343/1895/1003 1185/1897/1003
f 1304/2046/1137 1332/2047/1138 1313/2048/1139
f 1162/1975/1072 1095/1906/1015 1094/1908/1017
f 1165/1974/1071 1107/1909/1018 1095/1906/1015
f 1107/1923/1018 1176/1987/1084 1104/1917/1026
f 1176/1987/1084 1092/1893/1001 1104/1917/1026
f 1333/2049/1140 1325/2050/1141 1329/2051/1142
f 1355/2052/1143 1356/2053/1144 1354/2054/1145
f 1223/1904/1146 1247/1904/1147 1284/1904/1148
f 1304/2055/1137 1316/2056/1149 1094/1908/1017
f 1315/2057/1150 1163/1971/1068 1162/1975/1072
f 1190/1997/1091 1266/1997/1151 1227/1997/1152
f 1190/1997/1091 1264/2058/1153 1247/1904/1147
f 1223/1904/1146 1283/2059/1154 1266/1997/1151
f 1228/2060/1155 1267/2061/1156 1265/2062/1157
f 1245/2061/1158 1268/2063/1159 1267/2061/1156
f 1244/2063/1160 1269/2064/1161 1268/2063/1159
f 1243/2064/1162 1270/2065/1163 1269/2064/1161
f 1242/2066/1164 1271/2067/1165 1270/2065/1163
f 1241/2067/1166 1272/2068/1167 1271/2067/1165
f 1240/2068/1168 1273/2069/1169 1272/2068/1167
f 1239/2069/1170 1274/2070/1171 1273/2069/1169
f 1238/2071/1172 1275/2072/1173 1274/2070/1171
f 1237/2073/1174 1276/2074/1175 1275/2072/1173
f 1236/2074/1176 1277/2075/1177 1276/2074/1175
f 1235/2075/1178 1278/2076/1179 1277/2075/1177
f 1234/2076/1180 1279/2077/1181 1278/2076/1179
f 1233/2077/1182 1280/2078/1183 1279/2077/1181
f 1232/2078/1184 1281/2079/1185 1280/2078/1183
f 1231/2080/1186 1282/2081/1187 1281/2079/1185
f 1230/2081/1188 1283/2059/1154 1282/2081/1187
f 1229/2059/1189 1266/1997/1151 1283/2059/1154
f 1247/1904/1147 1286/2058/1190 1284/1904/1148
f 1264/2058/1153 1287/2082/1191 1286/2058/1190
f 1263/2082/1192 1288/2083/1193 1287/2082/1191
f 1262/2083/1194 1289/2084/1195 1288/2083/1193
f 1261/2084/1196 1290/2085/1197 1289/2084/1195
f 1260/2086/1198 1291/2087/1199 1290/2085/1197
f 1259/2087/1200 1292/2088/1201 1291/2087/1199
f 1258/2088/1202 1293/2089/1203 1292/2088/1201
f 1257/2090/1204 1294/2091/1205 1293/2089/1203
f 1256/2091/1206 1295/2092/1207 1294/2091/1205
f 1255/2092/1208 1296/2093/1209 1295/2092/1207
f 1254/2093/1210 1297/2094/1211 1296/2093/1209
f 1253/2094/1212 1298/2095/1213 1297/2094/1211
f 1252/2095/1214 1299/2096/1215 1298/2095/1213
f 1251/2097/1216 1300/2098/1217 1299/2096/1215
f 1250/2098/1218 1301/2099/1219 1300/2098/1217
f 1249/2099/1220 1302/2100/1221 1301/2099/1219
f 1248/2101/1222 1285/2102/1223 1302/2100/1221
f 1246/2103/1224 1265/2062/1157 1285/2102/1223
f 1310/2104/1225 1311/2105/1226 1306/2106/1227
f 1320/2107/1228 1321/2108/1229 1316/2056/1149
f 1332/2047/1138 1317/2109/1230 1313/2048/1139
f 1338/2110/1231 1318/2111/1232 1317/2109/1230
f 1337/2112/1233 1319/2113/1234 1318/2111/1232
f 1336/2114/1235 1320/2115/1228 1319/2113/1234
f 1335/2116/1236 1321/2117/1229 1320/2115/1228
f 1334/2118/1237 1322/2119/1238 1321/2117/1229
f 1333/2049/1140 1314/1967/1064 1322/2119/1238
f 1304/2046/1137 1325/2050/1141 1323/2055/1239
f 1312/2120/1240 1326/2121/1241 1325/2050/1141
f 1311/2122/1226 1327/2123/1242 1326/2121/1241
f 1310/2124/1225 1328/2125/1243 1327/2123/1242
f 1309/2126/1244 1329/2051/1142 1328/2125/1243
f 1308/2127/1245 1330/2128/1246 1329/2051/1142
f 1307/2129/1247 1324/1905/1013 1330/2128/1246
f 1303/1905/1014 1096/1912/1021 1127/1938/1040
f 1340/1898/1006 1120/2130/1119 1118/2131/1006
f 1226/2042/1135 1168/1979/1076 1339/2044/1136
f 1346/1892/1000 1360/2132/1248 1351/1892/1249
f 1091/2132/1250 1178/1988/1085 1342/2053/1251
f 1339/2044/1136 1158/1896/1004 1343/1895/1003
f 1122/2133/1252 1347/2134/1133 1349/2133/1253
f 1342/2053/1251 1181/1983/1080 1344/2135/1254
f 1344/2135/1254 1357/2041/1255 1358/2135/1256
f 1224/2029/1119 1121/2040/1131 1120/2130/1119
f 1344/2135/1254 1169/1981/1078 1226/2042/1135
f 1342/2053/1251 1358/2135/1256 1356/2053/1144
f 1354/2054/1145 1358/2135/1256 1357/2041/1255
f 1350/2039/1130 1353/2136/1257 1349/2137/1253
f 1348/2028/1132 1349/2138/1253 1347/2040/1133
f 1360/2132/1248 1352/2139/1258 1351/1892/1249
f 1359/2026/1259 1352/2139/1258 1353/2136/1257
f 1184/2140/1260 1354/2141/1145 1186/2141/1261
f 1157/2026/1116 1351/1892/1249 1359/2026/1259
f 1123/2142/1262 1352/2143/1258 1119/2143/1263
f 1091/2132/1250 1356/2053/1144 1360/2132/1248
f 1123/2142/1262 1349/2133/1253 1353/2142/1257
f 1341/2027/1117 1348/2028/1132 1345/2028/1118
f 1186/2141/1261 1357/2144/1255 1187/2144/1134
f 1119/2143/1263 1355/2140/1143 1184/2140/1260
f 1367/2145/1264 1363/2133/1253 1384/1897/1005
f 1122/2133/1252 1364/2134/1265 1121/2134/1131
f 1152/1899/1007 1371/2033/1266 1156/2033/1123
f 1222/2037/1127 1376/2036/1267 1221/2036/1126
f 1188/2043/1135 1381/2041/1268 1187/2041/1134
f 1151/1901/1009 1378/2038/1269 1218/2038/1128
f 1219/2034/1124 1374/1894/1270 1217/1894/1002
f 1154/2031/1121 1367/2030/1264 1153/2030/1120
f 1121/2040/1131 1365/2130/1271 1120/2130/1119
f 1218/2038/1128 1377/2037/1272 1222/2037/1127
f 1189/2045/1136 1382/2043/1273 1188/2043/1135
f 1186/2141/1261 1380/2140/1143 1184/2140/1260
f 1119/2143/1263 1362/2142/1274 1123/2142/1262
f 1155/2032/1122 1369/2031/1275 1154/2031/1121
f 1220/2035/1125 1373/2034/1276 1219/2034/1124
f 1120/2130/1119 1366/2131/1277 1118/2131/1006
f 1185/1897/1003 1383/2045/1278 1189/2045/1136
f 1118/2131/1006 1372/1899/1279 1152/1899/1007
f 1123/2142/1262 1363/2133/1253 1122/2133/1252
f 1156/2033/1123 1370/2032/1280 1155/2032/1122
f 1221/2036/1126 1375/2035/1281 1220/2035/1125
f 1187/2144/1134 1379/2141/1145 1186/2141/1261
f 1153/2030/1120 1368/1901/1282 1151/1901/1009
f 1184/2140/1260 1361/2143/1258 1119/2143/1263
f 1159/1891/999 1091/2132/1250 1346/1892/1000
f 1158/1896/1004 1192/2018/1110 1217/1894/1002
f 1217/1894/1002 1185/1897/1003 1343/1895/1003
f 1217/1894/1002 1374/1894/1270 1384/1897/1005
f 1125/1900/1008 1093/1930/1035 1340/1898/1006
f 1340/1898/1006 1118/2131/1006 1152/1899/1007
f 1151/1901/1009 1218/2038/1128 1191/1902/1010
f 1124/1904/1012 1223/1904/1146 1324/1905/1013
f 1095/1906/1015 1098/1910/1019 1097/1907/1016
f 1107/1909/1018 1108/1915/1024 1098/1910/1019
f 1097/1907/1016 1100/1914/1023 1099/1911/1020
f 1097/1907/1016 1098/1910/1019 1101/1913/1022
f 1108/1915/1024 1109/1937/1031 1101/1913/1022
f 1102/1916/1025 1105/1919/1028 1104/1917/1026
f 1103/1918/1027 1106/2146/1030 1105/1919/1028
f 1115/1920/1029 1116/1926/1032 1106/1921/1030
f 1105/1919/1028 1108/1925/1024 1107/1923/1018
f 1105/1919/1028 1106/2146/1030 1109/1924/1031
f 1116/1926/1032 1117/1935/1039 1109/1927/1031
f 1110/1928/1033 1113/1932/1037 1112/1929/1034
f 1111/1931/1036 1114/2147/1038 1113/1932/1037
f 1099/1911/1020 1100/1914/1023 1114/1933/1038
f 1113/1932/1037 1116/1926/1032 1115/1920/1029
f 1113/1932/1037 1114/2147/1038 1117/1935/1039
f 1100/1914/1023 1101/1913/1022 1117/1936/1039
f 1127/1938/1040 1130/1941/1043 1129/1939/1041
f 1128/1940/1042 1131/1943/1045 1130/1941/1043
f 1140/1942/1044 1141/1947/1049 1131/1943/1045
f 1130/1941/1043 1133/1946/1048 1132/1944/1046
f 1130/1941/1043 1131/1943/1045 1134/1945/1047
f 1141/1947/1049 1142/1966/1056 1134/1945/1047
f 1135/1948/1050 1138/1951/1053 1137/1949/1051
f 1136/1950/1052 1139/1953/1055 1138/1951/1053
f 1148/1952/1054 1149/1957/1057 1139/1953/1055
f 1138/1951/1053 1141/1956/1049 1140/1954/1044
f 1138/1951/1053 1139/1953/1055 1142/1955/1056
f 1149/1957/1057 1150/1964/1063 1142/1955/1056
f 1143/1958/1058 1146/1961/1061 1145/1959/1059
f 1144/1960/1060 1147/2148/1062 1146/1961/1061
f 1132/1944/1046 1133/1946/1048 1147/1962/1062
f 1146/1961/1061 1149/1957/1057 1148/1952/1054
f 1146/1961/1061 1147/2148/1062 1150/1964/1063
f 1133/1946/1048 1134/1945/1047 1150/1965/1063
f 1160/1969/1066 1315/2149/1150 1314/1967/1064
f 1314/1967/1064 1190/1997/1091 1195/1968/1065
f 1161/1970/1067 1164/1973/1070 1163/1971/1068
f 1173/1972/1069 1174/1978/1075 1164/1973/1070
f 1163/1971/1068 1166/1977/1074 1165/1974/1071
f 1163/1971/1068 1164/1973/1070 1167/1976/1073
f 1174/1978/1075 1175/1985/1082 1167/1976/1073
f 1168/1979/1076 1171/1982/1079 1170/1980/1077
f 1169/1981/1078 1172/1984/1081 1171/1982/1079
f 1181/1983/1080 1182/1986/1083 1172/1984/1081
f 1171/1982/1079 1174/1978/1075 1173/1972/1069
f 1171/1982/1079 1172/1984/1081 1175/1985/1082
f 1182/1986/1083 1183/1993/1089 1175/1985/1082
f 1176/1987/1084 1179/1990/1087 1178/1988/1085
f 1177/1989/1086 1180/2150/1088 1179/1990/1087
f 1165/1974/1071 1166/1977/1074 1180/1991/1088
f 1179/1990/1087 1182/1986/1083 1181/1983/1080
f 1179/1990/1087 1180/2150/1088 1183/1993/1089
f 1166/1977/1074 1167/1976/1073 1183/1994/1089
f 1193/1996/1090 1196/1999/1093 1195/1968/1065
f 1194/1998/1092 1197/2001/1095 1196/1999/1093
f 1206/2000/1094 1207/2005/1099 1197/2001/1095
f 1196/1999/1093 1199/2004/1098 1198/2002/1096
f 1196/1999/1093 1197/2001/1095 1200/2003/1097
f 1207/2005/1099 1208/2023/1106 1200/2003/1097
f 1201/2006/1100 1204/2009/1103 1203/2007/1101
f 1202/2008/1102 1205/2011/1105 1204/2009/1103
f 1214/2010/1104 1215/2015/1107 1205/2011/1105
f 1204/2009/1103 1207/2014/1099 1206/2012/1094
f 1204/2009/1103 1205/2011/1105 1208/2013/1106
f 1215/2015/1107 1216/2022/1114 1208/2013/1106
f 1209/2016/1108 1212/2020/1112 1211/2017/1109
f 1210/2019/1111 1213/2021/1113 1212/2020/1112
f 1198/2002/1096 1199/2004/1098 1213/2021/1113
f 1212/2020/1112 1215/2015/1107 1214/2010/1104
f 1212/2020/1112 1213/2021/1113 1216/2022/1114
f 1199/2004/1098 1200/2003/1097 1216/2022/1114
f 1096/1912/1021 1306/2106/1227 1305/2025/1115
f 1305/2025/1115 1094/1908/1017 1097/1907/1016
f 1096/1912/1021 1099/1911/1020 1128/1940/1042
f 1099/1911/1020 1111/1934/1036 1140/1942/1044
f 1140/1954/1044 1111/1931/1036 1110/1928/1033
f 1110/1928/1033 1093/1930/1035 1125/1900/1008
f 1346/1892/1000 1157/2026/1116 1102/1916/1025
f 1157/2026/1116 1341/2039/1117 1103/1918/1027
f 1341/2027/1117 1345/2028/1118 1115/1920/1029
f 1345/2028/1118 1224/2029/1119 1112/1929/1034
f 1224/2029/1119 1340/1898/1006 1093/1930/1035
f 1126/1903/1011 1145/1959/1059 1153/2030/1120
f 1153/2030/1120 1145/1959/1059 1148/1952/1054
f 1148/1952/1054 1136/1950/1052 1155/2032/1122
f 1136/1950/1052 1135/1948/1050 1156/2033/1123
f 1156/2033/1123 1135/1948/1050 1125/1900/1008
f 1124/1904/1012 1129/1939/1041 1193/1996/1090
f 1129/1939/1041 1132/1944/1046 1194/1998/1092
f 1132/1944/1046 1144/1963/1060 1206/2000/1094
f 1206/2012/1094 1144/1960/1060 1143/1958/1058
f 1143/1958/1058 1126/1903/1011 1191/1902/1010
f 1192/2018/1110 1211/2017/1109 1219/2034/1124
f 1219/2034/1124 1211/2017/1109 1214/2010/1104
f 1214/2010/1104 1202/2008/1102 1221/2036/1126
f 1202/2008/1102 1201/2006/1100 1222/2037/1127
f 1222/2037/1127 1201/2006/1100 1191/1902/1010
f 1314/1967/1064 1331/1967/1283 1225/1997/1129
f 1195/1968/1065 1198/2002/1096 1161/1970/1067
f 1198/2002/1096 1210/2019/1111 1173/1972/1069
f 1173/1972/1069 1210/2019/1111 1209/2016/1108
f 1209/2016/1108 1192/2018/1110 1158/1896/1004
f 1157/2026/1116 1359/2026/1259 1350/2039/1130
f 1121/2040/1131 1345/2028/1118 1348/2028/1132
f 1187/2041/1134 1344/2135/1254 1226/2042/1135
f 1188/2043/1135 1226/2042/1135 1339/2044/1136
f 1189/2045/1136 1339/2044/1136 1343/1895/1003
f 1304/2046/1137 1323/2055/1239 1332/2047/1138
f 1162/1975/1072 1165/1974/1071 1095/1906/1015
f 1165/1974/1071 1177/1992/1086 1107/1909/1018
f 1107/1923/1018 1177/1989/1086 1176/1987/1084
f 1176/1987/1084 1159/1891/999 1092/1893/1001
f 1324/1905/1013 1223/1904/1146 1225/1997/1129
f 1225/1997/1129 1331/1967/1283 1333/2049/1140
f 1333/2049/1140 1334/2118/1237 1335/2116/1236
f 1335/2116/1236 1336/2114/1235 1337/2112/1233
f 1337/2112/1233 1338/2110/1231 1332/2048/1138
f 1332/2048/1138 1323/2046/1239 1325/2050/1141
f 1325/2050/1141 1326/2121/1241 1327/2123/1242
f 1327/2123/1242 1328/2125/1243 1329/2051/1142
f 1329/2051/1142 1330/2128/1246 1324/1905/1013
f 1324/1905/1013 1225/1997/1129 1333/2049/1140
f 1333/2049/1140 1335/2116/1236 1337/2112/1233
f 1337/2112/1233 1332/2048/1138 1325/2050/1141
f 1325/2050/1141 1327/2123/1242 1329/2051/1142
f 1329/2051/1142 1324/1905/1013 1333/2049/1140
f 1333/2049/1140 1337/2112/1233 1325/2050/1141
f 1355/2052/1143 1360/2132/1248 1356/2053/1144
f 1223/1904/1146 1124/1904/1012 1247/1904/1147
f 1094/1908/1017 1305/2151/1115 1304/2055/1137
f 1304/2055/1137 1313/2047/1139 1316/2056/1149
f 1316/2056/1149 1162/1975/1072 1094/1908/1017
f 1162/1975/1072 1316/2056/1149 1315/2057/1150
f 1315/2057/1150 1160/1969/1066 1163/1971/1068
f 1190/1997/1091 1225/1997/1129 1266/1997/1151
f 1229/2059/1189 1230/2081/1188 1231/2080/1186
f 1231/2080/1186 1232/2078/1184 1233/2077/1182
f 1233/2077/1182 1234/2076/1180 1235/2075/1178
f 1235/2075/1178 1236/2074/1176 1237/2073/1174
f 1237/2073/1174 1238/2071/1172 1239/2069/1170
f 1239/2069/1170 1240/2068/1168 1241/2067/1166
f 1241/2067/1166 1242/2066/1164 1243/2064/1162
f 1243/2064/1162 1244/2063/1160 1245/2061/1158
f 1245/2061/1158 1228/2062/1155 1246/2103/1224
f 1246/2103/1224 1248/2101/1222 1249/2099/1220
f 1249/2099/1220 1250/2098/1218 1251/2097/1216
f 1251/2097/1216 1252/2095/1214 1253/2094/1212
f 1253/2094/1212 1254/2093/1210 1255/2092/1208
f 1255/2092/1208 1256/2091/1206 1257/2090/1204
f 1257/2090/1204 1258/2088/1202 1259/2087/1200
f 1259/2087/1200 1260/2086/1198 1261/2084/1196
f 1261/2084/1196 1262/2083/1194 1263/2082/1192
f 1229/2059/1189 1231/2080/1186 1233/2077/1182
f 1233/2077/1182 1235/2075/1178 1237/2073/1174
f 1237/2073/1174 1239/2069/1170 1241/2067/1166
f 1241/2067/1166 1243/2064/1162 1245/2061/1158
f 1245/2061/1158 1246/2103/1224 1249/2099/1220
f 1249/2099/1220 1251/2097/1216 1253/2094/1212
f 1253/2094/1212 1255/2092/1208 1257/2090/1204
f 1257/2090/1204 1259/2087/1200 1261/2084/1196
f 1261/2084/1196 1263/2082/1192 1264/2058/1153
f 1257/2090/1204 1261/2084/1196 1264/2058/1153
f 1249/2099/1220 1253/2094/1212 1257/2090/1204
f 1241/2067/1166 1245/2061/1158 1249/2099/1220
f 1233/2077/1182 1237/2073/1174 1241/2067/1166
f 1249/2099/1220 1257/2090/1204 1264/2058/1153
f 1233/2077/1182 1241/2067/1166 1249/2099/1220
f 1233/2077/1182 1249/2099/1220 1264/2058/1153
f 1229/2059/1189 1233/2077/1182 1264/2058/1153
f 1190/1997/1091 1227/1997/1152 1229/2059/1189
f 1190/1997/1091 1229/2059/1189 1264/2058/1153
f 1247/1904/1147 1124/1904/1012 1190/1997/1091
f 1286/2058/1190 1287/2082/1191 1288/2083/1193
f 1288/2083/1193 1289/2084/1195 1290/2085/1197
f 1290/2085/1197 1291/2087/1199 1292/2088/1201
f 1292/2088/1201 1293/2089/1203 1294/2091/1205
f 1294/2091/1205 1295/2092/1207 1296/2093/1209
f 1296/2093/1209 1297/2094/1211 1298/2095/1213
f 1298/2095/1213 1299/2096/1215 1300/2098/1217
f 1300/2098/1217 1301/2099/1219 1302/2100/1221
f 1302/2100/1221 1285/2103/1223 1265/2062/1157
f 1265/2062/1157 1267/2061/1156 1268/2063/1159
f 1268/2063/1159 1269/2064/1161 1270/2065/1163
f 1270/2065/1163 1271/2067/1165 1272/2068/1167
f 1272/2068/1167 1273/2069/1169 1274/2070/1171
f 1274/2070/1171 1275/2072/1173 1276/2074/1175
f 1276/2074/1175 1277/2075/1177 1278/2076/1179
f 1278/2076/1179 1279/2077/1181 1280/2078/1183
f 1280/2078/1183 1281/2079/1185 1282/2081/1187
f 1286/2058/1190 1288/2083/1193 1290/2085/1197
f 1290/2085/1197 1292/2088/1201 1294/2091/1205
f 1294/2091/1205 1296/2093/1209 1298/2095/1213
f 1298/2095/1213 1300/2098/1217 1302/2100/1221
f 1302/2100/1221 1265/2062/1157 1268/2063/1159
f 1268/2063/1159 1270/2065/1163 1272/2068/1167
f 1272/2068/1167 1274/2070/1171 1276/2074/1175
f 1276/2074/1175 1278/2076/1179 1280/2078/1183
f 1280/2078/1183 1282/2081/1187 1283/2059/1154
f 1276/2074/1175 1280/2078/1183 1283/2059/1154
f 1268/2063/1159 1272/2068/1167 1276/2074/1175
f 1298/2095/1213 1302/2100/1221 1268/2063/1159
f 1290/2085/1197 1294/2091/1205 1298/2095/1213
f 1268/2063/1159 1276/2074/1175 1283/2059/1154
f 1290/2085/1197 1298/2095/1213 1268/2063/1159
f 1290/2085/1197 1268/2063/1159 1283/2059/1154
f 1286/2058/1190 1290/2085/1197 1283/2059/1154
f 1223/1904/1146 1284/1904/1148 1286/2058/1190
f 1223/1904/1146 1286/2058/1190 1283/2059/1154
f 1266/1997/1151 1225/1997/1129 1223/1904/1146
f 1228/2060/1155 1245/2061/1158 1267/2061/1156
f 1245/2061/1158 1244/2063/1160 1268/2063/1159
f 1244/2063/1160 1243/2064/1162 1269/2064/1161
f 1243/2064/1162 1242/2066/1164 1270/2065/1163
f 1242/2066/1164 1241/2067/1166 1271/2067/1165
f 1241/2067/1166 1240/2068/1168 1272/2068/1167
f 1240/2068/1168 1239/2069/1170 1273/2069/1169
f 1239/2069/1170 1238/2071/1172 1274/2070/1171
f 1238/2071/1172 1237/2073/1174 1275/2072/1173
f 1237/2073/1174 1236/2074/1176 1276/2074/1175
f 1236/2074/1176 1235/2075/1178 1277/2075/1177
f 1235/2075/1178 1234/2076/1180 1278/2076/1179
f 1234/2076/1180 1233/2077/1182 1279/2077/1181
f 1233/2077/1182 1232/2078/1184 1280/2078/1183
f 1232/2078/1184 1231/2080/1186 1281/2079/1185
f 1231/2080/1186 1230/2081/1188 1282/2081/1187
f 1230/2081/1188 1229/2059/1189 1283/2059/1154
f 1229/2059/1189 1227/1997/1152 1266/1997/1151
f 1247/1904/1147 1264/2058/1153 1286/2058/1190
f 1264/2058/1153 1263/2082/1192 1287/2082/1191
f 1263/2082/1192 1262/2083/1194 1288/2083/1193
f 1262/2083/1194 1261/2084/1196 1289/2084/1195
f 1261/2084/1196 1260/2086/1198 1290/2085/1197
f 1260/2086/1198 1259/2087/1200 1291/2087/1199
f 1259/2087/1200 1258/2088/1202 1292/2088/1201
f 1258/2088/1202 1257/2090/1204 1293/2089/1203
f 1257/2090/1204 1256/2091/1206 1294/2091/1205
f 1256/2091/1206 1255/2092/1208 1295/2092/1207
f 1255/2092/1208 1254/2093/1210 1296/2093/1209
f 1254/2093/1210 1253/2094/1212 1297/2094/1211
f 1253/2094/1212 1252/2095/1214 1298/2095/1213
f 1252/2095/1214 1251/2097/1216 1299/2096/1215
f 1251/2097/1216 1250/2098/1218 1300/2098/1217
f 1250/2098/1218 1249/2099/1220 1301/2099/1219
f 1249/2099/1220 1248/2101/1222 1302/2100/1221
f 1248/2101/1222 1246/2103/1224 1285/2102/1223
f 1246/2103/1224 1228/2060/1155 1265/2062/1157
f 1306/2106/1227 1303/1905/1014 1307/2129/1247
f 1306/2106/1227 1307/2129/1247 1308/2127/1245
f 1304/2152/1137 1305/2151/1115 1306/2106/1227
f 1312/2153/1240 1304/2152/1137 1306/2106/1227
f 1306/2106/1227 1308/2127/1245 1309/2126/1244
f 1306/2106/1227 1309/2126/1244 1310/2104/1225
f 1311/2105/1226 1312/2153/1240 1306/2106/1227
f 1316/2056/1149 1313/2048/1139 1317/2109/1230
f 1316/2056/1149 1317/2109/1230 1318/2111/1232
f 1314/2154/1064 1315/2149/1150 1316/2056/1149
f 1322/2155/1238 1314/2154/1064 1316/2056/1149
f 1316/2056/1149 1318/2111/1232 1319/2113/1234
f 1316/2056/1149 1319/2113/1234 1320/2107/1228
f 1321/2108/1229 1322/2155/1238 1316/2056/1149
f 1332/2047/1138 1338/2110/1231 1317/2109/1230
f 1338/2110/1231 1337/2112/1233 1318/2111/1232
f 1337/2112/1233 1336/2114/1235 1319/2113/1234
f 1336/2114/1235 1335/2116/1236 1320/2115/1228
f 1335/2116/1236 1334/2118/1237 1321/2117/1229
f 1334/2118/1237 1333/2049/1140 1322/2119/1238
f 1333/2049/1140 1331/1967/1283 1314/1967/1064
f 1304/2046/1137 1312/2120/1240 1325/2050/1141
f 1312/2120/1240 1311/2122/1226 1326/2121/1241
f 1311/2122/1226 1310/2124/1225 1327/2123/1242
f 1310/2124/1225 1309/2126/1244 1328/2125/1243
f 1309/2126/1244 1308/2127/1245 1329/2051/1142
f 1308/2127/1245 1307/2129/1247 1330/2128/1246
f 1307/2129/1247 1303/1905/1014 1324/1905/1013
f 1127/1938/1040 1124/1904/1012 1303/1905/1014
f 1303/1905/1014 1306/2156/1227 1096/1912/1021
f 1340/1898/1006 1224/2029/1119 1120/2130/1119
f 1226/2042/1135 1169/1981/1078 1168/1979/1076
f 1346/1892/1000 1091/2132/1250 1360/2132/1248
f 1091/2132/1250 1159/1891/999 1178/1988/1085
f 1339/2044/1136 1168/1979/1076 1158/1896/1004
f 1122/2133/1252 1121/2134/1131 1347/2134/1133
f 1342/2053/1251 1178/1988/1085 1181/1983/1080
f 1344/2135/1254 1187/2041/1134 1357/2041/1255
f 1224/2029/1119 1345/2028/1118 1121/2040/1131
f 1344/2135/1254 1181/1983/1080 1169/1981/1078
f 1342/2053/1251 1344/2135/1254 1358/2135/1256
f 1354/2054/1145 1356/2053/1144 1358/2135/1256
f 1350/2039/1130 1359/2026/1259 1353/2136/1257
f 1348/2028/1132 1350/2027/1130 1349/2138/1253
f 1360/2132/1248 1355/2052/1143 1352/2139/1258
f 1359/2026/1259 1351/1892/1249 1352/2139/1258
f 1184/2140/1260 1355/2140/1143 1354/2141/1145
f 1157/2026/1116 1346/1892/1000 1351/1892/1249
f 1123/2142/1262 1353/2142/1257 1352/2143/1258
f 1091/2132/1250 1342/2053/1251 1356/2053/1144
f 1123/2142/1262 1122/2133/1252 1349/2133/1253
f 1341/2027/1117 1350/2027/1130 1348/2028/1132
f 1186/2141/1261 1354/2141/1145 1357/2144/1255
f 1119/2143/1263 1352/2143/1258 1355/2140/1143
f 1384/1897/1005 1374/1894/1270 1373/2157/1276
f 1373/2157/1276 1375/2158/1281 1376/2159/1267
f 1376/2159/1267 1377/2160/1272 1378/2161/1269
f 1378/2161/1269 1368/2162/1282 1367/2145/1264
f 1367/2145/1264 1369/2163/1275 1370/2164/1280
f 1370/2164/1280 1371/2165/1266 1372/2166/1279
f 1372/2166/1279 1366/2167/1277 1365/2168/1271
f 1365/2168/1271 1364/2134/1265 1363/2133/1253
f 1363/2133/1253 1362/2142/1274 1361/2143/1258
f 1361/2143/1258 1380/2140/1143 1379/2141/1145
f 1379/2141/1145 1381/2144/1268 1382/2169/1273
f 1382/2169/1273 1383/2170/1278 1384/1897/1005
f 1384/1897/1005 1373/2157/1276 1376/2159/1267
f 1376/2159/1267 1378/2161/1269 1367/2145/1264
f 1367/2145/1264 1370/2164/1280 1372/2166/1279
f 1372/2166/1279 1365/2168/1271 1363/2133/1253
f 1363/2133/1253 1361/2143/1258 1379/2141/1145
f 1379/2141/1145 1382/2169/1273 1384/1897/1005
f 1384/1897/1005 1376/2159/1267 1367/2145/1264
f 1367/2145/1264 1372/2166/1279 1363/2133/1253
f 1363/2133/1253 1379/2141/1145 1384/1897/1005
f 1122/2133/1252 1363/2133/1253 1364/2134/1265
f 1152/1899/1007 1372/1899/1279 1371/2033/1266
f 1222/2037/1127 1377/2037/1272 1376/2036/1267
f 1188/2043/1135 1382/2043/1273 1381/2041/1268
f 1151/1901/1009 1368/1901/1282 1378/2038/1269
f 1219/2034/1124 1373/2034/1276 1374/1894/1270
f 1154/2031/1121 1369/2031/1275 1367/2030/1264
f 1121/2040/1131 1364/2040/1265 1365/2130/1271
f 1218/2038/1128 1378/2038/1269 1377/2037/1272
f 1189/2045/1136 1383/2045/1278 1382/2043/1273
f 1186/2141/1261 1379/2141/1145 1380/2140/1143
f 1119/2143/1263 1361/2143/1258 1362/2142/1274
f 1155/2032/1122 1370/2032/1280 1369/2031/1275
f 1220/2035/1125 1375/2035/1281 1373/2034/1276
f 1120/2130/1119 1365/2130/1271 1366/2131/1277
f 1185/1897/1003 1384/1897/1005 1383/2045/1278
f 1118/2131/1006 1366/2131/1277 1372/1899/1279
f 1123/2142/1262 1362/2142/1274 1363/2133/1253
f 1156/2033/1123 1371/2033/1266 1370/2032/1280
f 1221/2036/1126 1376/2036/1267 1375/2035/1281
f 1187/2144/1134 1381/2144/1268 1379/2141/1145
f 1153/2030/1120 1367/2030/1264 1368/1901/1282
f 1184/2140/1260 1380/2140/1143 1361/2143/1258
o Cube.003
v -0.047849 -0.473420 0.441315
v -0.040128 -0.498271 0.441315
v -0.047770 -0.476957 0.441315
v -0.047536 -0.480421 0.441315
v -0.047151 -0.483743 0.441315
v -0.046623 -0.486855 0.441315
v -0.045963 -0.489694 0.441315
v -0.045184 -0.492201 0.441315
v -0.044302 -0.494326 0.441315
v -0.043336 -0.496025 0.441315
v -0.042303 -0.497264 0.441315
v -0.041227 -0.498018 0.441315
v -0.040128 -0.190252 -0.179018
v -0.047849 -0.190252 -0.128971
v -0.041227 -0.190252 -0.178509
v -0.042303 -0.190252 -0.176991
v -0.043336 -0.190252 -0.174496
v -0.044302 -0.190252 -0.171073
v -0.045184 -0.190252 -0.166794
v -0.045963 -0.190252 -0.161745
v -0.046623 -0.190252 -0.156029
v -0.047151 -0.190252 -0.149761
v -0.047536 -0.190252 -0.143071
v -0.047770 -0.190252 -0.136093
v 0.040128 -0.498271 0.441315
v 0.047849 -0.473420 0.441315
v 0.041227 -0.498018 0.441315
v 0.042303 -0.497264 0.441315
v 0.043336 -0.496025 0.441315
v 0.044302 -0.494326 0.441315
v 0.045184 -0.492201 0.441315
v 0.045963 -0.489694 0.441315
v 0.046623 -0.486855 0.441315
v 0.047151 -0.483743 0.441315
v 0.047536 -0.480421 0.441315
v 0.047770 -0.476957 0.441315
v 0.047849 -0.190252 -0.128971
v 0.040128 -0.190252 -0.179018
v 0.047770 -0.190252 -0.136093
v 0.047536 -0.190252 -0.143071
v 0.047151 -0.190252 -0.149761
v 0.046623 -0.190252 -0.156029
v 0.045963 -0.190252 -0.161745
v 0.045184 -0.190252 -0.166794
v 0.044302 -0.190252 -0.171073
v 0.043336 -0.190252 -0.174496
v 0.042303 -0.190252 -0.176991
v 0.041227 -0.190252 -0.178509
v -0.047849 -0.405418 -0.128971
v -0.040128 -0.406395 -0.179018
v -0.047770 -0.405557 -0.136093
v -0.047536 -0.405693 -0.143071
v -0.047151 -0.405824 -0.149761
v -0.046623 -0.405946 -0.156029
v -0.045963 -0.406058 -0.161745
v -0.045184 -0.406156 -0.166794
v -0.044302 -0.406240 -0.171073
v -0.043336 -0.406306 -0.174496
v -0.042303 -0.406355 -0.176991
v -0.041227 -0.406385 -0.178509
v -0.047849 -0.473420 0.007981
v -0.040128 -0.498271 0.006015
v -0.047770 -0.476957 0.007701
v -0.047536 -0.480421 0.007427
v -0.047151 -0.483743 0.007164
v -0.046623 -0.486855 0.006918
v -0.045963 -0.489694 0.006694
v -0.045184 -0.492201 0.006495
v -0.044302 -0.494326 0.006327
v -0.043336 -0.496025 0.006193
v -0.042303 -0.497264 0.006095
v -0.041227 -0.498018 0.006035
v -0.047849 -0.416868 -0.127156
v -0.040128 -0.420767 -0.176740
v -0.047770 -0.417423 -0.134213
v -0.047536 -0.417966 -0.141126
v -0.047151 -0.418488 -0.147754
v -0.046623 -0.418976 -0.153963
v -0.045963 -0.419421 -0.159627
v -0.045184 -0.419815 -0.164629
v -0.044302 -0.420148 -0.168869
v -0.043336 -0.420415 -0.172259
v -0.042303 -0.420609 -0.174732
v -0.041227 -0.420728 -0.176235
v -0.047849 -0.427083 -0.122217
v -0.040128 -0.434786 -0.169962
v -0.047770 -0.428179 -0.129012
v -0.047536 -0.429253 -0.135668
v -0.047151 -0.430283 -0.142051
v -0.046623 -0.431248 -0.148030
v -0.045963 -0.432127 -0.153483
v -0.045184 -0.432904 -0.158300
v -0.044302 -0.433563 -0.162383
v -0.043336 -0.434090 -0.165647
v -0.042303 -0.434474 -0.168028
v -0.041227 -0.434708 -0.169476
v -0.047849 -0.436789 -0.114120
v -0.040128 -0.448105 -0.158851
v -0.047770 -0.438399 -0.120486
v -0.047536 -0.439977 -0.126722
v -0.047151 -0.441490 -0.132702
v -0.046623 -0.442907 -0.138304
v -0.045963 -0.444200 -0.143413
v -0.045184 -0.445341 -0.147925
v -0.044302 -0.446309 -0.151750
v -0.043336 -0.447083 -0.154809
v -0.042303 -0.447647 -0.157039
v -0.041227 -0.447990 -0.158396
v -0.047849 -0.445746 -0.103066
v -0.040128 -0.460398 -0.143680
v -0.047770 -0.447831 -0.108846
v -0.047536 -0.449874 -0.114508
v -0.047151 -0.451833 -0.119938
v -0.046623 -0.453668 -0.125023
v -0.045963 -0.455341 -0.129662
v -0.045184 -0.456819 -0.133760
v -0.044302 -0.458072 -0.137233
v -0.043336 -0.459074 -0.140010
v -0.042303 -0.459805 -0.142035
v -0.041227 -0.460249 -0.143267
v -0.047849 -0.453735 -0.089325
v -0.040128 -0.471361 -0.124823
v -0.047770 -0.456243 -0.094377
v -0.047536 -0.458700 -0.099326
v -0.047151 -0.461057 -0.104071
v -0.046623 -0.463264 -0.108517
v -0.045963 -0.465277 -0.112571
v -0.045184 -0.467056 -0.116153
v -0.044302 -0.468563 -0.119188
v -0.043336 -0.469768 -0.121615
v -0.042303 -0.470647 -0.123385
v -0.041227 -0.471181 -0.124462
v -0.047849 -0.460557 -0.073237
v -0.040128 -0.480724 -0.102745
v -0.047770 -0.463427 -0.077436
v -0.047536 -0.466239 -0.081550
v -0.047151 -0.468935 -0.085495
v -0.046623 -0.471460 -0.089190
v -0.045963 -0.473764 -0.092560
v -0.045184 -0.475798 -0.095537
v -0.044302 -0.477522 -0.098061
v -0.043336 -0.478901 -0.100078
v -0.042303 -0.479907 -0.101550
v -0.041227 -0.480519 -0.102444
v -0.047849 -0.466046 -0.055197
v -0.040128 -0.488257 -0.077988
v -0.047770 -0.469207 -0.058441
v -0.047536 -0.472304 -0.061618
v -0.047151 -0.475273 -0.064665
v -0.046623 -0.478054 -0.067519
v -0.045963 -0.480591 -0.070122
v -0.045184 -0.482832 -0.072422
v -0.044302 -0.484731 -0.074370
v -0.043336 -0.486250 -0.075929
v -0.042303 -0.487357 -0.077065
v -0.041227 -0.488031 -0.077756
v -0.047849 -0.470067 -0.035650
v -0.040128 -0.493774 -0.051163
v -0.047770 -0.473441 -0.037858
v -0.047536 -0.476746 -0.040021
v -0.047151 -0.479915 -0.042095
v -0.046623 -0.482884 -0.044037
v -0.045963 -0.485592 -0.045809
v -0.045184 -0.487983 -0.047374
v -0.044302 -0.490010 -0.048701
v -0.043336 -0.491632 -0.049762
v -0.042303 -0.492814 -0.050535
v -0.041227 -0.493533 -0.051006
v -0.047849 -0.472519 -0.015077
v -0.040128 -0.497139 -0.022931
v -0.047770 -0.476023 -0.016195
v -0.047536 -0.479455 -0.017290
v -0.047151 -0.482747 -0.018340
v -0.046623 -0.485830 -0.019323
v -0.045963 -0.488642 -0.020220
v -0.045184 -0.491126 -0.021012
v -0.044302 -0.493231 -0.021684
v -0.043336 -0.494915 -0.022221
v -0.042303 -0.496142 -0.022613
v -0.041227 -0.496889 -0.022851
v 0.047849 -0.473420 0.007981
v 0.040128 -0.498271 0.006015
v 0.047770 -0.476957 0.007701
v 0.047536 -0.480421 0.007427
v 0.047151 -0.483743 0.007164
v 0.046623 -0.486855 0.006918
v 0.045963 -0.489694 0.006694
v 0.045184 -0.492201 0.006495
v 0.044302 -0.494326 0.006327
v 0.043336 -0.496025 0.006193
v 0.042303 -0.497264 0.006095
v 0.041227 -0.498018 0.006035
v 0.047849 -0.405418 -0.128971
v 0.040128 -0.406395 -0.179018
v 0.047770 -0.405557 -0.136093
v 0.047536 -0.405693 -0.143071
v 0.047151 -0.405824 -0.149761
v 0.046623 -0.405946 -0.156029
v 0.045963 -0.406058 -0.161745
v 0.045184 -0.406156 -0.166794
v 0.044302 -0.406240 -0.171073
v 0.043336 -0.406306 -0.174496
v 0.042303 -0.406355 -0.176991
v 0.041227 -0.406385 -0.178509
v 0.047849 -0.472519 -0.015077
v 0.040128 -0.497139 -0.022931
v 0.047770 -0.476023 -0.016195
v 0.047536 -0.479455 -0.017290
v 0.047151 -0.482747 -0.018340
v 0.046623 -0.485830 -0.019323
v 0.045963 -0.488642 -0.020220
v 0.045184 -0.491126 -0.021012
v 0.044302 -0.493231 -0.021684
v 0.043336 -0.494915 -0.022221
v 0.042303 -0.496142 -0.022613
v 0.041227 -0.496889 -0.022851
v 0.047849 -0.470067 -0.035650
v 0.040128 -0.493774 -0.051163
v 0.047770 -0.473441 -0.037858
v 0.047536 -0.476746 -0.040021
v 0.047151 -0.479915 -0.042095
v 0.046623 -0.482884 -0.044037
v 0.045963 -0.485592 -0.045809
v 0.045184 -0.487983 -0.047374
v 0.044302 -0.490010 -0.048701
v 0.043336 -0.491632 -0.049762
v 0.042303 -0.492814 -0.050535
v 0.041227 -0.493533 -0.051006
v 0.047849 -0.466046 -0.055197
v 0.040128 -0.488257 -0.077988
v 0.047770 -0.469207 -0.058441
v 0.047536 -0.472304 -0.061618
v 0.047151 -0.475273 -0.064665
v 0.046623 -0.478054 -0.067519
v 0.045963 -0.480591 -0.070122
v 0.045184 -0.482832 -0.072422
v 0.044302 -0.484731 -0.074370
v 0.043336 -0.486250 -0.075929
v 0.042303 -0.487357 -0.077065
v 0.041227 -0.488031 -0.077756
v 0.047849 -0.460557 -0.073237
v 0.040128 -0.480724 -0.102745
v 0.047770 -0.463427 -0.077436
v 0.047536 -0.466239 -0.081550
v 0.047151 -0.468935 -0.085495
v 0.046623 -0.471460 -0.089190
v 0.045963 -0.473764 -0.092560
v 0.045184 -0.475798 -0.095537
v 0.044302 -0.477522 -0.098061
v 0.043336 -0.478901 -0.100078
v 0.042303 -0.479907 -0.101550
v 0.041227 -0.480519 -0.102444
v 0.047849 -0.453735 -0.089325
v 0.040128 -0.471361 -0.124823
v 0.047770 -0.456243 -0.094377
v 0.047536 -0.458700 -0.099326
v 0.047151 -0.461057 -0.104071
v 0.046623 -0.463264 -0.108517
v 0.045963 -0.465277 -0.112571
v 0.045184 -0.467056 -0.116153
v 0.044302 -0.468563 -0.119188
v 0.043336 -0.469768 -0.121615
v 0.042303 -0.470647 -0.123385
v 0.041227 -0.471181 -0.124462
v 0.047849 -0.445746 -0.103066
v 0.040128 -0.460398 -0.143680
v 0.047770 -0.447831 -0.108846
v 0.047536 -0.449874 -0.114508
v 0.047151 -0.451833 -0.119938
v 0.046623 -0.453668 -0.125023
v 0.045963 -0.455341 -0.129662
v 0.045184 -0.456819 -0.133760
v 0.044302 -0.458072 -0.137233
v 0.043336 -0.459074 -0.140010
v 0.042303 -0.459805 -0.142035
v 0.041227 -0.460249 -0.143267
v 0.047849 -0.436789 -0.114120
v 0.040128 -0.448105 -0.158851
v 0.047770 -0.438399 -0.120486
v 0.047536 -0.439977 -0.126722
v 0.047151 -0.441490 -0.132702
v 0.046623 -0.442907 -0.138304
v 0.045963 -0.444200 -0.143413
v 0.045184 -0.445341 -0.147925
v 0.044302 -0.446309 -0.151750
v 0.043336 -0.447083 -0.154809
v 0.042303 -0.447647 -0.157039
v 0.041227 -0.447990 -0.158396
v 0.047849 -0.427083 -0.122217
v 0.040128 -0.434786 -0.169962
v 0.047770 -0.428179 -0.129012
v 0.047536 -0.429253 -0.135668
v 0.047151 -0.430283 -0.142051
v 0.046623 -0.431248 -0.148030
v 0.045963 -0.432127 -0.153483
v 0.045184 -0.432904 -0.158300
v 0.044302 -0.433563 -0.162383
v 0.043336 -0.434090 -0.165647
v 0.042303 -0.434474 -0.168028
v 0.041227 -0.434708 -0.169476
v 0.047849 -0.416868 -0.127156
v 0.040128 -0.420767 -0.176740
v 0.047770 -0.417423 -0.134213
v 0.047536 -0.417966 -0.141126
v 0.047151 -0.418488 -0.147754
v 0.046623 -0.418976 -0.153963
v 0.045963 -0.419421 -0.159627
v 0.045184 -0.419815 -0.164629
v 0.044302 -0.420148 -0.168869
v 0.043336 -0.420415 -0.172259
v 0.042303 -0.420609 -0.174732
v 0.041227 -0.420728 -0.176235
v 0.047849 -0.190252 -0.125131
v 0.047849 -0.435595 0.441315
v 0.047849 -0.358092 -0.122853
v 0.047849 -0.343719 -0.125131
v 0.047849 -0.435595 0.059902
v 0.047849 -0.431098 0.002724
v 0.047849 -0.434464 0.030956
v 0.047849 -0.418048 -0.048858
v 0.047849 -0.425581 -0.024101
v 0.047849 -0.397722 -0.089793
v 0.047849 -0.408685 -0.070936
v 0.047849 -0.372110 -0.116075
v 0.047849 -0.385430 -0.104964
v -0.047849 -0.435595 0.441315
v -0.047849 -0.190252 -0.125131
v -0.047849 -0.372110 -0.116075
v -0.047849 -0.385430 -0.104964
v -0.047849 -0.358092 -0.122853
v -0.047849 -0.343719 -0.125131
v -0.047849 -0.435595 0.059902
v -0.047849 -0.431098 0.002724
v -0.047849 -0.434464 0.030956
v -0.047849 -0.418048 -0.048858
v -0.047849 -0.397722 -0.089793
v -0.047849 -0.408685 -0.070936
v -0.047849 -0.425581 -0.024101
vn 1.0000 -0.0000 -0.0000
vn -0.0000 -0.1565 -0.9877
vn -0.0000 -1.0000 -0.0000
vn -0.0000 -0.0000 1.0000
vn -0.0000 -0.0000 -1.0000
vn -0.0000 -0.4353 -0.9003
vn -0.0000 -0.9930 -0.1184
vn -0.0000 -0.9795 -0.2015
vn -0.0000 -0.9567 -0.2911
vn -0.0000 -0.9206 -0.3904
vn -0.0000 -0.8645 -0.5026
vn -0.0000 -0.7770 -0.6296
vn -0.0000 -0.6406 -0.7679
vn -0.0000 -0.9992 -0.0390
vn -0.0000 1.0000 -0.0000
vn 0.9998 -0.0221 -0.0009
vn 0.9977 -0.0672 -0.0026
vn 0.9934 -0.1148 -0.0045
vn 0.9860 -0.1668 -0.0065
vn 0.9741 -0.2259 -0.0088
vn 0.9552 -0.2958 -0.0116
vn 0.9239 -0.3823 -0.0149
vn 0.8697 -0.4933 -0.0193
vn 0.7691 -0.6387 -0.0250
vn 0.5745 -0.8179 -0.0320
vn 0.2248 -0.9737 -0.0380
vn -0.9998 -0.0221 -0.0009
vn -0.9977 -0.0672 -0.0026
vn -0.9934 -0.1148 -0.0045
vn -0.9860 -0.1668 -0.0065
vn -0.9741 -0.2259 -0.0088
vn -0.9552 -0.2958 -0.0116
vn -0.9239 -0.3823 -0.0149
vn -0.8697 -0.4933 -0.0193
vn -0.7691 -0.6387 -0.0250
vn -0.5745 -0.8179 -0.0320
vn -0.2248 -0.9737 -0.0380
vn 0.9998 -0.0216 -0.0026
vn 0.9978 -0.0656 -0.0078
vn 0.9936 -0.1120 -0.0133
vn 0.9865 -0.1627 -0.0194
vn 0.9750 -0.2205 -0.0263
vn 0.9567 -0.2890 -0.0345
vn 0.9264 -0.3739 -0.0446
vn 0.8736 -0.4833 -0.0576
vn 0.7749 -0.6276 -0.0748
vn 0.5816 -0.8077 -0.0963
vn 0.2289 -0.9666 -0.1152
vn -0.9998 -0.0216 -0.0026
vn -0.9978 -0.0656 -0.0078
vn -0.9936 -0.1120 -0.0133
vn -0.9865 -0.1627 -0.0194
vn -0.9750 -0.2205 -0.0263
vn -0.9567 -0.2890 -0.0345
vn -0.9264 -0.3739 -0.0446
vn -0.8736 -0.4833 -0.0576
vn -0.7749 -0.6276 -0.0748
vn -0.5816 -0.8077 -0.0963
vn -0.2289 -0.9666 -0.1152
vn 0.9998 -0.0205 -0.0042
vn 0.9980 -0.0623 -0.0128
vn 0.9941 -0.1064 -0.0219
vn 0.9874 -0.1548 -0.0318
vn 0.9768 -0.2099 -0.0432
vn 0.9596 -0.2755 -0.0567
vn 0.9312 -0.3571 -0.0734
vn 0.8811 -0.4632 -0.0953
vn 0.7863 -0.6051 -0.1245
vn 0.5960 -0.7865 -0.1618
vn 0.2371 -0.9516 -0.1957
vn -0.9998 -0.0205 -0.0042
vn -0.9980 -0.0623 -0.0128
vn -0.9941 -0.1064 -0.0219
vn -0.9874 -0.1548 -0.0318
vn -0.9768 -0.2099 -0.0432
vn -0.9596 -0.2755 -0.0567
vn -0.9312 -0.3571 -0.0734
vn -0.8811 -0.4632 -0.0953
vn -0.7863 -0.6051 -0.1245
vn -0.5960 -0.7865 -0.1618
vn -0.2371 -0.9516 -0.1957
vn 0.9998 -0.0189 -0.0058
vn 0.9982 -0.0575 -0.0175
vn 0.9947 -0.0983 -0.0299
vn 0.9888 -0.1430 -0.0435
vn 0.9792 -0.1942 -0.0591
vn 0.9637 -0.2553 -0.0777
vn 0.9379 -0.3319 -0.1010
vn 0.8919 -0.4327 -0.1317
vn 0.8029 -0.5703 -0.1735
vn 0.6178 -0.7523 -0.2289
vn 0.2501 -0.9263 -0.2819
vn -0.9998 -0.0189 -0.0058
vn -0.9982 -0.0575 -0.0175
vn -0.9947 -0.0983 -0.0299
vn -0.9888 -0.1430 -0.0435
vn -0.9792 -0.1942 -0.0591
vn -0.9637 -0.2553 -0.0777
vn -0.9379 -0.3319 -0.1010
vn -0.8919 -0.4327 -0.1317
vn -0.8029 -0.5703 -0.1735
vn -0.6178 -0.7523 -0.2289
vn -0.2501 -0.9263 -0.2819
vn 0.9998 -0.0169 -0.0072
vn 0.9984 -0.0513 -0.0218
vn 0.9955 -0.0877 -0.0372
vn 0.9903 -0.1278 -0.0542
vn 0.9820 -0.1737 -0.0737
vn 0.9686 -0.2288 -0.0970
vn 0.9460 -0.2985 -0.1266
vn 0.9050 -0.3916 -0.1661
vn 0.8238 -0.5218 -0.2213
vn 0.6466 -0.7023 -0.2978
vn 0.2685 -0.8868 -0.3761
vn -0.9998 -0.0169 -0.0072
vn -0.9984 -0.0513 -0.0218
vn -0.9955 -0.0877 -0.0372
vn -0.9903 -0.1278 -0.0542
vn -0.9820 -0.1737 -0.0737
vn -0.9686 -0.2288 -0.0970
vn -0.9460 -0.2985 -0.1266
vn -0.9050 -0.3916 -0.1661
vn -0.8238 -0.5218 -0.2213
vn -0.6466 -0.7023 -0.2978
vn -0.2685 -0.8868 -0.3761
vn 0.9999 -0.0144 -0.0084
vn 0.9987 -0.0438 -0.0255
vn 0.9962 -0.0750 -0.0436
vn 0.9920 -0.1093 -0.0635
vn 0.9851 -0.1488 -0.0865
vn 0.9738 -0.1965 -0.1142
vn 0.9547 -0.2573 -0.1496
vn 0.9195 -0.3398 -0.1975
vn 0.8477 -0.4586 -0.2666
vn 0.6818 -0.6324 -0.3677
vn 0.2930 -0.8266 -0.4805
vn -0.9999 -0.0144 -0.0084
vn -0.9987 -0.0438 -0.0255
vn -0.9962 -0.0750 -0.0436
vn -0.9920 -0.1093 -0.0635
vn -0.9851 -0.1488 -0.0865
vn -0.9738 -0.1965 -0.1142
vn -0.9547 -0.2573 -0.1496
vn -0.9195 -0.3398 -0.1975
vn -0.8477 -0.4586 -0.2666
vn -0.6818 -0.6324 -0.3677
vn -0.2930 -0.8266 -0.4805
vn 0.9999 -0.0116 -0.0094
vn 0.9990 -0.0353 -0.0286
vn 0.9970 -0.0604 -0.0489
vn 0.9936 -0.0881 -0.0714
vn 0.9880 -0.1201 -0.0973
vn 0.9789 -0.1589 -0.1288
vn 0.9632 -0.2089 -0.1692
vn 0.9340 -0.2777 -0.2250
vn 0.8724 -0.3797 -0.3077
vn 0.7212 -0.5382 -0.4361
vn 0.3239 -0.7351 -0.5956
vn -0.9999 -0.0116 -0.0094
vn -0.9990 -0.0353 -0.0286
vn -0.9970 -0.0604 -0.0489
vn -0.9936 -0.0881 -0.0714
vn -0.9880 -0.1201 -0.0973
vn -0.9789 -0.1589 -0.1288
vn -0.9632 -0.2089 -0.1692
vn -0.9340 -0.2777 -0.2250
vn -0.8724 -0.3797 -0.3077
vn -0.7212 -0.5382 -0.4361
vn -0.3239 -0.7351 -0.5956
vn 0.9999 -0.0085 -0.0102
vn 0.9992 -0.0258 -0.0310
vn 0.9976 -0.0442 -0.0530
vn 0.9949 -0.0646 -0.0774
vn 0.9905 -0.0882 -0.1057
vn 0.9832 -0.1169 -0.1401
vn 0.9706 -0.1542 -0.1848
vn 0.9468 -0.2062 -0.2471
vn 0.8953 -0.2854 -0.3421
vn 0.7607 -0.4158 -0.4984
vn 0.3596 -0.5977 -0.7165
vn -0.9999 -0.0085 -0.0102
vn -0.9992 -0.0258 -0.0310
vn -0.9976 -0.0442 -0.0530
vn -0.9949 -0.0646 -0.0774
vn -0.9905 -0.0882 -0.1057
vn -0.9832 -0.1169 -0.1401
vn -0.9706 -0.1542 -0.1848
vn -0.9468 -0.2062 -0.2471
vn -0.8953 -0.2854 -0.3421
vn -0.7607 -0.4158 -0.4984
vn -0.3596 -0.5977 -0.7165
vn 0.9999 -0.0052 -0.0107
vn 0.9993 -0.0158 -0.0326
vn 0.9981 -0.0270 -0.0558
vn 0.9959 -0.0394 -0.0816
vn 0.9923 -0.0539 -0.1114
vn 0.9864 -0.0715 -0.1480
vn 0.9761 -0.0946 -0.1956
vn 0.9565 -0.1270 -0.2628
vn 0.9130 -0.1775 -0.3672
vn 0.7939 -0.2647 -0.5474
vn 0.3945 -0.4000 -0.8273
vn -0.9999 -0.0052 -0.0107
vn -0.9993 -0.0158 -0.0326
vn -0.9981 -0.0270 -0.0558
vn -0.9959 -0.0394 -0.0816
vn -0.9923 -0.0539 -0.1114
vn -0.9864 -0.0715 -0.1480
vn -0.9761 -0.0946 -0.1956
vn -0.9565 -0.1270 -0.2628
vn -0.9130 -0.1775 -0.3672
vn -0.7939 -0.2647 -0.5474
vn -0.3944 -0.4000 -0.8273
vn 0.9999 -0.0017 -0.0110
vn 0.9994 -0.0053 -0.0334
vn 0.9983 -0.0091 -0.0573
vn 0.9964 -0.0133 -0.0837
vn 0.9933 -0.0181 -0.1144
vn 0.9881 -0.0241 -0.1520
vn 0.9790 -0.0319 -0.2011
vn 0.9617 -0.0429 -0.2709
vn 0.9228 -0.0603 -0.3805
vn 0.8132 -0.0911 -0.5749
vn 0.4174 -0.1423 -0.8975
vn -0.9999 -0.0017 -0.0110
vn -0.9994 -0.0053 -0.0334
vn -0.9983 -0.0091 -0.0573
vn -0.9964 -0.0133 -0.0837
vn -0.9933 -0.0181 -0.1144
vn -0.9881 -0.0241 -0.1520
vn -0.9790 -0.0319 -0.2011
vn -0.9617 -0.0429 -0.2709
vn -0.9228 -0.0603 -0.3805
vn -0.8131 -0.0911 -0.5749
vn -0.4174 -0.1423 -0.8975
vn -0.9998 -0.0222 -0.0000
vn -0.9977 -0.0674 -0.0000
vn -0.9934 -0.1151 -0.0000
vn -0.9859 -0.1673 -0.0000
vn -0.9740 -0.2265 -0.0000
vn -0.9550 -0.2967 -0.0000
vn -0.9236 -0.3833 -0.0000
vn -0.8692 -0.4945 -0.0000
vn -0.7684 -0.6400 -0.0000
vn -0.5736 -0.8192 -0.0000
vn -0.2243 -0.9745 -0.0000
vn 0.9998 -0.0222 -0.0000
vn 0.9977 -0.0674 -0.0000
vn 0.9934 -0.1151 -0.0000
vn 0.9859 -0.1673 -0.0000
vn 0.9740 -0.2265 -0.0000
vn 0.9550 -0.2967 -0.0000
vn 0.9236 -0.3833 -0.0000
vn 0.8692 -0.4945 -0.0000
vn 0.7683 -0.6400 -0.0000
vn 0.5736 -0.8192 -0.0000
vn 0.2243 -0.9745 -0.0000
vn -0.4206 -0.0000 -0.9072
vn -0.8157 -0.0000 -0.5785
vn -0.9241 -0.0000 -0.3822
vn -0.9623 -0.0000 -0.2719
vn -0.9794 -0.0000 -0.2018
vn -0.9883 -0.0000 -0.1525
vn -0.9934 -0.0000 -0.1147
vn -0.9965 -0.0000 -0.0839
vn -0.9983 -0.0000 -0.0574
vn -0.9994 -0.0000 -0.0335
vn -0.9999 -0.0000 -0.0110
vn 0.9999 -0.0000 -0.0110
vn 0.9994 -0.0000 -0.0335
vn 0.9983 -0.0000 -0.0574
vn 0.9965 -0.0000 -0.0839
vn 0.9934 -0.0000 -0.1147
vn 0.9883 -0.0000 -0.1525
vn 0.9794 -0.0000 -0.2018
vn 0.9623 -0.0000 -0.2719
vn 0.9241 -0.0000 -0.3822
vn 0.8157 -0.0000 -0.5785
vn 0.4206 -0.0000 -0.9072
vn -1.0000 -0.0000 -0.0000
vn -0.0000 0.9992 0.0390
vn -0.0000 0.9930 0.1184
vn -0.0000 0.9795 0.2015
vn -0.0000 0.9567 0.2911
vn -0.0000 0.9206 0.3904
vn -0.0000 0.8645 0.5026
vn -0.0000 0.7770 0.6296
vn -0.0000 0.6406 0.7679
vn -0.0000 0.4353 0.9003
vn -0.0000 0.1565 0.9877
vn 0.8735 -0.4833 -0.0576
vn 0.2288 -0.9666 -0.1152
vn -0.2288 -0.9666 -0.1152
vn -0.3238 -0.7351 -0.5956
vn 0.3944 -0.4000 -0.8273
vn -0.3945 -0.4000 -0.8273
vn -0.8132 -0.0911 -0.5749
vn -0.7683 -0.6400 -0.0000
vn 0.7684 -0.6400 -0.0000
vt 0.441070 0.520901
vt 0.447711 0.543558
vt 0.440112 0.552456
vt 0.437905 0.270170
vt 0.449570 0.479830
vt 0.437905 0.479830
vt 0.354830 0.574570
vt 0.145170 0.750000
vt 0.145170 0.574570
vt 0.425870 0.750000
vt 0.379926 0.993039
vt 0.375817 0.764487
vt 0.625000 0.270170
vt 0.449570 0.270170
vt 0.426527 0.270170
vt 0.426527 0.479830
vt 0.145170 0.562905
vt 0.354830 0.551527
vt 0.354830 0.562905
vt 0.145170 0.551527
vt 0.354830 0.540716
vt 0.145170 0.540716
vt 0.354830 0.530739
vt 0.145170 0.530739
vt 0.354830 0.500000
vt 0.375000 0.270170
vt 0.405739 0.479830
vt 0.375000 0.479830
vt 0.405739 0.270170
vt 0.415716 0.479830
vt 0.415716 0.270170
vt 0.625817 0.514487
vt 0.642299 0.500205
vt 0.870074 0.506961
vt 0.395901 0.566070
vt 0.392299 0.575250
vt 0.393057 0.565619
vt 0.389487 0.575139
vt 0.390271 0.565178
vt 0.386791 0.575033
vt 0.387600 0.564755
vt 0.384265 0.574934
vt 0.385097 0.564359
vt 0.381961 0.574844
vt 0.382815 0.563997
vt 0.368039 0.574570
vt 0.368039 0.563291
vt 0.365735 0.574570
vt 0.365735 0.563156
vt 0.363209 0.574570
vt 0.363209 0.563048
vt 0.360513 0.574570
vt 0.360513 0.562969
vt 0.357701 0.574570
vt 0.357701 0.562921
vt 0.395901 0.183930
vt 0.392299 0.174750
vt 0.395170 0.174637
vt 0.393057 0.184381
vt 0.389487 0.174861
vt 0.390271 0.184822
vt 0.386791 0.174967
vt 0.387600 0.185245
vt 0.384265 0.175066
vt 0.385097 0.185641
vt 0.375021 0.175703
vt 0.125000 0.563451
vt 0.131961 0.574377
vt 0.125000 0.574297
vt 0.131961 0.563291
vt 0.134265 0.574445
vt 0.134265 0.563156
vt 0.136791 0.574499
vt 0.136791 0.563048
vt 0.139487 0.574538
vt 0.139487 0.562969
vt 0.142299 0.574562
vt 0.142299 0.562921
vt 0.397891 0.557779
vt 0.395153 0.556889
vt 0.392470 0.556017
vt 0.389898 0.555182
vt 0.387489 0.554398
vt 0.376046 0.562372
vt 0.378522 0.552059
vt 0.375000 0.562372
vt 0.368039 0.551904
vt 0.375000 0.552059
vt 0.368039 0.562528
vt 0.365735 0.551772
vt 0.365735 0.562660
vt 0.363209 0.551666
vt 0.360513 0.562842
vt 0.360513 0.551589
vt 0.357701 0.551542
vt 0.357701 0.562889
vt 0.397891 0.192221
vt 0.392470 0.193983
vt 0.387489 0.195601
vt 0.376046 0.187628
vt 0.125000 0.552059
vt 0.131961 0.562528
vt 0.125000 0.562372
vt 0.134265 0.551772
vt 0.134265 0.562660
vt 0.136791 0.562765
vt 0.139487 0.551589
vt 0.139487 0.562842
vt 0.142299 0.551542
vt 0.142299 0.562889
vt 0.398589 0.548594
vt 0.401154 0.549901
vt 0.396076 0.547313
vt 0.393666 0.546085
vt 0.391408 0.544935
vt 0.378859 0.551021
vt 0.382918 0.541222
vt 0.375000 0.551021
vt 0.368039 0.541074
vt 0.375000 0.541222
vt 0.368039 0.551168
vt 0.365735 0.540949
vt 0.363209 0.551394
vt 0.363209 0.540848
vt 0.360513 0.540775
vt 0.357701 0.551512
vt 0.357701 0.540731
vt 0.401154 0.200099
vt 0.395153 0.193111
vt 0.396076 0.202687
vt 0.389898 0.194819
vt 0.391408 0.205065
vt 0.378859 0.198980
vt 0.125000 0.551021
vt 0.131961 0.541074
vt 0.131961 0.551168
vt 0.134265 0.540949
vt 0.134265 0.551294
vt 0.136791 0.551394
vt 0.139487 0.540775
vt 0.139487 0.551467
vt 0.142299 0.540731
vt 0.142299 0.551512
vt 0.403280 0.540938
vt 0.405610 0.542631
vt 0.400998 0.539281
vt 0.398810 0.537691
vt 0.396760 0.536202
vt 0.383414 0.540249
vt 0.388955 0.531206
vt 0.375000 0.540249
vt 0.368039 0.531069
vt 0.375000 0.531206
vt 0.368039 0.540385
vt 0.365735 0.530954
vt 0.363209 0.540594
vt 0.363209 0.530861
vt 0.360513 0.530794
vt 0.360513 0.540661
vt 0.357701 0.530753
vt 0.357701 0.540702
vt 0.403280 0.209061
vt 0.398589 0.201406
vt 0.398810 0.212309
vt 0.393666 0.203915
vt 0.396760 0.213798
vt 0.383414 0.209751
vt 0.125000 0.531206
vt 0.131961 0.540385
vt 0.125000 0.540249
vt 0.134265 0.530954
vt 0.134265 0.540501
vt 0.136791 0.540594
vt 0.136791 0.530861
vt 0.139487 0.540661
vt 0.139487 0.530794
vt 0.142299 0.540702
vt 0.142299 0.530753
vt 0.411147 0.536147
vt 0.409111 0.534111
vt 0.407117 0.532117
vt 0.405204 0.530204
vt 0.403413 0.528413
vt 0.389597 0.530322
vt 0.396485 0.522258
vt 0.375000 0.501439
vt 0.368039 0.529720
vt 0.368039 0.501019
vt 0.365735 0.500662
vt 0.363209 0.530362
vt 0.363209 0.500377
vt 0.360513 0.530570
vt 0.360513 0.500169
vt 0.357701 0.530696
vt 0.357701 0.500042
vt 0.411147 0.213853
vt 0.405610 0.207369
vt 0.407117 0.217883
vt 0.400998 0.210719
vt 0.405204 0.219796
vt 0.403413 0.221587
vt 0.389597 0.219678
vt 0.125000 0.501439
vt 0.131961 0.529720
vt 0.125000 0.529300
vt 0.134265 0.500662
vt 0.134265 0.530077
vt 0.136791 0.530362
vt 0.136791 0.500377
vt 0.139487 0.530570
vt 0.139487 0.500169
vt 0.142299 0.530696
vt 0.142299 0.500042
vt 0.417631 0.530609
vt 0.415938 0.528280
vt 0.414281 0.525998
vt 0.412691 0.523810
vt 0.411202 0.521760
vt 0.405322 0.514597
vt 0.376439 0.500000
vt 0.404720 0.493039
vt 0.404300 0.500000
vt 0.376018 0.493039
vt 0.405077 0.490735
vt 0.375662 0.490735
vt 0.405362 0.488209
vt 0.375377 0.488209
vt 0.405570 0.485513
vt 0.375169 0.485513
vt 0.405696 0.482701
vt 0.417631 0.219390
vt 0.409111 0.215889
vt 0.415939 0.221720
vt 0.414281 0.224002
vt 0.412691 0.226190
vt 0.405322 0.235403
vt 0.397258 0.228515
vt 0.404300 0.250000
vt 0.376018 0.256961
vt 0.376439 0.250000
vt 0.404720 0.256961
vt 0.375662 0.259265
vt 0.405362 0.261791
vt 0.375377 0.261791
vt 0.405570 0.264487
vt 0.375169 0.264487
vt 0.375042 0.267299
vt 0.405696 0.267299
vt 0.423594 0.523589
vt 0.424901 0.526154
vt 0.422313 0.521076
vt 0.421085 0.518666
vt 0.419935 0.516408
vt 0.406206 0.513955
vt 0.415249 0.508414
vt 0.406206 0.500000
vt 0.415385 0.493039
vt 0.415249 0.500000
vt 0.405954 0.490735
vt 0.415501 0.490735
vt 0.415594 0.488209
vt 0.405794 0.485513
vt 0.415661 0.485513
vt 0.415702 0.482701
vt 0.405753 0.482701
vt 0.423594 0.226411
vt 0.422313 0.228924
vt 0.421085 0.231334
vt 0.419935 0.233592
vt 0.411202 0.228240
vt 0.406206 0.236045
vt 0.415249 0.250000
vt 0.406070 0.256961
vt 0.406206 0.250000
vt 0.415385 0.256961
vt 0.405954 0.259265
vt 0.415594 0.261791
vt 0.405861 0.261791
vt 0.405794 0.264487
vt 0.415702 0.267299
vt 0.405753 0.267299
vt 0.431889 0.520153
vt 0.432779 0.522891
vt 0.431017 0.517470
vt 0.430181 0.514898
vt 0.429399 0.512489
vt 0.426020 0.503859
vt 0.426021 0.500000
vt 0.416074 0.493039
vt 0.426168 0.493039
vt 0.415949 0.490735
vt 0.426294 0.490735
vt 0.426394 0.488209
vt 0.415775 0.485513
vt 0.426467 0.485513
vt 0.415731 0.482701
vt 0.426512 0.482701
vt 0.424901 0.223846
vt 0.431889 0.229847
vt 0.431017 0.232530
vt 0.430181 0.235102
vt 0.426020 0.246141
vt 0.416222 0.242082
vt 0.416222 0.250000
vt 0.426168 0.256961
vt 0.416074 0.256961
vt 0.415949 0.259265
vt 0.426394 0.261791
vt 0.415848 0.261791
vt 0.415775 0.264487
vt 0.426467 0.264487
vt 0.415731 0.267299
vt 0.426512 0.267299
vt 0.440619 0.518057
vt 0.440178 0.515271
vt 0.439755 0.512600
vt 0.439359 0.510097
vt 0.437372 0.501046
vt 0.437372 0.500000
vt 0.426904 0.493039
vt 0.437528 0.493039
vt 0.426772 0.490735
vt 0.437660 0.490735
vt 0.437765 0.488209
vt 0.426666 0.488209
vt 0.437842 0.485513
vt 0.426542 0.482701
vt 0.437889 0.482701
vt 0.441070 0.229099
vt 0.432779 0.227109
vt 0.440619 0.231943
vt 0.440178 0.234729
vt 0.439755 0.237400
vt 0.429398 0.237511
vt 0.437372 0.248954
vt 0.427059 0.246478
vt 0.437372 0.250000
vt 0.426904 0.256961
vt 0.427059 0.250000
vt 0.437528 0.256961
vt 0.426772 0.259265
vt 0.437765 0.261791
vt 0.426666 0.261791
vt 0.437842 0.264487
vt 0.426589 0.264487
vt 0.426542 0.267299
vt 0.450250 0.517299
vt 0.450363 0.520170
vt 0.450139 0.514487
vt 0.450033 0.511791
vt 0.449934 0.509265
vt 0.449844 0.506961
vt 0.438997 0.507815
vt 0.449570 0.493039
vt 0.438291 0.493039
vt 0.449570 0.490735
vt 0.438156 0.490735
vt 0.449570 0.488209
vt 0.438048 0.488209
vt 0.449570 0.485513
vt 0.437969 0.485513
vt 0.449570 0.482701
vt 0.437921 0.482701
vt 0.450250 0.232701
vt 0.450139 0.235513
vt 0.450033 0.238209
vt 0.449934 0.240735
vt 0.439358 0.239903
vt 0.449844 0.243039
vt 0.438997 0.242185
vt 0.449570 0.256961
vt 0.438291 0.256961
vt 0.449570 0.259265
vt 0.438156 0.259265
vt 0.449570 0.261791
vt 0.438048 0.261791
vt 0.449570 0.264487
vt 0.437969 0.264487
vt 0.449570 0.267299
vt 0.437921 0.267299
vt 0.392299 0.000000
vt 0.395170 0.000000
vt 0.389487 0.000000
vt 0.386791 0.000000
vt 0.384265 0.000000
vt 0.375000 0.000000
vt 0.125000 0.574844
vt 0.131961 0.750000
vt 0.125000 0.750000
vt 0.131961 0.574764
vt 0.134265 0.750000
vt 0.134265 0.574696
vt 0.136791 0.750000
vt 0.136791 0.574642
vt 0.139487 0.750000
vt 0.139487 0.574602
vt 0.142299 0.750000
vt 0.142299 0.574578
vt 0.395170 0.575363
vt 0.392299 0.750000
vt 0.389487 0.750000
vt 0.386791 0.750000
vt 0.384265 0.750000
vt 0.381961 0.750000
vt 0.368039 0.750000
vt 0.365735 0.750000
vt 0.363209 0.750000
vt 0.360513 0.750000
vt 0.357701 0.750000
vt 0.354830 0.750000
vt 0.625000 0.267299
vt 0.625000 0.264487
vt 0.625000 0.261791
vt 0.625000 0.259265
vt 0.625000 0.256961
vt 0.625000 0.243039
vt 0.625000 0.240735
vt 0.625000 0.238209
vt 0.625000 0.235513
vt 0.625000 0.232701
vt 0.450363 0.229830
vt 0.625000 0.229830
vt 0.625000 0.517299
vt 0.625000 0.520170
vt 0.625000 0.514487
vt 0.625000 0.511791
vt 0.625000 0.509265
vt 0.625000 0.506961
vt 0.625000 0.493039
vt 0.625000 0.490735
vt 0.625000 0.488209
vt 0.625000 0.485513
vt 0.625000 0.482701
vt 0.625000 0.479830
vt 0.440112 0.197544
vt 0.447711 0.206442
vt 0.574130 0.425051
vt 0.449570 0.324949
vt 0.449570 0.425051
vt 0.300051 0.562905
vt 0.199949 0.574570
vt 0.300051 0.574570
vt 0.300051 0.551527
vt 0.199949 0.562905
vt 0.300051 0.540716
vt 0.199949 0.551527
vt 0.300051 0.530739
vt 0.199949 0.540716
vt 0.300051 0.500000
vt 0.199949 0.530739
vt 0.405739 0.425051
vt 0.375000 0.324949
vt 0.375000 0.425051
vt 0.415716 0.425051
vt 0.405739 0.324949
vt 0.426527 0.425051
vt 0.415716 0.324949
vt 0.437905 0.425051
vt 0.426527 0.324949
vt 0.437905 0.324949
vt 0.199949 0.728283
vt 0.300051 0.728283
vt 0.425870 0.596287
vt 0.425870 0.750000
vt 0.395170 0.750000
vt 0.625000 0.521717
vt 0.500440 0.521717
vt 0.426788 0.584622
vt 0.488775 0.522635
vt 0.477397 0.525367
vt 0.429520 0.573244
vt 0.466586 0.529845
vt 0.456609 0.535959
vt 0.433998 0.562433
vt 0.386791 0.751823
vt 0.389487 0.750817
vt 0.392299 0.750205
vt 0.425870 1.000000
vt 0.395170 1.000000
vt 0.392299 0.999795
vt 0.389487 0.999183
vt 0.386791 0.998177
vt 0.384265 0.996798
vt 0.381961 0.995074
vt 0.378202 0.990735
vt 0.376823 0.988209
vt 0.375817 0.985513
vt 0.375205 0.982701
vt 0.375000 0.979830
vt 0.375000 0.770170
vt 0.375205 0.767299
vt 0.376823 0.761791
vt 0.378202 0.759265
vt 0.379926 0.756961
vt 0.381961 0.754926
vt 0.384265 0.753202
vt 0.145170 0.500000
vt 0.875000 0.521717
vt 0.625000 0.521717
vt 0.625205 0.517299
vt 0.626823 0.511791
vt 0.628202 0.509265
vt 0.629926 0.506961
vt 0.631961 0.504926
vt 0.634265 0.503202
vt 0.636791 0.501823
vt 0.639487 0.500817
vt 0.645170 0.500000
vt 0.854830 0.500000
vt 0.857701 0.500205
vt 0.860513 0.500817
vt 0.863209 0.501823
vt 0.865735 0.503202
vt 0.868039 0.504926
vt 0.871798 0.509265
vt 0.873177 0.511791
vt 0.874183 0.514487
vt 0.874795 0.517299
vt 0.875000 0.520170
vt 0.375875 0.186549
vt 0.363209 0.562765
vt 0.378522 0.197941
vt 0.131961 0.551904
vt 0.136791 0.551666
vt 0.365735 0.551294
vt 0.360513 0.551467
vt 0.382918 0.208778
vt 0.125000 0.541222
vt 0.136791 0.540848
vt 0.365735 0.540501
vt 0.388955 0.218794
vt 0.131961 0.531069
vt 0.375000 0.529300
vt 0.365735 0.530077
vt 0.396485 0.227742
vt 0.131961 0.501019
vt 0.397258 0.521485
vt 0.375042 0.482701
vt 0.405077 0.259265
vt 0.406069 0.493039
vt 0.405861 0.488209
vt 0.415249 0.241586
vt 0.415501 0.259265
vt 0.415661 0.264487
vt 0.416222 0.507918
vt 0.416222 0.500000
vt 0.415848 0.488209
vt 0.426020 0.250000
vt 0.426294 0.259265
vt 0.427059 0.503522
vt 0.427059 0.500000
vt 0.426589 0.485513
vt 0.437660 0.259265
vt 0.437889 0.267299
vt 0.375000 0.175156
vt 0.500440 0.228283
vt 0.625000 0.228283
vt 0.425870 0.000000
vt 0.425870 0.153713
vt 0.426788 0.165378
vt 0.488775 0.227365
vt 0.429520 0.176756
vt 0.477397 0.224633
vt 0.466586 0.220155
vt 0.433998 0.187567
vt 0.456609 0.214041
vt 0.574130 0.324949
vt 0.199949 0.500000
s 0
usemtl Material.001
f 1685/2171/1284 1707/2172/1284 1704/2173/1284
f 1458/2174/1285 1578/2175/1285 1686/2176/1285
f 1566/2177/1286 1386/2178/1286 1446/2179/1286
f 1698/2180/1287 1392/2181/1287 1412/2182/1287
f 1397/2183/1288 1578/2175/1288 1434/2184/1288
f 1470/2185/1289 1686/2176/1289 1674/2186/1289
f 1554/2187/1290 1602/2188/1290 1590/2189/1290
f 1542/2190/1291 1614/2191/1291 1602/2188/1291
f 1530/2192/1292 1626/2193/1292 1614/2191/1292
f 1518/2194/1293 1638/2195/1293 1626/2193/1293
f 1506/2196/1294 1650/2197/1294 1638/2198/1294
f 1494/2199/1295 1662/2200/1295 1650/2197/1295
f 1482/2201/1296 1674/2186/1296 1662/2200/1296
f 1446/2179/1297 1590/2189/1297 1566/2177/1297
f 1424/2202/1298 1432/2203/1298 1404/2204/1298
f 1589/2205/1299 1567/2206/1299 1591/2207/1299
f 1591/2207/1300 1568/2208/1300 1592/2209/1300
f 1592/2209/1301 1569/2210/1301 1593/2211/1301
f 1593/2211/1302 1570/2212/1302 1594/2213/1302
f 1594/2213/1303 1571/2214/1303 1595/2215/1303
f 1595/2215/1304 1572/2216/1304 1596/2217/1304
f 1596/2217/1305 1573/2218/1305 1597/2219/1305
f 1597/2219/1306 1574/2220/1306 1598/2221/1306
f 1598/2221/1307 1575/2222/1307 1599/2223/1307
f 1599/2223/1308 1576/2224/1308 1600/2225/1308
f 1600/2225/1309 1566/2177/1309 1590/2189/1309
f 1553/2226/1310 1447/2227/1310 1445/2228/1310
f 1555/2229/1311 1448/2230/1311 1447/2227/1311
f 1556/2231/1312 1449/2232/1312 1448/2230/1312
f 1557/2233/1313 1450/2234/1313 1449/2232/1313
f 1558/2235/1314 1451/2236/1314 1450/2234/1314
f 1559/2237/1315 1452/2238/1315 1451/2239/1315
f 1560/2240/1316 1453/2241/1316 1452/2238/1316
f 1561/2242/1317 1454/2243/1317 1453/2241/1317
f 1562/2244/1318 1455/2245/1318 1454/2243/1318
f 1563/2246/1319 1456/2247/1319 1455/2245/1319
f 1564/2248/1320 1446/2179/1320 1456/2247/1320
f 1601/2249/1321 1591/2207/1321 1603/2250/1321
f 1603/2250/1322 1592/2209/1322 1604/2251/1322
f 1592/2209/1323 1605/2252/1323 1604/2251/1323
f 1593/2211/1324 1606/2253/1324 1605/2252/1324
f 1606/2253/1325 1595/2254/1325 1607/2255/1325
f 1595/2256/1326 1608/2257/1326 1607/2258/1326
f 1596/2259/1327 1609/2260/1327 1608/2257/1327
f 1597/2261/1328 1610/2262/1328 1609/2260/1328
f 1610/2262/1329 1599/2263/1329 1611/2264/1329
f 1599/2263/1330 1612/2265/1330 1611/2264/1330
f 1600/2266/1331 1602/2188/1331 1612/2265/1331
f 1541/2267/1332 1555/2229/1332 1553/2226/1332
f 1555/2229/1333 1544/2268/1333 1556/2231/1333
f 1544/2268/1334 1557/2233/1334 1556/2231/1334
f 1557/2233/1335 1546/2269/1335 1558/2235/1335
f 1546/2269/1336 1559/2270/1336 1558/2235/1336
f 1547/2271/1337 1560/2272/1337 1559/2273/1337
f 1560/2272/1338 1549/2274/1338 1561/2275/1338
f 1549/2274/1339 1562/2276/1339 1561/2275/1339
f 1562/2276/1340 1551/2277/1340 1563/2278/1340
f 1563/2278/1341 1552/2279/1341 1564/2280/1341
f 1552/2279/1342 1554/2187/1342 1564/2280/1342
f 1601/2249/1343 1615/2281/1343 1613/2282/1343
f 1603/2250/1344 1616/2283/1344 1615/2281/1344
f 1604/2251/1345 1617/2284/1345 1616/2283/1345
f 1605/2252/1346 1618/2285/1346 1617/2284/1346
f 1618/2285/1347 1607/2286/1347 1619/2287/1347
f 1607/2288/1348 1620/2289/1348 1619/2290/1348
f 1608/2291/1349 1621/2292/1349 1620/2289/1349
f 1621/2292/1350 1610/2293/1350 1622/2294/1350
f 1610/2293/1351 1623/2295/1351 1622/2294/1351
f 1623/2295/1352 1612/2296/1352 1624/2297/1352
f 1612/2296/1353 1614/2191/1353 1624/2297/1353
f 1529/2298/1354 1543/2299/1354 1541/2267/1354
f 1543/2299/1355 1532/2300/1355 1544/2268/1355
f 1532/2300/1356 1545/2301/1356 1544/2268/1356
f 1545/2301/1357 1534/2302/1357 1546/2269/1357
f 1534/2302/1358 1547/2303/1358 1546/2269/1358
f 1547/2304/1359 1536/2305/1359 1548/2306/1359
f 1548/2306/1360 1537/2307/1360 1549/2308/1360
f 1537/2307/1361 1550/2309/1361 1549/2308/1361
f 1550/2309/1362 1539/2310/1362 1551/2311/1362
f 1551/2311/1363 1540/2312/1363 1552/2313/1363
f 1552/2313/1364 1530/2192/1364 1542/2190/1364
f 1613/2282/1365 1627/2314/1365 1625/2315/1365
f 1615/2281/1366 1628/2316/1366 1627/2314/1366
f 1616/2283/1367 1629/2317/1367 1628/2316/1367
f 1617/2284/1368 1630/2318/1368 1629/2317/1368
f 1630/2318/1369 1619/2319/1369 1631/2320/1369
f 1619/2321/1370 1632/2322/1370 1631/2323/1370
f 1620/2324/1371 1633/2325/1371 1632/2322/1371
f 1633/2325/1372 1622/2326/1372 1634/2327/1372
f 1622/2326/1373 1635/2328/1373 1634/2327/1373
f 1623/2329/1374 1636/2330/1374 1635/2328/1374
f 1624/2331/1375 1626/2193/1375 1636/2330/1375
f 1529/2298/1376 1519/2332/1376 1531/2333/1376
f 1519/2332/1377 1532/2300/1377 1531/2333/1377
f 1532/2300/1378 1521/2334/1378 1533/2335/1378
f 1533/2335/1379 1522/2336/1379 1534/2302/1379
f 1522/2336/1380 1535/2337/1380 1534/2302/1380
f 1523/2338/1381 1536/2339/1381 1535/2340/1381
f 1536/2339/1382 1525/2341/1382 1537/2342/1382
f 1525/2341/1383 1538/2343/1383 1537/2342/1383
f 1526/2344/1384 1539/2345/1384 1538/2343/1384
f 1527/2346/1385 1540/2347/1385 1539/2345/1385
f 1528/2348/1386 1530/2192/1386 1540/2347/1386
f 1637/2349/1387 1627/2314/1387 1639/2350/1387
f 1627/2314/1388 1640/2351/1388 1639/2350/1388
f 1640/2351/1389 1629/2317/1389 1641/2352/1389
f 1641/2352/1390 1630/2318/1390 1642/2353/1390
f 1642/2353/1391 1631/2354/1391 1643/2355/1391
f 1643/2356/1392 1632/2357/1392 1644/2358/1392
f 1632/2357/1393 1645/2359/1393 1644/2358/1393
f 1645/2359/1394 1634/2360/1394 1646/2361/1394
f 1646/2361/1395 1635/2362/1395 1647/2363/1395
f 1647/2363/1396 1636/2364/1396 1648/2365/1396
f 1648/2365/1397 1626/2193/1397 1638/2195/1397
f 1505/2366/1398 1519/2332/1398 1517/2367/1398
f 1519/2332/1399 1508/2368/1399 1520/2369/1399
f 1508/2368/1400 1521/2334/1400 1520/2369/1400
f 1509/2370/1401 1522/2336/1401 1521/2334/1401
f 1510/2371/1402 1523/2372/1402 1522/2336/1402
f 1511/2373/1403 1524/2374/1403 1523/2375/1403
f 1524/2374/1404 1513/2376/1404 1525/2377/1404
f 1513/2376/1405 1526/2378/1405 1525/2377/1405
f 1514/2379/1406 1527/2380/1406 1526/2378/1406
f 1515/2381/1407 1528/2382/1407 1527/2380/1407
f 1516/2383/1408 1518/2194/1408 1528/2382/1408
f 1649/2384/1409 1639/2350/1409 1651/2385/1409
f 1651/2385/1410 1640/2351/1410 1652/2386/1410
f 1652/2386/1411 1641/2352/1411 1653/2387/1411
f 1641/2352/1412 1654/2388/1412 1653/2387/1412
f 1642/2353/1413 1655/2389/1413 1654/2388/1413
f 1643/2390/1414 1656/2391/1414 1655/2392/1414
f 1644/2393/1415 1657/2394/1415 1656/2391/1415
f 1645/2395/1416 1658/2396/1416 1657/2394/1416
f 1646/2397/1417 1659/2398/1417 1658/2396/1417
f 1647/2399/1418 1660/2400/1418 1659/2398/1418
f 1660/2400/1419 1638/2198/1419 1650/2197/1419
f 1493/2401/1420 1507/2402/1420 1505/2366/1420
f 1495/2403/1421 1508/2368/1421 1507/2402/1421
f 1496/2404/1422 1509/2370/1422 1508/2368/1422
f 1497/2405/1423 1510/2371/1423 1509/2370/1423
f 1510/2371/1424 1499/2406/1424 1511/2407/1424
f 1499/2408/1425 1512/2409/1425 1511/2410/1425
f 1500/2411/1426 1513/2412/1426 1512/2409/1426
f 1513/2412/1427 1502/2413/1427 1514/2414/1427
f 1514/2414/1428 1503/2415/1428 1515/2416/1428
f 1503/2415/1429 1516/2417/1429 1515/2416/1429
f 1504/2418/1430 1506/2196/1430 1516/2417/1430
f 1649/2384/1431 1663/2419/1431 1661/2420/1431
f 1651/2385/1432 1664/2421/1432 1663/2419/1432
f 1652/2386/1433 1665/2422/1433 1664/2421/1433
f 1665/2422/1434 1654/2388/1434 1666/2423/1434
f 1666/2423/1435 1655/2424/1435 1667/2425/1435
f 1655/2426/1436 1668/2427/1436 1667/2428/1436
f 1668/2427/1437 1657/2429/1437 1669/2430/1437
f 1657/2429/1438 1670/2431/1438 1669/2430/1438
f 1670/2431/1439 1659/2432/1439 1671/2433/1439
f 1659/2432/1440 1672/2434/1440 1671/2433/1440
f 1660/2435/1441 1662/2200/1441 1672/2434/1441
f 1493/2401/1442 1483/2436/1442 1495/2403/1442
f 1495/2403/1443 1484/2437/1443 1496/2404/1443
f 1496/2404/1444 1485/2438/1444 1497/2405/1444
f 1497/2405/1445 1486/2439/1445 1498/2440/1445
f 1486/2439/1446 1499/2441/1446 1498/2440/1446
f 1487/2442/1447 1500/2443/1447 1499/2444/1447
f 1488/2445/1448 1501/2446/1448 1500/2443/1448
f 1501/2446/1449 1490/2447/1449 1502/2448/1449
f 1490/2447/1450 1503/2449/1450 1502/2448/1450
f 1503/2449/1451 1492/2450/1451 1504/2451/1451
f 1492/2450/1452 1494/2199/1452 1504/2451/1452
f 1661/2420/1453 1675/2452/1453 1673/2453/1453
f 1675/2452/1454 1664/2421/1454 1676/2454/1454
f 1676/2454/1455 1665/2422/1455 1677/2455/1455
f 1677/2455/1456 1666/2423/1456 1678/2456/1456
f 1666/2423/1457 1679/2457/1457 1678/2456/1457
f 1679/2458/1458 1668/2459/1458 1680/2460/1458
f 1680/2460/1459 1669/2461/1459 1681/2462/1459
f 1669/2461/1460 1682/2463/1460 1681/2462/1460
f 1682/2463/1461 1671/2464/1461 1683/2465/1461
f 1683/2465/1462 1672/2466/1462 1684/2467/1462
f 1684/2467/1463 1662/2200/1463 1674/2186/1463
f 1481/2468/1464 1471/2469/1464 1483/2436/1464
f 1471/2469/1465 1484/2437/1465 1483/2436/1465
f 1472/2470/1466 1485/2438/1466 1484/2437/1466
f 1473/2471/1467 1486/2439/1467 1485/2438/1467
f 1486/2439/1468 1475/2472/1468 1487/2473/1468
f 1487/2474/1469 1476/2475/1469 1488/2476/1469
f 1476/2475/1470 1489/2477/1470 1488/2476/1470
f 1489/2477/1471 1478/2478/1471 1490/2479/1471
f 1478/2478/1472 1491/2480/1472 1490/2479/1472
f 1479/2481/1473 1492/2482/1473 1491/2480/1473
f 1480/2483/1474 1482/2201/1474 1492/2482/1474
f 1673/2453/1475 1687/2484/1475 1685/2171/1475
f 1687/2484/1476 1676/2454/1476 1688/2485/1476
f 1676/2454/1477 1689/2486/1477 1688/2485/1477
f 1677/2455/1478 1690/2487/1478 1689/2486/1478
f 1678/2456/1479 1691/2488/1479 1690/2487/1479
f 1691/2489/1480 1680/2490/1480 1692/2491/1480
f 1692/2491/1481 1681/2492/1481 1693/2493/1481
f 1681/2492/1482 1694/2494/1482 1693/2493/1482
f 1682/2495/1483 1695/2496/1483 1694/2494/1483
f 1695/2496/1484 1684/2497/1484 1696/2498/1484
f 1684/2497/1485 1686/2176/1485 1696/2498/1485
f 1457/2499/1486 1471/2469/1486 1469/2500/1486
f 1459/2501/1487 1472/2470/1487 1471/2469/1487
f 1460/2502/1488 1473/2471/1488 1472/2470/1488
f 1461/2503/1489 1474/2504/1489 1473/2471/1489
f 1474/2504/1490 1463/2505/1490 1475/2506/1490
f 1463/2507/1491 1476/2508/1491 1475/2509/1491
f 1464/2510/1492 1477/2511/1492 1476/2508/1492
f 1477/2511/1493 1466/2512/1493 1478/2513/1493
f 1478/2513/1494 1467/2514/1494 1479/2515/1494
f 1467/2514/1495 1480/2516/1495 1479/2515/1495
f 1480/2516/1496 1458/2174/1496 1470/2185/1496
f 1685/2171/1497 1579/2517/1497 1577/2518/1497
f 1687/2484/1498 1580/2519/1498 1579/2517/1498
f 1688/2485/1499 1581/2520/1499 1580/2519/1499
f 1689/2486/1500 1582/2521/1500 1581/2520/1500
f 1690/2487/1501 1583/2522/1501 1582/2521/1501
f 1691/2523/1502 1584/2524/1502 1583/2522/1502
f 1692/2525/1503 1585/2526/1503 1584/2524/1503
f 1693/2527/1504 1586/2528/1504 1585/2526/1504
f 1694/2529/1505 1587/2530/1505 1586/2528/1505
f 1695/2531/1506 1588/2532/1506 1587/2530/1506
f 1696/2533/1507 1578/2175/1507 1588/2532/1507
f 1457/2499/1508 1435/2534/1508 1459/2501/1508
f 1459/2501/1509 1436/2535/1509 1460/2502/1509
f 1460/2502/1510 1437/2536/1510 1461/2503/1510
f 1461/2503/1511 1438/2537/1511 1462/2538/1511
f 1462/2538/1512 1439/2539/1512 1463/2540/1512
f 1463/2540/1513 1440/2541/1513 1464/2542/1513
f 1464/2542/1514 1441/2543/1514 1465/2544/1514
f 1465/2544/1515 1442/2545/1515 1466/2546/1515
f 1466/2546/1516 1443/2547/1516 1467/2548/1516
f 1467/2548/1517 1444/2549/1517 1468/2550/1517
f 1468/2550/1518 1434/2184/1518 1458/2174/1518
f 1445/2228/1519 1387/2551/1519 1385/2552/1519
f 1447/2227/1520 1388/2553/1520 1387/2551/1520
f 1448/2230/1521 1389/2554/1521 1388/2553/1521
f 1449/2232/1522 1390/2555/1522 1389/2554/1522
f 1450/2234/1523 1391/2556/1523 1390/2555/1523
f 1451/2557/1524 1392/2558/1524 1391/2559/1524
f 1452/2560/1525 1393/2561/1525 1392/2558/1525
f 1453/2562/1526 1394/2563/1526 1393/2561/1526
f 1454/2564/1527 1395/2565/1527 1394/2563/1527
f 1455/2566/1528 1396/2567/1528 1395/2565/1528
f 1456/2568/1529 1386/2178/1529 1396/2567/1529
f 1565/2569/1530 1420/2570/1530 1567/2206/1530
f 1567/2206/1531 1419/2571/1531 1568/2208/1531
f 1568/2208/1532 1418/2572/1532 1569/2210/1532
f 1569/2210/1533 1417/2573/1533 1570/2212/1533
f 1570/2212/1534 1416/2574/1534 1571/2214/1534
f 1571/2214/1535 1415/2575/1535 1572/2216/1535
f 1572/2216/1536 1414/2576/1536 1573/2218/1536
f 1573/2218/1537 1413/2577/1537 1574/2220/1537
f 1574/2220/1538 1412/2578/1538 1575/2222/1538
f 1575/2222/1539 1411/2579/1539 1576/2224/1539
f 1576/2224/1540 1409/2580/1540 1566/2177/1540
f 1397/2183/1541 1444/2549/1541 1399/2581/1541
f 1399/2581/1542 1443/2547/1542 1400/2582/1542
f 1400/2582/1543 1442/2545/1543 1401/2583/1543
f 1401/2583/1544 1441/2543/1544 1402/2584/1544
f 1402/2584/1545 1440/2541/1545 1403/2585/1545
f 1403/2585/1546 1439/2539/1546 1404/2586/1546
f 1404/2586/1547 1438/2537/1547 1405/2587/1547
f 1405/2587/1548 1437/2536/1548 1406/2588/1548
f 1406/2588/1549 1436/2535/1549 1407/2589/1549
f 1407/2589/1550 1435/2534/1550 1408/2590/1550
f 1408/2590/1551 1433/2591/1551 1398/2592/1551
f 1577/2518/1552 1423/2593/1552 1421/2594/1552
f 1579/2517/1553 1424/2595/1553 1423/2593/1553
f 1580/2519/1554 1425/2596/1554 1424/2595/1554
f 1581/2520/1555 1426/2597/1555 1425/2596/1555
f 1582/2521/1556 1427/2598/1556 1426/2597/1556
f 1583/2522/1557 1428/2599/1557 1427/2598/1557
f 1584/2524/1558 1429/2600/1558 1428/2599/1558
f 1585/2526/1559 1430/2601/1559 1429/2600/1559
f 1586/2528/1560 1431/2602/1560 1430/2601/1560
f 1587/2530/1561 1432/2603/1561 1431/2602/1561
f 1588/2532/1562 1422/2604/1562 1432/2603/1562
f 1457/2499/1563 1719/2605/1563 1721/2606/1563
f 1701/2633/1284 1698/2634/1284 1410/2635/1284
f 1410/2635/1284 1565/2569/1284 1589/2205/1284
f 1589/2205/1284 1601/2249/1284 1613/2282/1284
f 1613/2282/1284 1625/2315/1284 1637/2349/1284
f 1637/2349/1284 1649/2384/1284 1661/2420/1284
f 1661/2420/1284 1673/2453/1284 1685/2171/1284
f 1685/2171/1284 1577/2518/1284 1421/2594/1284
f 1421/2594/1284 1697/2636/1284 1700/2637/1284
f 1685/2171/1284 1421/2594/1284 1700/2637/1284
f 1637/2349/1284 1661/2420/1284 1685/2171/1284
f 1589/2205/1284 1613/2282/1284 1637/2349/1284
f 1701/2633/1284 1410/2635/1284 1589/2205/1284
f 1703/2638/1284 1701/2633/1284 1589/2205/1284
f 1589/2205/1284 1637/2349/1284 1685/2171/1284
f 1685/2171/1284 1700/2637/1284 1699/2639/1284
f 1685/2171/1284 1699/2639/1284 1708/2640/1284
f 1703/2638/1284 1589/2205/1284 1685/2171/1284
f 1702/2641/1284 1703/2638/1284 1685/2171/1284
f 1685/2171/1284 1708/2640/1284 1709/2642/1284
f 1685/2171/1284 1709/2642/1284 1706/2643/1284
f 1705/2644/1284 1702/2641/1284 1685/2171/1284
f 1704/2173/1284 1705/2644/1284 1685/2171/1284
f 1685/2171/1284 1706/2643/1284 1707/2172/1284
f 1458/2174/1285 1434/2184/1285 1578/2175/1285
f 1566/2177/1286 1409/2580/1286 1386/2178/1286
f 1418/2645/1287 1419/2646/1287 1420/2647/1287
f 1420/2647/1287 1410/2635/1287 1698/2180/1287
f 1698/2180/1287 1710/2648/1287 1385/2649/1287
f 1385/2649/1287 1387/2650/1287 1388/2651/1287
f 1388/2651/1287 1389/2652/1287 1390/2653/1287
f 1390/2653/1287 1391/2654/1287 1392/2181/1287
f 1392/2181/1287 1393/2655/1287 1394/2656/1287
f 1394/2656/1287 1395/2657/1287 1396/2658/1287
f 1396/2658/1287 1386/2659/1287 1409/2660/1287
f 1409/2660/1287 1411/2661/1287 1412/2182/1287
f 1412/2182/1287 1413/2662/1287 1414/2663/1287
f 1414/2663/1287 1415/2664/1287 1416/2665/1287
f 1416/2665/1287 1417/2666/1287 1418/2645/1287
f 1418/2645/1287 1420/2647/1287 1698/2180/1287
f 1698/2180/1287 1385/2649/1287 1388/2651/1287
f 1388/2651/1287 1390/2653/1287 1392/2181/1287
f 1392/2181/1287 1394/2656/1287 1396/2658/1287
f 1396/2658/1287 1409/2660/1287 1412/2182/1287
f 1412/2182/1287 1414/2663/1287 1416/2665/1287
f 1416/2665/1287 1418/2645/1287 1698/2180/1287
f 1698/2180/1287 1388/2651/1287 1392/2181/1287
f 1392/2181/1287 1396/2658/1287 1412/2182/1287
f 1412/2182/1287 1416/2665/1287 1698/2180/1287
f 1397/2183/1288 1422/2604/1288 1578/2175/1288
f 1470/2185/1289 1458/2174/1289 1686/2176/1289
f 1554/2187/1290 1542/2190/1290 1602/2188/1290
f 1542/2190/1291 1530/2192/1291 1614/2191/1291
f 1530/2192/1292 1518/2194/1292 1626/2193/1292
f 1518/2194/1293 1506/2667/1293 1638/2195/1293
f 1506/2196/1294 1494/2199/1294 1650/2197/1294
f 1494/2199/1295 1482/2201/1295 1662/2200/1295
f 1482/2201/1296 1470/2185/1296 1674/2186/1296
f 1446/2179/1297 1554/2187/1297 1590/2189/1297
f 1711/2668/1298 1697/2669/1298 1421/2594/1298
f 1421/2594/1298 1423/2670/1298 1424/2202/1298
f 1424/2202/1298 1425/2671/1298 1426/2672/1298
f 1426/2672/1298 1427/2673/1298 1428/2674/1298
f 1428/2674/1298 1429/2675/1298 1430/2676/1298
f 1430/2676/1298 1431/2677/1298 1432/2203/1298
f 1432/2203/1298 1422/2678/1298 1397/2679/1298
f 1397/2679/1298 1399/2680/1298 1400/2681/1298
f 1400/2681/1298 1401/2682/1298 1402/2683/1298
f 1402/2683/1298 1403/2684/1298 1404/2204/1298
f 1404/2204/1298 1405/2685/1298 1406/2686/1298
f 1406/2686/1298 1407/2687/1298 1408/2688/1298
f 1408/2688/1298 1398/2689/1298 1711/2668/1298
f 1711/2668/1298 1421/2594/1298 1424/2202/1298
f 1424/2202/1298 1426/2672/1298 1428/2674/1298
f 1428/2674/1298 1430/2676/1298 1432/2203/1298
f 1432/2203/1298 1397/2679/1298 1400/2681/1298
f 1400/2681/1298 1402/2683/1298 1404/2204/1298
f 1404/2204/1298 1406/2686/1298 1408/2688/1298
f 1408/2688/1298 1711/2668/1298 1424/2202/1298
f 1424/2202/1298 1428/2674/1298 1432/2203/1298
f 1432/2203/1298 1400/2681/1298 1404/2204/1298
f 1404/2204/1298 1408/2688/1298 1424/2202/1298
f 1589/2205/1299 1565/2569/1299 1567/2206/1299
f 1591/2207/1300 1567/2206/1300 1568/2208/1300
f 1592/2209/1301 1568/2208/1301 1569/2210/1301
f 1593/2211/1302 1569/2210/1302 1570/2212/1302
f 1594/2213/1303 1570/2212/1303 1571/2214/1303
f 1595/2215/1304 1571/2214/1304 1572/2216/1304
f 1596/2217/1305 1572/2216/1305 1573/2218/1305
f 1597/2219/1306 1573/2218/1306 1574/2220/1306
f 1598/2221/1307 1574/2220/1307 1575/2222/1307
f 1599/2223/1308 1575/2222/1308 1576/2224/1308
f 1600/2225/1309 1576/2224/1309 1566/2177/1309
f 1553/2226/1310 1555/2229/1310 1447/2227/1310
f 1555/2229/1311 1556/2231/1311 1448/2230/1311
f 1556/2231/1312 1557/2233/1312 1449/2232/1312
f 1557/2233/1313 1558/2235/1313 1450/2234/1313
f 1558/2235/1314 1559/2690/1314 1451/2236/1314
f 1559/2237/1315 1560/2240/1315 1452/2238/1315
f 1560/2240/1316 1561/2242/1316 1453/2241/1316
f 1561/2242/1317 1562/2244/1317 1454/2243/1317
f 1562/2244/1318 1563/2246/1318 1455/2245/1318
f 1563/2246/1319 1564/2248/1319 1456/2247/1319
f 1564/2248/1320 1554/2187/1320 1446/2179/1320
f 1601/2249/1321 1589/2205/1321 1591/2207/1321
f 1603/2250/1322 1591/2207/1322 1592/2209/1322
f 1592/2209/1323 1593/2211/1323 1605/2252/1323
f 1593/2211/1324 1594/2213/1324 1606/2253/1324
f 1606/2253/1325 1594/2213/1325 1595/2254/1325
f 1595/2256/1326 1596/2259/1326 1608/2257/1326
f 1596/2259/1327 1597/2261/1327 1609/2260/1327
f 1597/2261/1574 1598/2691/1574 1610/2262/1574
f 1610/2262/1329 1598/2691/1329 1599/2263/1329
f 1599/2263/1330 1600/2266/1330 1612/2265/1330
f 1600/2266/1575 1590/2189/1575 1602/2188/1575
f 1541/2267/1332 1543/2299/1332 1555/2229/1332
f 1555/2229/1333 1543/2299/1333 1544/2268/1333
f 1544/2268/1334 1545/2301/1334 1557/2233/1334
f 1557/2233/1335 1545/2301/1335 1546/2269/1335
f 1546/2269/1336 1547/2692/1336 1559/2270/1336
f 1547/2271/1337 1548/2693/1337 1560/2272/1337
f 1560/2272/1338 1548/2693/1338 1549/2274/1338
f 1549/2274/1339 1550/2694/1339 1562/2276/1339
f 1562/2276/1340 1550/2694/1340 1551/2277/1340
f 1563/2278/1341 1551/2277/1341 1552/2279/1341
f 1552/2279/1576 1542/2190/1576 1554/2187/1576
f 1601/2249/1343 1603/2250/1343 1615/2281/1343
f 1603/2250/1344 1604/2251/1344 1616/2283/1344
f 1604/2251/1345 1605/2252/1345 1617/2284/1345
f 1605/2252/1346 1606/2253/1346 1618/2285/1346
f 1618/2285/1347 1606/2253/1347 1607/2286/1347
f 1607/2288/1348 1608/2291/1348 1620/2289/1348
f 1608/2291/1349 1609/2695/1349 1621/2292/1349
f 1621/2292/1350 1609/2695/1350 1610/2293/1350
f 1610/2293/1351 1611/2696/1351 1623/2295/1351
f 1623/2295/1352 1611/2696/1352 1612/2296/1352
f 1612/2296/1353 1602/2188/1353 1614/2191/1353
f 1529/2298/1354 1531/2333/1354 1543/2299/1354
f 1543/2299/1355 1531/2333/1355 1532/2300/1355
f 1532/2300/1356 1533/2335/1356 1545/2301/1356
f 1545/2301/1357 1533/2335/1357 1534/2302/1357
f 1534/2302/1358 1535/2697/1358 1547/2303/1358
f 1547/2304/1359 1535/2698/1359 1536/2305/1359
f 1548/2306/1360 1536/2305/1360 1537/2307/1360
f 1537/2307/1361 1538/2699/1361 1550/2309/1361
f 1550/2309/1362 1538/2699/1362 1539/2310/1362
f 1551/2311/1363 1539/2310/1363 1540/2312/1363
f 1552/2313/1364 1540/2312/1364 1530/2192/1364
f 1613/2282/1365 1615/2281/1365 1627/2314/1365
f 1615/2281/1366 1616/2283/1366 1628/2316/1366
f 1616/2283/1367 1617/2284/1367 1629/2317/1367
f 1617/2284/1368 1618/2285/1368 1630/2318/1368
f 1630/2318/1369 1618/2285/1369 1619/2319/1369
f 1619/2321/1370 1620/2324/1370 1632/2322/1370
f 1620/2324/1371 1621/2700/1371 1633/2325/1371
f 1633/2325/1372 1621/2700/1372 1622/2326/1372
f 1622/2326/1373 1623/2329/1373 1635/2328/1373
f 1623/2329/1374 1624/2331/1374 1636/2330/1374
f 1624/2331/1375 1614/2191/1375 1626/2193/1375
f 1529/2298/1376 1517/2367/1376 1519/2332/1376
f 1519/2332/1377 1520/2369/1377 1532/2300/1377
f 1532/2300/1378 1520/2369/1378 1521/2334/1378
f 1533/2335/1379 1521/2334/1379 1522/2336/1379
f 1522/2336/1380 1523/2701/1380 1535/2337/1380
f 1523/2338/1381 1524/2702/1381 1536/2339/1381
f 1536/2339/1382 1524/2702/1382 1525/2341/1382
f 1525/2341/1383 1526/2344/1383 1538/2343/1383
f 1526/2344/1384 1527/2346/1384 1539/2345/1384
f 1527/2346/1385 1528/2348/1385 1540/2347/1385
f 1528/2348/1386 1518/2194/1386 1530/2192/1386
f 1637/2349/1387 1625/2315/1387 1627/2314/1387
f 1627/2314/1388 1628/2316/1388 1640/2351/1388
f 1640/2351/1389 1628/2316/1389 1629/2317/1389
f 1641/2352/1390 1629/2317/1390 1630/2318/1390
f 1642/2353/1391 1630/2318/1391 1631/2354/1391
f 1643/2356/1392 1631/2703/1392 1632/2357/1392
f 1632/2357/1393 1633/2704/1393 1645/2359/1393
f 1645/2359/1394 1633/2704/1394 1634/2360/1394
f 1646/2361/1395 1634/2360/1395 1635/2362/1395
f 1647/2363/1396 1635/2362/1396 1636/2364/1396
f 1648/2365/1397 1636/2364/1397 1626/2193/1397
f 1505/2366/1398 1507/2402/1398 1519/2332/1398
f 1519/2332/1399 1507/2402/1399 1508/2368/1399
f 1508/2368/1400 1509/2370/1400 1521/2334/1400
f 1509/2370/1401 1510/2371/1401 1522/2336/1401
f 1510/2371/1402 1511/2705/1402 1523/2372/1402
f 1511/2373/1403 1512/2706/1403 1524/2374/1403
f 1524/2374/1404 1512/2706/1404 1513/2376/1404
f 1513/2376/1405 1514/2379/1405 1526/2378/1405
f 1514/2379/1406 1515/2381/1406 1527/2380/1406
f 1515/2381/1407 1516/2383/1407 1528/2382/1407
f 1516/2383/1408 1506/2667/1408 1518/2194/1408
f 1649/2384/1409 1637/2349/1409 1639/2350/1409
f 1651/2385/1410 1639/2350/1410 1640/2351/1410
f 1652/2386/1411 1640/2351/1411 1641/2352/1411
f 1641/2352/1412 1642/2353/1412 1654/2388/1412
f 1642/2353/1413 1643/2707/1413 1655/2389/1413
f 1643/2390/1414 1644/2393/1414 1656/2391/1414
f 1644/2393/1415 1645/2395/1415 1657/2394/1415
f 1645/2395/1416 1646/2397/1416 1658/2396/1416
f 1646/2397/1417 1647/2399/1417 1659/2398/1417
f 1647/2399/1418 1648/2708/1418 1660/2400/1418
f 1660/2400/1419 1648/2708/1419 1638/2198/1419
f 1493/2401/1420 1495/2403/1420 1507/2402/1420
f 1495/2403/1421 1496/2404/1421 1508/2368/1421
f 1496/2404/1422 1497/2405/1422 1509/2370/1422
f 1497/2405/1423 1498/2440/1423 1510/2371/1423
f 1510/2371/1424 1498/2440/1424 1499/2406/1424
f 1499/2408/1425 1500/2411/1425 1512/2409/1425
f 1500/2411/1426 1501/2709/1426 1513/2412/1426
f 1513/2412/1427 1501/2709/1427 1502/2413/1427
f 1514/2414/1428 1502/2413/1428 1503/2415/1428
f 1503/2415/1429 1504/2418/1429 1516/2417/1429
f 1504/2418/1430 1494/2199/1430 1506/2196/1430
f 1649/2384/1431 1651/2385/1431 1663/2419/1431
f 1651/2385/1432 1652/2386/1432 1664/2421/1432
f 1652/2386/1433 1653/2387/1433 1665/2422/1433
f 1665/2422/1434 1653/2387/1434 1654/2388/1434
f 1666/2423/1435 1654/2388/1435 1655/2424/1435
f 1655/2426/1436 1656/2710/1436 1668/2427/1436
f 1668/2427/1437 1656/2710/1437 1657/2429/1437
f 1657/2429/1438 1658/2711/1438 1670/2431/1438
f 1670/2431/1439 1658/2711/1439 1659/2432/1439
f 1659/2432/1440 1660/2435/1440 1672/2434/1440
f 1660/2435/1441 1650/2197/1441 1662/2200/1441
f 1493/2401/1442 1481/2468/1442 1483/2436/1442
f 1495/2403/1443 1483/2436/1443 1484/2437/1443
f 1496/2404/1444 1484/2437/1444 1485/2438/1444
f 1497/2405/1445 1485/2438/1445 1486/2439/1445
f 1486/2439/1446 1487/2712/1446 1499/2441/1446
f 1487/2442/1447 1488/2445/1447 1500/2443/1447
f 1488/2445/1448 1489/2713/1448 1501/2446/1448
f 1501/2446/1449 1489/2713/1449 1490/2447/1449
f 1490/2447/1450 1491/2714/1450 1503/2449/1450
f 1503/2449/1451 1491/2714/1451 1492/2450/1451
f 1492/2450/1577 1482/2201/1577 1494/2199/1577
f 1661/2420/1453 1663/2419/1453 1675/2452/1453
f 1675/2452/1454 1663/2419/1454 1664/2421/1454
f 1676/2454/1455 1664/2421/1455 1665/2422/1455
f 1677/2455/1456 1665/2422/1456 1666/2423/1456
f 1666/2423/1457 1667/2715/1457 1679/2457/1457
f 1679/2458/1458 1667/2716/1458 1668/2459/1458
f 1680/2460/1459 1668/2459/1459 1669/2461/1459
f 1669/2461/1460 1670/2717/1460 1682/2463/1460
f 1682/2463/1461 1670/2717/1461 1671/2464/1461
f 1683/2465/1462 1671/2464/1462 1672/2466/1462
f 1684/2467/1463 1672/2466/1463 1662/2200/1463
f 1481/2468/1464 1469/2500/1464 1471/2469/1464
f 1471/2469/1465 1472/2470/1465 1484/2437/1465
f 1472/2470/1466 1473/2471/1466 1485/2438/1466
f 1473/2471/1467 1474/2504/1467 1486/2439/1467
f 1486/2439/1468 1474/2504/1468 1475/2472/1468
f 1487/2474/1469 1475/2718/1469 1476/2475/1469
f 1476/2475/1470 1477/2719/1470 1489/2477/1470
f 1489/2477/1471 1477/2719/1471 1478/2478/1471
f 1478/2478/1472 1479/2481/1472 1491/2480/1472
f 1479/2481/1473 1480/2483/1473 1492/2482/1473
f 1480/2483/1474 1470/2185/1474 1482/2201/1474
f 1673/2453/1475 1675/2452/1475 1687/2484/1475
f 1687/2484/1476 1675/2452/1476 1676/2454/1476
f 1676/2454/1477 1677/2455/1477 1689/2486/1477
f 1677/2455/1478 1678/2456/1478 1690/2487/1478
f 1678/2456/1479 1679/2720/1479 1691/2488/1479
f 1691/2489/1480 1679/2721/1480 1680/2490/1480
f 1692/2491/1481 1680/2490/1481 1681/2492/1481
f 1681/2492/1482 1682/2495/1482 1694/2494/1482
f 1682/2495/1483 1683/2722/1483 1695/2496/1483
f 1695/2496/1484 1683/2722/1484 1684/2497/1484
f 1684/2497/1578 1674/2186/1578 1686/2176/1578
f 1457/2499/1486 1459/2501/1486 1471/2469/1486
f 1459/2501/1487 1460/2502/1487 1472/2470/1487
f 1460/2502/1488 1461/2503/1488 1473/2471/1488
f 1461/2503/1489 1462/2538/1489 1474/2504/1489
f 1474/2504/1490 1462/2538/1490 1463/2505/1490
f 1463/2507/1491 1464/2510/1491 1476/2508/1491
f 1464/2510/1492 1465/2723/1492 1477/2511/1492
f 1477/2511/1493 1465/2723/1493 1466/2512/1493
f 1478/2513/1494 1466/2512/1494 1467/2514/1494
f 1467/2514/1495 1468/2724/1495 1480/2516/1495
f 1480/2516/1579 1468/2724/1579 1458/2174/1579
f 1685/2171/1497 1687/2484/1497 1579/2517/1497
f 1687/2484/1498 1688/2485/1498 1580/2519/1498
f 1688/2485/1499 1689/2486/1499 1581/2520/1499
f 1689/2486/1500 1690/2487/1500 1582/2521/1500
f 1690/2487/1501 1691/2523/1501 1583/2522/1501
f 1691/2523/1502 1692/2525/1502 1584/2524/1502
f 1692/2525/1503 1693/2527/1503 1585/2526/1503
f 1693/2527/1504 1694/2529/1504 1586/2528/1504
f 1694/2529/1505 1695/2531/1505 1587/2530/1505
f 1695/2531/1506 1696/2533/1506 1588/2532/1506
f 1696/2533/1507 1686/2176/1507 1578/2175/1507
f 1457/2499/1508 1433/2591/1508 1435/2534/1508
f 1459/2501/1509 1435/2534/1509 1436/2535/1509
f 1460/2502/1510 1436/2535/1510 1437/2536/1510
f 1461/2503/1511 1437/2536/1511 1438/2537/1511
f 1462/2538/1512 1438/2537/1512 1439/2539/1512
f 1463/2540/1513 1439/2539/1513 1440/2541/1513
f 1464/2542/1514 1440/2541/1514 1441/2543/1514
f 1465/2544/1515 1441/2543/1515 1442/2545/1515
f 1466/2546/1516 1442/2545/1516 1443/2547/1516
f 1467/2548/1580 1443/2547/1580 1444/2549/1580
f 1468/2550/1518 1444/2549/1518 1434/2184/1518
f 1445/2228/1519 1447/2227/1519 1387/2551/1519
f 1447/2227/1520 1448/2230/1520 1388/2553/1520
f 1448/2230/1521 1449/2232/1521 1389/2554/1521
f 1449/2232/1522 1450/2234/1522 1390/2555/1522
f 1450/2234/1523 1451/2725/1523 1391/2556/1523
f 1451/2557/1524 1452/2560/1524 1392/2558/1524
f 1452/2560/1525 1453/2562/1525 1393/2561/1525
f 1453/2562/1526 1454/2564/1526 1394/2563/1526
f 1454/2564/1581 1455/2566/1581 1395/2565/1581
f 1455/2566/1528 1456/2568/1528 1396/2567/1528
f 1456/2568/1529 1446/2179/1529 1386/2178/1529
f 1565/2569/1530 1410/2635/1530 1420/2570/1530
f 1567/2206/1531 1420/2570/1531 1419/2571/1531
f 1568/2208/1532 1419/2571/1532 1418/2572/1532
f 1569/2210/1533 1418/2572/1533 1417/2573/1533
f 1570/2212/1534 1417/2573/1534 1416/2574/1534
f 1571/2214/1535 1416/2574/1535 1415/2575/1535
f 1572/2216/1536 1415/2575/1536 1414/2576/1536
f 1573/2218/1537 1414/2576/1537 1413/2577/1537
f 1574/2220/1582 1413/2577/1582 1412/2578/1582
f 1575/2222/1539 1412/2578/1539 1411/2579/1539
f 1576/2224/1540 1411/2579/1540 1409/2580/1540
f 1397/2183/1541 1434/2184/1541 1444/2549/1541
f 1399/2581/1542 1444/2549/1542 1443/2547/1542
f 1400/2582/1543 1443/2547/1543 1442/2545/1543
f 1401/2583/1544 1442/2545/1544 1441/2543/1544
f 1402/2584/1545 1441/2543/1545 1440/2541/1545
f 1403/2585/1546 1440/2541/1546 1439/2539/1546
f 1404/2586/1547 1439/2539/1547 1438/2537/1547
f 1405/2587/1548 1438/2537/1548 1437/2536/1548
f 1406/2588/1549 1437/2536/1549 1436/2535/1549
f 1407/2589/1550 1436/2535/1550 1435/2534/1550
f 1408/2590/1551 1435/2534/1551 1433/2591/1551
f 1577/2518/1552 1579/2517/1552 1423/2593/1552
f 1579/2517/1553 1580/2519/1553 1424/2595/1553
f 1580/2519/1554 1581/2520/1554 1425/2596/1554
f 1581/2520/1555 1582/2521/1555 1426/2597/1555
f 1582/2521/1556 1583/2522/1556 1427/2598/1556
f 1583/2522/1557 1584/2524/1557 1428/2599/1557
f 1584/2524/1558 1585/2526/1558 1429/2600/1558
f 1585/2526/1559 1586/2528/1559 1430/2601/1559
f 1586/2528/1560 1587/2530/1560 1431/2602/1560
f 1587/2530/1561 1588/2532/1561 1432/2603/1561
f 1588/2532/1562 1578/2175/1562 1422/2604/1562
f 1715/2726/1563 1711/2727/1563 1398/2592/1563
f 1398/2592/1563 1433/2591/1563 1457/2499/1563
f 1457/2499/1563 1469/2500/1563 1481/2468/1563
f 1481/2468/1563 1493/2401/1563 1505/2366/1563
f 1505/2366/1563 1517/2367/1563 1529/2298/1563
f 1529/2298/1563 1541/2267/1563 1553/2226/1563
f 1553/2226/1563 1445/2228/1563 1385/2552/1563
f 1385/2552/1563 1710/2728/1563 1716/2729/1563
f 1385/2552/1563 1716/2729/1563 1718/2730/1563
f 1529/2298/1563 1553/2226/1563 1385/2552/1563
f 1481/2468/1563 1505/2366/1563 1529/2298/1563
f 1715/2726/1563 1398/2592/1563 1457/2499/1563
f 1714/2731/1563 1715/2726/1563 1457/2499/1563
f 1457/2499/1563 1481/2468/1563 1529/2298/1563
f 1529/2298/1563 1385/2552/1563 1718/2730/1563
f 1529/2298/1563 1718/2730/1563 1717/2732/1563
f 1712/2733/1563 1714/2731/1563 1457/2499/1563
f 1713/2734/1563 1712/2733/1563 1457/2499/1563
f 1457/2499/1563 1529/2298/1563 1717/2732/1563
f 1457/2499/1563 1717/2732/1563 1722/2735/1563
f 1720/2736/1563 1713/2734/1563 1457/2499/1563
f 1721/2606/1563 1720/2736/1563 1457/2499/1563
f 1457/2499/1563 1722/2735/1563 1719/2605/1563
usemtl 
f 1697/2607/1287 1715/2608/1287 1700/2609/1287
f 1703/2610/1564 1716/2611/1564 1701/2612/1564
f 1702/2613/1565 1718/2614/1565 1703/2610/1565
f 1705/2615/1566 1717/2616/1566 1702/2613/1566
f 1704/2617/1567 1722/2618/1567 1705/2615/1567
f 1707/2619/1568 1719/2620/1568 1704/2617/1568
f 1706/2621/1569 1721/2622/1569 1707/2623/1569
f 1709/2624/1570 1720/2625/1570 1706/2621/1570
f 1708/2626/1571 1713/2627/1571 1709/2624/1571
f 1699/2628/1572 1712/2629/1572 1708/2626/1572
f 1700/2609/1573 1714/2630/1573 1699/2628/1573
f 1701/2612/1298 1710/2631/1298 1698/2632/1298
f 1697/2607/1287 1711/2737/1287 1715/2608/1287
f 1703/2610/1564 1718/2614/1564 1716/2611/1564
f 1702/2613/1565 1717/2616/1565 1718/2614/1565
f 1705/2615/1566 1722/2618/1566 1717/2616/1566
f 1704/2617/1567 1719/2620/1567 1722/2618/1567
f 1707/2619/1568 1721/2738/1568 1719/2620/1568
f 1706/2621/1569 1720/2625/1569 1721/2622/1569
f 1709/2624/1570 1713/2627/1570 1720/2625/1570
f 1708/2626/1571 1712/2629/1571 1713/2627/1571
f 1699/2628/1572 1714/2630/1572 1712/2629/1572
f 1700/2609/1573 1715/2608/1573 1714/2630/1573
f 1701/2612/1298 1716/2611/1298 1710/2631/1298
o Cube.005
v -0.031703 -0.328203 0.259984
v -0.031703 -0.125619 0.321626
v -0.031703 -0.312129 0.207158
v -0.031703 -0.109545 0.268801
v 0.031703 -0.328203 0.259984
v 0.031703 -0.125619 0.321626
v 0.031703 -0.312129 0.207158
v 0.031703 -0.109545 0.268801
vn -1.0000 -0.0000 -0.0000
vn -0.0000 0.2911 -0.9567
vn 1.0000 -0.0000 -0.0000
vn -0.0000 -0.2911 0.9567
vn -0.0000 -0.9567 -0.2911
vn -0.0000 0.9567 0.2911
vt 0.625000 0.000000
vt 0.375000 0.250000
vt 0.375000 0.000000
vt 0.625000 0.250000
vt 0.375000 0.500000
vt 0.625000 0.500000
vt 0.375000 0.750000
vt 0.625000 0.750000
vt 0.375000 1.000000
vt 0.125000 0.750000
vt 0.125000 0.500000
vt 0.875000 0.500000
vt 0.625000 1.000000
vt 0.875000 0.750000
s 0
usemtl Material
f 1724/2739/1583 1725/2740/1583 1723/2741/1583
f 1726/2742/1584 1729/2743/1584 1725/2740/1584
f 1730/2744/1585 1727/2745/1585 1729/2743/1585
f 1728/2746/1586 1723/2747/1586 1727/2745/1586
f 1729/2743/1587 1723/2748/1587 1725/2749/1587
f 1726/2750/1588 1728/2746/1588 1730/2744/1588
f 1724/2739/1583 1726/2742/1583 1725/2740/1583
f 1726/2742/1584 1730/2744/1584 1729/2743/1584
f 1730/2744/1585 1728/2746/1585 1727/2745/1585
f 1728/2746/1586 1724/2751/1586 1723/2747/1586
f 1729/2743/1587 1727/2745/1587 1723/2748/1587
f 1726/2750/1588 1724/2752/1588 1728/2746/1588
o Cube.006
v -0.031703 -0.421656 0.191503
v -0.031703 -0.327220 0.258817
v -0.031703 -0.389606 0.146540
v -0.031703 -0.295170 0.213853
v 0.031703 -0.421656 0.191503
v 0.031703 -0.327220 0.258817
v 0.031703 -0.389606 0.146540
v 0.031703 -0.295170 0.213853
vn -1.0000 -0.0000 -0.0000
vn -0.0000 0.5804 -0.8143
vn 1.0000 -0.0000 -0.0000
vn -0.0000 -0.5804 0.8143
vn -0.0000 -0.8143 -0.5804
vn -0.0000 0.8143 0.5804
vt 0.625000 0.000000
vt 0.375000 0.250000
vt 0.375000 0.000000
vt 0.625000 0.250000
vt 0.375000 0.500000
vt 0.625000 0.500000
vt 0.375000 0.750000
vt 0.625000 0.750000
vt 0.375000 1.000000
vt 0.125000 0.750000
vt 0.125000 0.500000
vt 0.875000 0.500000
vt 0.625000 1.000000
vt 0.875000 0.750000
s 0
usemtl Material
f 1732/2753/1589 1733/2754/1589 1731/2755/1589
f 1734/2756/1590 1737/2757/1590 1733/2754/1590
f 1738/2758/1591 1735/2759/1591 1737/2757/1591
f 1736/2760/1592 1731/2761/1592 1735/2759/1592
f 1737/2757/1593 1731/2762/1593 1733/2763/1593
f 1734/2764/1594 1736/2760/1594 1738/2758/1594
f 1732/2753/1589 1734/2756/1589 1733/2754/1589
f 1734/2756/1590 1738/2758/1590 1737/2757/1590
f 1738/2758/1591 1736/2760/1591 1735/2759/1591
f 1736/2760/1592 1732/2765/1592 1731/2761/1592
f 1737/2757/1593 1735/2759/1593 1731/2762/1593
f 1734/2764/1594 1732/2766/1594 1736/2760/1594
